6.42856,0.529035,8.27687,7.35894,2.41134,3.75943,2.68765,0.276307,4.42346,9.85525,0.574324,4.13218,7.07648,0.903255,9.32505,5.32269,5.95669,2.34331,1.98376,0.274042,3.29721,0.250074,6.87968,0.85728,3.88206,9.50013,3.18277,0.287357,2.51569,0.802985,2.8613,0.2266,2.32847,1.69044,6.71289,1.57964,3.46308,0.274464,6.48118,1.65307,0.830588,0.414646,0.59591,1.04887,8.48897,1.88184,4.34266,0.515484,2.62505,0.404444,0.681201,2.69818,1.27253,0.906897,4.61052,10.0126,10.4982,0.445116,4.61317,0.346506,0.547247,1.08712,1.13083,9.65238,4.81244,2.18754,2.50129,9.28101,1.09156,9.05605,6.34975,0.269819,12.1293,0.602839,2.35749,0.666515,4.24065,1.19955,0.397575,0.732527,2.6329,7.78222,0.517485,9.51121,2.36681,2.75339,0.342639,0.535242,7.76993,1.01723,0.228078,2.98531,11.1096,0.302599,3.6461,0.337903,5.01096,9.70152,2.07099,7.80732,0.348461
1.08062,9.98426,11.4088,1.63653,0.949013,7.21164,0.479079,0.334813,0.676282,0.542086,3.04149,1.02311,1.88673,4.14833,0.31909,1.33186,7.93482,0.727048,2.02695,7.99522,0.360133,0.336128,0.254708,0.997655,9.711,0.305124,1.78504,0.863902,0.226604,1.07451,1.91994,6.0641,0.232833,6.84742,11.2033,0.31453,0.309303,0.494494,1.78481,2.26032,8.11659,8.31976,5.29124,3.04585,1.62764,4.39584,3.90384,8.01681,5.49052,0.930316,0.290557,0.379657,6.08637,0.31475,5.69227,2.76552,1.08098,2.19758,1.62998,3.31843,1.63745,0.36937,0.309056,0.317183,0.654025,6.41988,1.81452,3.7664,9.73177,1.96744,0.340046,4.58932,0.448406,0.264131,0.524681,2.53077,1.54311,5.79146,0.226719,1.91759,1.92411,6.07541,11.4974,3.8568,0.627143,0.526432,0.530906,1.16794,1.4416,0.266314,0.232818,0.263813,0.602911,0.276021,8.86131,2.07694,0.547021,2.0879,4.32945,0.263391,2.56943
5.11612,8.85085,3.21402,2.23625,0.753627,1.9929,1.5096,0.418575,0.446285,1.69496,0.536129,0.229424,2.30978,6.11325,1.2203,0.827969,0.65203,2.62149,4.70528,4.07421,0.366757,1.05032,3.76412,1.50575,0.258194,1.19208,0.331884,0.442878,6.2046,3.0875,1.20606,10.7591,0.247256,4.69568,1.23631,6.982,10.039,1.30115,0.878921,2.86925,0.477709,0.398623,2.58102,0.827041,0.344246,0.604632,4.97016,0.273013,0.769306,0.567104,1.05383,9.16483,0.3589,1.51806,8.26678,0.732176,0.350054,0.265903,0.306073,4.97925,2.02412,1.35776,0.703023,0.450344,5.86,0.602793,0.673105,3.77169,6.8845,7.78593,1.2357,2.35061,1.17445,0.330628,0.464901,1.72385,0.52477,4.36532,1.38494,9.963,0.899533,0.267398,1.66522,0.469131,4.64994,0.324585,8.36644,0.488616,7.13917,1.9845,0.477154,3.48025,0.320523,0.900499,8.60738,2.73167,9.45307,1.20345,0.35182,6.87133,1.48656
5.4399,0.402782,1.63074,0.427854,7.806,4.28807,0.942161,0.592499,9.49586,5.02211,0.902394,3.64146,0.332378,5.87666,1.73632,5.16231,0.32029,0.256675,3.53574,6.68204,6.59669,4.8857,6.76335,0.2465,1.41642,7.89347,0.547361,0.40824,2.00762,0.908859,0.63136,8.91154,0.279128,0.309899,0.812554,0.259081,3.73978,1.45538,3.38235,2.22027,2.27792,0.466322,0.253954,0.792947,7.88641,0.812465,1.32733,0.532204,1.54895,2.12279,3.09446,6.8435,1.51786,0.398797,0.747037,1.3564,3.09399,0.258408,9.25102,3.81244,5.13773,2.35757,2.51615,9.49302,1.07515,0.453273,0.566767,2.16372,1.35562,1.16135,4.04229,0.226993,7.44155,6.21634,0.331173,7.19356,0.673785,0.286861,0.959171,0.872196,0.74327,11.2068,0.439314,2.87186,5.87831,0.784285,0.34644,1.43939,0.230673,2.98964,1.09904,8.05854,0.502514,5.44973,4.8245,0.250714,0.271102,7.19012,0.325878,0.494994,3.74349
8.55563,7.57042,0.429932,0.667407,1.50131,9.29929,3.05115,0.38469,4.6807,9.44416,1.74614,7.83063,10.0096,1.07865,1.63458,3.34181,0.526865,0.259689,0.474614,2.15311,1.85071,7.32552,1.38848,3.01327,0.602649,0.43536,1.11791,3.71539,1.83272,8.14779,2.24529,0.429636,3.11005,0.574675,1.31369,4.95353,3.33229,1.28346,2.09759,0.326081,11.9238,0.416933,0.847361,10.9246,2.05643,0.476178,3.15489,1.01243,0.689453,0.555316,3.92908,0.745894,0.257582,9.2539,0.310229,8.4775,1.50167,11.0203,6.61492,7.59944,0.857037,1.29144,4.7897,0.558088,0.477596,1.03249,5.5741,2.85418,0.798805,7.50125,0.765266,0.464515,4.94247,0.62926,1.70598,0.368523,5.00788,1.56221,6.31433,5.12973,2.10322,0.943068,0.491858,1.3835,0.59519,4.51353,0.698175,3.76788,0.275706,0.730771,4.06164,7.43222,1.03853,4.0765,1.05345,6.10422,3.42512,4.8449,1.88403,0.923668,0.479008
0.491745,2.89887,6.17215,7.08738,0.440115,0.566927,8.72411,2.35484,0.328482,0.393952,1.22832,0.233803,0.814663,3.56068,1.29136,8.38153,0.226033,1.4166,0.6261,2.61137,0.937808,0.762972,6.8324,1.80124,2.03555,0.429397,2.7089,9.51614,0.364654,0.540633,2.92579,2.76035,0.258385,0.434655,2.56045,0.648223,1.75642,1.2935,0.943916,0.51536,0.293733,1.15658,0.71625,0.409257,0.862611,0.935482,7.09405,4.973,8.65262,0.225657,0.338714,0.843038,2.41325,0.299062,1.84156,2.56986,0.803095,4.37135,9.47284,1.98504,0.242083,7.04765,0.489993,0.534733,1.25658,2.56051,2.24788,1.12685,6.32911,4.28436,1.30436,0.563921,0.44013,2.37015,0.261622,6.92478,1.12847,0.658855,1.33502,0.572398,1.00329,12.1677,3.94864,0.257618,0.387319,1.98914,0.607408,4.40916,10.646,0.256256,4.96437,0.226561,1.60151,1.41764,0.836172,0.506475,0.78076,8.03658,0.44567,0.889739,6.01777
0.852903,1.25585,7.81305,1.59935,2.55721,9.08208,0.518283,0.281453,11.2958,0.724992,0.881686,7.73208,2.23875,0.399114,0.636057,0.681615,0.3597,0.37917,1.34458,2.53376,0.325072,1.63658,1.53634,3.04156,3.163,1.24465,3.26725,0.920243,0.592804,0.807432,3.17035,2.3185,2.2529,7.21147,6.79371,0.24744,1.38903,1.32867,1.86746,0.255823,0.652313,3.16825,0.452775,2.69673,0.436272,0.917904,3.97047,1.72547,1.60232,5.35122,3.02565,0.340789,0.720407,4.86756,0.290105,0.387721,4.84035,0.633386,0.560091,10.2705,0.658548,0.272023,0.880806,1.35249,0.556288,2.70647,0.741276,5.16441,5.28709,0.364285,0.913542,1.81679,0.537343,7.30891,4.28594,5.9376,0.286507,0.795798,4.19479,4.08933,1.67918,0.432723,3.32044,8.84973,4.6191,3.0953,1.16519,8.85984,4.00606,1.73254,1.74616,3.42455,0.336471,5.55998,0.617277,0.499186,0.833972,1.15456,0.439298,3.30457,0.913536
4.8207,2.66016,0.303607,1.42568,1.82757,2.02541,2.52482,7.83196,6.56067,2.1044,0.273041,0.452395,0.265409,1.01969,9.70194,0.237591,0.400333,9.23143,5.83352,10.0249,0.270936,6.43427,0.242774,1.66961,2.53068,8.50853,2.15777,5.85095,1.35172,2.85378,1.13303,5.57551,0.28768,1.21407,0.351147,1.09943,1.01617,0.853124,4.98426,1.36984,4.22122,1.43224,2.65176,0.808253,1.03797,0.343489,1.02378,10.0819,0.836861,1.2583,0.423832,0.730818,1.1931,7.42075,0.485181,0.442975,12.0456,0.550451,11.7248,0.510467,0.969027,6.78866,4.55013,0.269313,2.81927,0.333141,0.50324,4.91952,1.14153,1.78737,6.51191,8.965,8.84394,0.541211,12.0557,0.627595,2.28339,0.523062,0.686109,5.84977,3.28802,2.3705,2.17059,1.75197,0.955724,0.879505,2.26465,2.59697,1.58252,7.14517,11.2624,0.981296,5.57575,8.94302,1.29499,0.744804,4.48796,5.5929,0.281464,7.74136,0.652242
0.677801,0.686766,3.00065,6.65766,2.65303,9.33415,7.11165,9.79632,0.874729,2.93903,0.325393,2.87713,5.20067,9.54343,0.315494,2.55159,8.27778,0.323019,2.01773,1.32355,2.02734,5.53257,2.11227,0.307778,0.335048,5.48358,8.11639,0.688558,1.9313,0.702789,0.257247,1.88261,6.95002,6.93767,10.0667,3.25252,2.19538,0.320155,1.39402,4.8414,1.41895,6.11363,0.331122,2.19401,9.80055,0.380074,0.467031,1.07542,3.89525,2.39404,1.00518,3.39561,0.594435,0.397562,0.532322,6.14868,1.79304,0.971525,4.53791,0.973738,1.87427,0.430618,3.66597,1.98801,0.417104,0.631099,5.59244,0.506053,0.53618,1.25967,1.25215,9.13711,2.15937,0.75113,8.04551,0.849872,2.65592,6.36276,0.341439,0.45632,0.255783,0.335446,1.07513,3.10669,1.98028,1.96111,0.609726,0.7128,0.260282,0.411732,4.45317,1.51233,1.9466,1.77042,11.8797,0.530768,0.687313,1.78474,8.26226,4.96844,5.44809
2.04599,5.17587,0.601804,1.6224,2.42246,1.61224,0.346148,0.279176,3.56033,7.34232,5.68266,0.403702,1.76984,0.870474,0.718083,5.91503,0.42339,2.88767,8.52416,0.974161,2.40877,5.07308,3.55491,1.95226,11.1088,1.80247,5.57615,0.410685,1.18442,1.64843,2.35692,6.14693,0.442086,0.392274,0.300542,0.680748,4.99152,0.601999,2.88606,0.692601,2.5483,0.239585,3.52215,0.302787,0.382532,0.273079,0.992036,5.14539,4.87495,2.80027,6.00979,5.73309,3.12086,0.602135,0.527742,0.777812,0.293402,1.31785,1.879,0.474229,5.8698,0.34149,2.71605,1.64826,1.58143,0.303965,1.37492,0.319684,1.66597,1.60858,0.385037,1.10337,0.576527,1.6725,3.46683,1.8148,3.95724,5.36627,5.00542,0.388384,0.687457,6.31892,0.518229,2.21844,5.93848,1.4436,0.28416,6.62271,4.05566,7.30388,0.640435,5.96406,0.425034,2.13388,3.9974,2.37082,8.30464,4.02352,0.354764,5.95221,0.980131
1.5062,0.763251,2.76743,0.714775,0.568147,2.03455,0.99424,9.03295,1.38549,0.566313,7.50861,9.03869,8.99273,1.69973,4.46791,2.87125,3.09593,9.12322,0.3618,1.10582,4.07449,0.391698,4.63416,8.19547,8.33017,0.881605,1.08759,0.325684,6.30525,4.3873,0.277676,0.317166,0.82624,1.37792,0.316719,0.363807,1.24938,2.91024,2.70311,1.38794,1.17679,2.68019,0.834918,11.5624,0.330569,11.7257,0.310889,0.888062,1.4956,0.713014,3.62302,0.634936,8.64292,6.72147,5.87169,2.54753,2.41447,0.425766,3.95264,0.930322,2.7392,0.802189,2.3629,3.88956,5.61024,10.1666,0.504293,0.851825,0.983785,1.92363,11.8698,8.63795,3.99047,1.37696,1.00872,9.26278,11.9172,1.65247,0.833808,11.171,0.23659,3.42396,6.74483,11.6319,9.79262,0.404403,0.550914,4.08,0.625406,5.86812,0.333858,5.45082,3.05327,0.257123,0.597821,6.86427,9.12189,0.891631,3.72971,2.17516,0.897274
2.7607,1.33394,0.557969,0.459179,6.16713,9.54977,0.494608,1.45674,1.26819,3.30681,11.5487,3.32935,1.23267,0.261937,1.48624,0.949764,2.97368,6.45051,3.5054,4.86656,2.86031,8.34268,1.22003,6.73384,5.00041,0.690864,2.16105,0.790069,0.227581,9.68866,3.45801,2.30834,12.1582,11.0229,9.50296,0.509505,0.867976,5.44519,1.35017,1.55799,3.39176,5.46112,2.95413,1.26546,0.610447,2.40742,6.80863,9.09114,7.06399,2.99128,8.27921,1.61692,0.57243,1.88968,0.309378,6.94998,0.230382,11.6416,2.12006,1.44791,0.340598,11.5403,0.799574,9.88811,0.407094,0.633734,0.433889,5.79966,0.624587,7.18276,0.253965,1.30179,11.2593,1.68671,1.80296,6.3381,0.454593,3.33361,6.98935,0.85193,4.03472,2.65003,9.548,3.23082,5.44944,2.95773,1.80061,0.223896,1.21636,0.338148,0.348762,0.607443,11.8087,1.56844,1.22767,2.08958,3.98986,0.231783,2.68444,0.531157,5.06277
0.959961,0.551246,3.67841,3.44428,0.295337,5.4662,2.96264,0.623676,3.05297,2.7661,1.79507,7.24427,5.13751,9.03652,6.9751,1.02198,1.23468,11.9709,0.488881,1.42406,4.96623,0.295164,0.287017,3.4343,6.16093,0.301678,1.20099,1.70529,7.58433,1.56439,1.64531,9.23401,1.18099,1.10261,0.341634,1.21644,0.77458,9.8433,8.93539,0.758114,2.44031,1.02934,0.84234,0.230348,0.714756,4.17696,0.988206,8.52816,0.869256,0.614542,0.793971,5.89998,1.07929,11.842,4.51987,0.628769,11.2841,0.689135,2.18961,0.561201,1.81977,1.60942,0.578697,2.98735,3.52301,1.60672,3.98201,2.31194,4.09524,9.59551,3.24144,3.84397,4.2234,1.1548,10.2281,3.42764,5.71266,0.846717,10.0339,7.67318,1.39092,1.52239,2.22061,0.678745,8.13692,0.570559,4.64516,3.87015,3.23362,9.58335,3.5401,6.40692,3.46794,2.19587,0.876811,11.2008,1.01368,2.51694,1.34222,1.02224,1.55035
1.73951,0.472429,0.792525,4.09678,0.331327,5.79245,2.38874,2.33508,0.815408,6.23525,0.69567,0.672694,0.388827,2.16475,5.57651,4.32547,11.4365,8.48875,0.805001,1.09764,0.410836,1.58973,0.527363,0.837433,1.01335,3.29079,0.450417,0.403454,0.324664,4.23916,0.584292,3.36384,0.438568,1.24201,1.14859,2.68575,8.53463,0.254234,1.62787,2.68284,1.25567,0.394275,0.233814,6.95323,1.99561,8.81208,1.32145,0.301,0.306664,1.76119,0.619823,7.04393,1.28879,1.03255,1.00479,1.89622,6.14815,0.260156,0.523514,0.999055,0.919429,0.672878,2.64532,0.575442,0.650833,1.93754,11.6096,1.03699,0.76728,0.592365,0.691975,1.93242,5.06339,0.94585,4.25296,0.469565,2.00235,0.717966,1.21333,2.19673,0.233643,1.59768,0.493259,0.832218,7.58683,3.80958,1.80997,0.239688,10.4894,2.05195,1.6797,0.39821,0.295519,0.779494,3.46669,2.29157,0.671435,0.610929,0.251145,0.254904,1.95183
10.0635,0.673639,0.831194,0.389159,8.9792,2.40606,3.34082,0.438388,2.46445,5.76605,0.458656,1.99549,3.74792,0.364458,1.70485,1.68431,0.458583,7.72239,9.72412,0.231745,3.45283,1.25311,0.438865,0.334277,4.1924,1.70821,0.24886,4.65878,0.439714,4.92346,10.8507,1.04663,4.77574,1.91483,2.89263,5.28016,8.81718,10.4477,0.512143,3.4526,2.20035,2.26688,0.994673,8.65288,0.407952,0.38642,11.8953,3.87505,3.71569,0.522691,3.19496,0.803244,3.45388,8.73757,0.362409,5.39247,1.37459,7.43426,7.27044,1.41365,0.723836,1.81979,1.01142,10.7625,3.76712,2.69954,5.7586,1.69402,1.8979,0.505643,1.55609,7.9241,8.01254,0.238611,0.271417,0.476286,0.682765,2.7565,1.51211,12.11,1.69649,0.825672,3.76629,0.990287,2.30804,3.69508,4.33509,0.627742,8.67132,0.825584,0.503192,0.484565,1.23301,0.716922,3.25579,1.03459,0.24876,8.5993,8.649,7.50609,6.36169
8.71269,2.06633,0.563106,2.49038,0.439815,3.09196,2.42386,2.31253,0.375275,4.91948,0.938931,0.415118,0.565673,0.292419,2.832,1.64884,7.04045,0.62936,4.90657,2.68257,0.310451,7.56051,4.18402,1.08009,0.979985,1.04919,0.969205,7.33686,8.75368,5.68603,2.01931,1.71877,0.377801,0.294073,1.17101,0.419705,1.35622,0.291314,0.796236,0.275741,0.226124,6.64543,9.32674,0.357249,4.02651,6.86711,2.38292,7.63455,0.454397,4.98241,0.433519,5.21879,0.365057,3.19424,0.594434,0.298056,3.28542,4.05318,1.52433,1.4985,0.366563,0.89948,2.82286,2.6392,8.83511,0.792614,0.739056,0.755096,0.880648,0.766148,0.458632,7.19949,2.93738,0.461559,0.361562,3.22819,0.962204,6.63528,1.56735,2.26442,6.0307,0.831643,0.962829,4.72153,0.379594,2.04142,6.12597,6.87942,0.356324,2.53254,2.48119,0.256246,1.8475,0.787309,0.29898,12.0958,0.403318,6.56469,2.8245,0.585687,2.10694
2.83728,1.18058,0.300185,1.59949,1.53255,11.9556,0.282364,1.49993,0.308838,0.250026,1.2917,6.13792,2.43137,0.859506,2.4298,1.44643,10.0571,0.397246,0.324701,10.5592,11.26,1.08758,9.95728,7.96963,2.33022,1.87469,0.441944,0.278468,0.24205,10.5048,1.16995,0.712976,1.65651,1.31122,2.04452,0.240532,7.82286,0.710398,3.02891,4.57283,0.236338,0.862965,3.09273,0.324453,3.72788,1.89114,0.32421,2.47093,4.48238,0.788029,1.10538,2.55167,1.26279,0.539565,0.247687,0.937186,9.34949,0.486767,1.39784,0.344363,1.36697,1.23636,0.824891,0.242388,9.3117,1.84817,1.22096,0.433094,6.17866,5.67439,0.917049,0.754983,3.93285,11.6635,4.33698,0.510458,10.9067,2.22344,9.16638,2.16146,10.0645,6.1281,0.287511,1.46387,1.6833,2.15504,0.393501,2.40767,0.302998,1.90936,7.21767,1.32666,0.264104,6.93028,0.456225,2.27183,10.6258,3.04508,9.4199,6.64568,2.38366
3.93216,0.43974,2.80748,6.37596,0.54989,9.42539,2.10326,5.82522,1.01206,2.36701,6.78788,0.544391,0.230275,0.349526,1.97297,0.611339,4.65695,0.319319,0.266454,0.456975,2.20572,9.8366,0.806288,3.13055,10.7984,5.47918,1.52006,4.08053,0.653269,4.32718,6.29525,0.240181,0.668759,2.78178,6.02649,6.27671,0.643203,0.590356,1.11937,0.533937,1.22544,0.232705,4.88147,1.08782,1.22593,5.67675,3.56823,0.374331,5.26551,2.10592,1.28795,5.11833,0.24287,0.436105,0.742141,4.85501,2.4493,7.50068,0.852806,0.381235,0.835717,0.228818,0.241315,0.529357,0.434163,2.99311,1.68493,0.313415,1.2842,1.1722,5.30504,0.51594,0.380864,0.451259,1.08038,2.70818,2.55266,1.83364,3.42165,0.275867,1.05575,1.54268,5.30181,1.15387,5.67293,0.265554,0.646363,3.61887,8.23191,8.52933,5.80857,1.55262,1.48172,2.13918,10.8291,0.693556,0.409357,0.851891,1.70429,0.790973,1.26897
0.39314,8.39147,0.54587,4.04308,6.09262,0.81723,2.12648,9.06363,0.385901,2.63881,3.42943,0.350514,5.90859,0.815777,0.449024,10.8349,10.1445,3.49098,0.911446,0.269915,0.383728,0.254767,10.775,7.7052,0.25745,1.03217,1.17598,0.283427,0.388352,0.251133,0.86908,0.33561,0.259997,0.330295,0.432347,0.582124,4.47134,1.37519,5.50915,0.729155,5.28591,3.42454,0.701639,0.352417,1.58571,0.520004,4.0739,1.85564,0.802553,0.743593,0.396736,9.50445,9.24031,3.28512,0.483294,2.87845,6.35374,5.30514,3.78027,0.258229,9.94491,1.98985,0.44597,0.508035,10.5191,1.54348,0.538065,0.421986,0.295365,0.690169,9.50831,0.346582,1.82831,3.62357,9.02777,0.332952,1.69614,11.7155,0.876519,0.392061,0.432312,4.54019,0.331387,0.84151,0.424314,0.370417,2.38059,1.52589,0.287176,0.819386,0.671929,0.398655,1.07484,0.44244,7.43557,1.65394,3.38186,1.05588,9.33043,1.6851,0.458928
2.52913,0.33712,3.0178,0.455131,0.714134,7.36867,0.588901,1.83325,3.12524,4.73535,5.1797,1.36441,1.48021,0.341328,9.07184,3.37203,0.848171,0.27116,2.04703,9.40445,0.253786,2.44758,3.66348,0.325078,10.1057,2.94921,0.352489,8.96614,0.318747,0.315746,8.23889,1.68065,0.383975,1.54085,0.384235,0.539394,1.12794,5.80988,0.435643,0.767285,1.13,2.58481,6.60553,0.804244,0.24263,0.359367,0.246467,0.411307,2.93806,3.66206,1.79583,0.436136,6.45517,0.345735,8.44283,0.720411,0.298521,0.257499,0.549684,0.241167,2.78902,1.80637,5.20549,0.423834,0.286951,0.509972,3.78819,0.609811,8.09891,2.83021,4.72803,0.988958,0.655035,4.84262,8.12826,0.809502,0.563957,1.23285,2.05605,1.10623,0.648447,1.16086,2.61196,5.83232,2.12166,2.59211,0.443224,0.872669,0.500458,0.225952,0.390323,4.57781,10.8939,1.80623,8.09703,7.5372,3.92375,0.796508,0.295273,1.02409,0.338587
0.238164,0.369465,1.72072,0.542191,0.93125,2.3552,0.240663,2.29103,0.352691,4.9418,1.04623,6.98061,1.80564,0.622939,11.0011,0.527432,1.2863,0.360945,0.836729,1.23074,1.34911,2.27843,11.7559,1.22317,8.37002,5.3771,10.4863,5.7702,2.46428,1.41519,0.677365,2.28837,1.65465,0.363511,2.74688,2.96872,0.297173,8.71905,11.4449,11.9519,0.382082,4.68672,0.838729,1.63788,0.797922,10.6505,7.36171,0.242764,0.450775,0.398871,6.5759,5.81742,1.17415,0.224255,0.69948,1.22572,3.60697,4.16952,6.11087,0.3327,4.20361,5.2174,2.11806,1.73751,10.2258,0.245678,0.337192,0.394612,1.16906,2.38971,0.308956,5.59798,3.45928,0.238484,3.72355,2.14023,6.40283,1.37386,0.768667,6.08508,1.58429,5.43374,3.34771,7.93581,1.60011,3.77798,1.43641,3.01453,0.521223,0.266816,1.83364,0.763929,1.59037,0.445118,5.08039,2.51868,5.50156,1.74497,4.30526,4.0852,7.07177
0.589516,1.61895,10.8684,1.63903,7.48657,2.86075,0.88282,4.12717,7.55895,0.695696,0.391156,1.98008,5.2787,7.7943,0.487801,0.57177,7.55633,0.532165,1.55221,2.37029,3.93105,1.98315,1.56298,0.574359,0.508624,0.702092,2.57312,1.16093,1.7444,3.9448,3.18371,3.95909,0.329851,0.265875,3.33886,0.307482,3.31905,1.0856,1.76492,1.0845,1.75801,1.97257,7.89545,6.70322,0.309418,3.33755,1.77776,0.949304,3.88939,9.17142,3.21317,8.75454,1.82925,1.21542,0.782197,2.07763,0.621469,0.460912,0.264574,0.578615,1.29052,0.87996,0.227658,2.10674,2.39784,0.461827,0.286016,0.334841,0.771742,1.81888,1.03772,2.48841,1.11189,0.318555,0.263609,1.87074,9.69475,1.30427,0.749138,1.2186,6.84885,0.407183,1.36711,7.8817,1.93727,0.735936,10.9115,2.5191,1.13106,1.18835,11.3527,0.386669,0.602226,7.46356,0.318978,0.284417,6.94416,2.08053,2.77585,0.349228,0.566219
0.386326,4.67347,0.683976,0.362415,0.884267,4.65199,0.231377,0.549329,2.29286,0.303314,1.22902,1.41199,0.370545,8.39961,0.869447,9.76483,0.455325,0.660916,1.18743,0.292522,5.83553,4.06095,0.643502,0.412096,8.12974,1.08596,3.94796,3.0117,2.31188,1.01555,2.50582,0.770346,0.245076,0.299651,8.65997,0.331962,1.09196,7.27507,0.821549,6.6819,0.61357,1.30078,0.450318,7.99798,1.08115,0.359958,0.85793,0.877172,0.264959,11.2282,1.96901,0.357611,3.31446,0.223681,0.324214,3.29769,0.65745,1.67944,2.63884,2.03621,0.487186,0.813037,1.99263,0.71949,0.232323,0.410596,0.664276,2.31111,0.423417,0.584343,0.363699,1.56447,5.91364,0.376741,6.02195,0.493103,6.49108,4.79532,0.725442,0.286556,4.99811,0.905789,0.762602,3.48368,6.5967,3.37598,1.02506,5.30827,1.29769,0.862322,7.36462,2.29392,8.86081,0.26408,0.407836,1.08335,1.99641,2.31244,0.516828,0.293943,0.28156
5.56617,11.4616,1.98264,0.387885,5.81031,4.96139,8.97793,0.641907,0.518639,7.53859,0.337416,6.87095,0.435598,3.23134,1.91677,9.61523,0.283831,1.4479,4.12883,1.32756,1.75567,0.38732,0.794685,0.405268,0.734785,6.62479,1.35667,0.68514,1.8384,0.417782,2.66409,5.85082,1.22138,1.42963,3.62162,1.06782,1.82138,9.55605,10.0125,4.80886,0.322213,6.15445,3.66545,0.31569,1.39052,7.39678,11.8387,11.1612,0.360009,0.253942,3.13513,2.73369,3.133,2.16945,0.324705,0.433305,9.98551,0.383759,1.07253,4.1681,0.384812,1.3541,3.99297,0.320541,1.31894,0.499985,0.257115,7.4587,6.59034,0.559686,1.14171,9.24902,2.3372,2.18507,0.983064,0.249087,8.6744,0.565071,2.60768,5.28246,0.561644,2.45142,4.15656,0.389173,2.38358,0.800526,0.868174,2.13786,7.88348,5.59588,0.735307,6.72368,1.58307,10.2408,2.79934,1.08678,5.18266,1.44632,7.80705,7.09947,0.763039
0.417578,9.39348,3.96329,0.943433,3.11611,5.36363,2.47368,2.81325,3.23265,0.445254,2.4636,8.48286,4.97088,1.56918,0.397319,6.07133,0.650788,3.36111,0.240322,3.03452,1.68173,2.08317,0.334884,2.09037,2.81779,0.643379,0.304995,5.36047,0.910491,1.35016,3.89255,8.59113,0.329076,1.48717,0.361688,0.294214,5.10454,0.620837,5.63089,0.561444,0.773492,11.8491,0.411852,10.8581,2.89434,2.74282,1.40446,2.5392,0.506253,2.12867,1.70088,1.30458,4.47527,0.416339,1.14471,0.572701,0.864914,11.4495,6.63615,8.3234,3.75938,1.57402,1.13588,8.64587,3.2754,7.22124,0.594465,2.54566,0.444304,2.90487,1.67831,2.65182,0.271733,3.19262,0.467326,4.11532,11.5643,0.967449,10.8419,0.709172,5.67756,1.38403,9.32376,0.845088,1.94959,3.25909,0.342274,1.47374,1.39453,3.34709,0.259544,11.6565,0.338833,1.20169,0.335039,0.444386,0.377662,8.20498,2.17996,4.32533,3.02352
1.10935,3.44795,0.351032,0.818099,0.258027,0.638354,4.86829,1.92072,1.85065,0.456552,10.7057,1.04778,9.04348,0.924479,0.523347,0.626897,7.01876,4.11465,0.239328,7.53485,2.14411,1.82988,6.2238,0.223492,0.805274,0.501195,0.35212,0.571317,10.4693,9.64941,0.30539,0.354262,0.312596,4.73625,1.15327,10.15,3.18029,3.28285,6.74046,0.705803,6.48342,1.57831,1.03156,5.10586,0.27034,0.319684,1.0029,2.07251,0.673794,4.97488,2.74341,1.23716,7.38066,10.5662,0.377183,4.27755,6.61496,3.09934,5.12491,0.565941,0.553819,0.396202,2.51575,0.873735,0.747506,4.68013,5.5454,1.03996,10.901,0.224381,9.09184,5.96221,0.867232,8.78274,0.562084,3.45596,6.20978,4.04446,7.64364,0.226912,0.62139,0.328352,2.87788,8.41323,0.846039,0.925424,2.80632,1.06348,0.31761,5.2908,0.451269,2.73257,2.82301,0.595388,2.40216,10.0428,0.339435,4.10225,2.04861,1.43017,0.712724
0.374997,1.0333,1.47099,9.2774,0.624925,2.50306,7.75849,0.238497,0.778313,0.940958,0.345395,10.221,2.07017,2.0846,5.31357,1.57428,0.622715,3.84102,0.504969,2.66508,5.92483,0.650799,0.518521,1.28488,9.05461,4.88853,5.76386,2.59798,2.11034,2.42986,1.8891,4.00839,9.90306,0.435175,4.64539,2.03307,6.59643,11.0249,4.88197,10.6548,0.64712,5.32931,3.80099,0.282474,5.22049,3.56808,6.12385,0.257157,0.331424,4.94046,0.534491,0.3127,1.13607,1.64527,7.75213,3.5857,0.241042,1.33052,0.348451,0.847158,7.44791,0.940951,5.44559,5.1377,9.43778,0.250158,8.45396,3.97814,3.44477,0.652566,0.582448,2.10326,7.57116,4.41252,2.67548,0.366577,3.01744,10.2516,8.76405,5.13181,0.983453,1.75041,0.749546,2.87618,3.72615,0.815002,0.499751,11.808,1.35636,0.679941,4.26982,3.73199,1.00375,10.4685,6.74837,1.44261,9.83788,0.629747,0.335866,2.27264,0.39886
0.344809,4.47758,2.38729,8.44808,5.01799,1.46559,9.32865,9.26341,9.7074,1.31281,7.21642,0.447778,0.715857,5.47678,7.00788,4.90779,1.18525,0.352349,6.35402,5.99861,4.35449,4.26501,1.67125,1.21544,4.03742,4.17983,0.342175,1.48616,3.14581,0.824661,2.27434,5.73642,11.5774,2.6205,8.43522,0.261581,1.11473,0.304791,1.36004,0.588552,1.12051,2.27385,2.79786,1.3717,0.691871,11.9781,0.55687,0.418426,0.234316,1.06462,3.22421,9.67239,4.39147,0.3923,0.522648,0.428312,1.12481,4.85907,1.41241,3.77433,4.42225,0.296922,0.325329,0.634222,0.704101,0.483397,2.19269,10.4863,1.11332,2.08481,0.428371,4.26755,1.24754,1.6955,0.828742,10.6341,0.30602,3.80383,1.26643,1.24522,3.99629,0.436329,1.12237,4.42624,7.90062,0.31996,7.66352,2.48507,0.582228,9.8013,0.276687,1.11534,6.64862,0.444802,0.251447,3.94121,4.7984,2.97476,0.964826,2.52393,4.04808
12.1302,0.974973,9.75005,2.68688,2.72878,0.435099,0.445864,0.895999,4.82023,1.01495,0.42202,0.472732,0.601607,1.06562,2.59136,0.274732,3.2345,0.868426,0.40182,0.40371,0.375559,0.34671,8.03101,1.19335,2.87321,0.259404,2.42522,0.736795,2.62111,0.223816,0.335252,11.0588,7.15413,0.389405,0.77397,3.60434,0.664324,9.89052,8.47664,7.94446,3.24216,1.5977,2.66208,0.586785,0.928137,8.93804,6.60981,0.273175,1.35612,2.70539,9.24941,0.441575,3.90061,3.20745,2.94402,0.617508,4.24837,7.29907,2.61405,1.78929,0.929409,0.797072,6.03515,1.22821,3.46492,6.9225,2.3973,1.34811,0.325324,0.374021,1.16612,11.6911,0.254656,0.398925,1.22175,3.28336,0.312406,6.31336,0.828365,0.363541,3.82983,1.53123,0.346459,0.240903,0.257583,0.98357,0.856123,6.1017,0.475948,2.2735,0.465742,0.945451,7.10556,1.37006,0.892768,3.76965,0.579622,0.856624,0.491983,0.719264,11.3868
0.534207,0.723714,1.35482,6.34274,6.3244,5.37609,1.339,0.508066,0.363617,2.97454,5.53126,0.599698,0.483964,3.91493,1.31148,0.456488,9.45945,2.02427,6.67767,5.10655,0.240737,3.88426,0.306396,1.01599,0.545399,0.267621,0.88393,10.7648,2.19078,5.41595,0.23536,10.4398,2.07325,0.7936,1.15413,1.45665,0.697324,0.396639,0.942488,2.0481,3.1246,1.64793,6.7639,1.58147,7.52059,4.38591,1.72974,9.89365,0.336048,1.17817,2.99258,3.79531,1.14944,3.92287,2.44011,5.06468,3.63369,5.26938,0.823386,1.28968,0.615236,0.407722,0.404056,4.91291,0.474197,2.26752,10.109,1.11451,3.15897,1.30472,0.43434,0.243607,0.379198,3.28277,2.03296,3.77441,3.40929,5.20049,6.82741,1.00052,1.09337,3.36924,8.38232,2.07664,0.882358,8.93122,0.243771,8.13998,0.81694,0.659898,10.6607,10.7436,4.27337,0.858877,2.21622,7.72877,0.811852,0.698924,9.54088,7.8856,1.25565
1.73625,0.564986,0.856762,5.88561,0.765387,7.10176,1.5697,1.80492,0.260035,0.333785,0.780944,0.942384,0.2532,1.9926,2.17063,0.271255,2.98222,3.91567,4.5954,1.7008,2.73028,5.4669,0.542753,1.19826,1.03257,3.85465,8.12112,0.69577,0.660351,8.16829,11.6293,10.0114,1.81126,4.64208,7.29014,9.52409,0.637299,0.693204,2.15462,2.97348,1.49566,2.40819,0.920071,8.03056,1.32826,0.32973,2.58216,0.684574,0.773905,9.02526,2.26861,0.234552,10.0314,0.295865,0.85431,0.245899,9.73025,0.338765,1.324,0.760036,4.71977,1.99374,2.84909,0.913031,2.25065,1.27424,9.72622,2.98506,1.77394,2.55095,4.38814,1.03306,1.24171,2.6203,3.20778,1.75518,8.7421,11.8216,11.8543,5.98708,0.340842,1.37152,0.806338,5.29,6.20394,4.82817,1.90077,0.334482,1.03633,2.07509,1.70808,0.284168,4.26989,0.764226,8.6109,0.241331,0.864339,5.0014,1.28787,11.2307,2.73132
6.40097,2.31163,6.62425,1.62303,0.540121,7.33081,5.37052,1.10954,1.75022,0.821064,1.08626,8.7546,0.349457,4.31373,1.98355,6.55363,1.58152,9.12021,3.57242,0.495826,5.54967,0.388576,4.53526,4.58492,0.915572,11.0445,0.633607,0.948879,0.54126,0.805454,4.29908,11.2308,1.36739,2.95014,0.426479,0.467354,10.3106,12.1659,4.50964,1.078,12.0687,2.96903,7.10958,2.7583,0.646742,1.38066,2.35618,0.631099,0.292212,4.90377,0.517194,5.33971,0.40744,0.238771,1.11418,0.507521,3.661,0.266688,0.989867,2.77864,2.27946,3.88344,0.560209,0.973133,1.36874,1.24303,0.49221,1.02703,1.5915,0.278035,0.607807,0.258935,0.253544,1.07779,0.236427,9.80777,5.93735,0.621648,1.47599,1.19349,0.827708,0.978153,0.803508,10.2688,2.73226,12.1371,1.31466,0.26808,0.303557,10.3647,0.476071,0.231682,6.47977,1.85801,0.267197,5.70867,0.238413,0.682172,4.56636,0.46095,0.325702
2.58716,0.593126,1.26878,0.852047,0.492669,3.18247,2.87495,0.762367,1.10208,7.22653,1.38094,2.74978,4.09228,1.3331,1.8755,2.72477,6.16122,6.59588,1.11104,3.35136,0.388551,5.85133,0.349758,4.54268,0.434753,0.365964,7.07144,0.763369,2.22488,0.477692,2.02518,5.19663,2.16341,0.446059,1.06136,2.05334,0.966632,0.879019,7.53894,0.380001,2.08176,1.12542,2.93777,0.395398,1.00478,1.58258,0.554289,6.51061,8.26906,4.91226,3.8969,6.45773,0.574262,5.53365,1.14014,1.14972,0.322425,0.950534,6.01489,0.3513,4.51493,0.674944,0.559654,6.98379,1.38994,1.19493,1.50569,0.344567,2.52349,11.5043,0.661927,5.0105,0.762041,3.88599,4.78041,0.78409,0.431841,2.47227,6.93723,8.59857,9.42845,1.68024,7.91095,0.657434,2.48001,0.385937,0.580017,0.780386,5.27809,0.787612,11.1236,0.232653,11.5469,1.06247,1.61204,1.31765,1.99032,6.54004,3.39067,9.30844,0.26483
0.729152,0.410475,0.226033,1.08038,2.58511,1.16175,10.6199,3.38588,0.520098,2.53553,1.87642,0.968966,2.62106,0.999898,11.8711,1.00654,8.71462,0.842593,1.7749,0.568801,4.48774,0.47133,9.15602,8.08624,1.19484,0.377184,12.0794,1.38099,0.33632,2.07015,1.15129,8.84166,2.0071,1.78927,0.739819,5.45842,0.525168,4.04232,8.48714,0.700321,3.20212,4.30224,10.6428,0.545176,2.04925,0.893494,1.05346,0.837615,2.66826,0.420133,10.7145,9.63396,0.295527,2.0129,0.579717,0.806891,0.27959,0.403704,1.81616,0.310643,0.784192,12.132,8.97672,1.84277,1.0826,3.4424,0.537392,0.924171,1.00248,1.63033,0.445099,10.883,6.53576,3.88269,6.68355,0.248362,0.376573,4.23599,1.34763,4.89631,1.37408,1.64363,6.01769,11.1222,2.36798,7.02349,1.30537,0.732457,0.607307,0.338028,3.65266,4.43229,6.13363,3.08423,6.08392,2.95449,0.670689,0.494065,2.03064,6.33449,0.333288
2.85825,4.17283,0.886718,3.11218,0.346086,2.58034,0.415341,2.94626,1.36424,0.338476,4.39309,2.61683,0.520557,2.08088,0.282706,2.77709,2.27019,10.4913,1.03683,0.271958,3.00509,8.50833,2.51784,5.06513,5.81201,7.15615,1.5543,1.73607,4.87001,3.28079,12.1645,8.2154,1.71056,4.09736,1.55307,0.542655,3.16514,1.45341,1.25206,10.7267,2.25665,6.205,8.09172,9.80231,0.418672,5.02729,0.256716,1.50528,2.02851,0.854478,7.17265,2.99957,2.77165,0.426752,3.73025,3.08519,0.929786,0.308853,0.751675,0.869559,0.961319,0.75153,6.31726,0.758299,6.59525,2.52513,1.25025,9.95924,9.66909,1.44712,11.0112,0.263418,8.45586,0.549963,0.350909,5.79132,0.328381,0.799203,6.34483,4.66525,2.75718,0.899814,1.582,2.42073,1.31837,0.781363,2.04119,1.72936,0.313818,2.54354,2.34492,8.36739,0.267283,0.831163,5.7773,6.4144,0.289671,0.402619,6.6691,1.02258,5.46435
1.81693,0.368579,2.44471,2.54857,3.31488,2.42928,0.720044,1.31437,0.423436,5.60218,10.8067,1.76749,3.36236,6.44443,0.251644,0.74744,0.266459,7.67658,2.36327,0.592312,3.22276,3.5185,2.17645,1.12361,1.17422,0.71405,0.648898,0.23281,0.334709,0.319486,0.373251,10.0061,0.552292,1.14883,6.24884,0.834908,0.264404,5.05618,1.29806,0.555331,2.03757,2.10292,11.1565,0.354572,9.2604,3.37735,7.83723,0.541069,0.467977,0.223916,1.25682,0.395386,0.662929,4.20339,1.58519,0.800063,2.16992,0.859853,3.266,11.9647,0.317625,3.90647,12.0135,0.319932,2.97507,5.52929,0.688927,4.40754,9.03406,7.08363,2.2702,10.4309,0.309162,10.9591,0.669427,1.29501,9.69213,0.317029,3.59565,3.62063,1.62775,7.10159,0.319398,4.07635,6.61531,7.80683,1.81487,0.241363,6.52177,2.5795,3.7086,7.74942,0.984349,0.355522,7.61083,0.660227,0.559581,2.60093,0.524369,0.70576,0.568529
1.60694,5.33283,6.25245,0.628527,5.09902,2.95177,7.60508,0.654482,0.765663,4.47665,10.3296,1.01531,9.56966,0.292248,1.25836,0.6925,8.82798,5.34942,4.98033,6.65687,0.345466,1.61167,5.13504,1.19559,10.9001,0.725862,2.68597,1.07874,0.549636,5.01587,0.276499,2.00337,2.32422,3.48547,8.48952,0.290439,4.13398,0.429202,0.657595,1.61752,4.21533,0.408443,0.625724,0.999941,7.92232,3.74601,0.613444,0.341922,1.89513,0.424891,0.2979,0.666677,3.19625,2.6979,4.78457,9.29322,1.00631,7.90897,1.41221,2.76358,0.850801,7.01845,0.361053,4.41622,6.0968,0.723522,5.41385,4.66723,0.520814,0.573359,2.60193,0.503766,0.236124,0.755392,7.83652,7.70783,1.9045,0.229091,8.0631,0.230054,6.17846,1.64163,1.95048,0.235197,4.11045,1.14679,3.55351,0.265095,0.530713,0.388212,1.48846,4.50044,0.806327,0.358902,0.417583,6.70629,2.34682,0.325926,4.05591,0.462635,8.98871
10.9255,0.430162,0.568682,0.408575,3.96635,1.92365,0.964748,3.71636,1.26495,1.09977,0.317942,1.66087,5.22294,3.72208,0.805886,8.48343,3.65968,0.326534,6.24791,3.08823,4.37802,1.143,0.317525,1.26459,1.509,0.731123,0.416852,7.15998,0.236976,11.8721,3.16567,1.56351,0.316331,2.42545,0.866088,0.601777,0.360885,8.65457,10.4789,0.225253,6.59723,1.61371,0.300737,2.16985,0.818603,0.378787,4.56811,11.6404,0.266803,0.375333,1.7814,4.58127,8.94866,9.30954,4.84993,5.36097,0.369423,0.876723,1.88682,0.733084,2.83724,0.916207,0.456744,4.59638,0.301158,0.560984,4.15355,4.22193,4.1963,2.36259,0.82571,2.14482,0.37297,0.329951,6.74034,2.82262,0.421652,2.85037,2.18471,1.566,0.380037,1.74503,0.431188,1.75849,0.499873,10.8392,10.6592,1.25769,5.63427,0.361731,0.336106,2.35211,0.403052,0.379335,0.292731,0.262834,1.08268,2.08331,0.240486,0.27738,0.409758
0.718972,4.3942,3.32644,0.298251,0.497286,0.403882,8.14761,0.844989,0.228034,0.967718,0.242206,3.58359,3.99946,0.539406,10.9418,0.795882,0.478072,5.81702,1.13164,0.487408,3.91324,1.85832,2.36806,8.40759,0.243922,0.498709,6.27515,6.10478,2.02767,4.08614,1.89532,4.57944,0.712067,6.25091,9.834,4.11384,1.20414,0.354078,0.531078,3.40928,0.706015,0.247231,2.42844,1.28438,0.789,5.19914,0.658616,0.447773,1.75517,1.26273,2.38731,1.29501,3.54476,2.56042,3.44689,1.58835,2.14554,2.12121,3.1433,0.501341,1.37941,2.17687,4.48701,0.386151,0.68849,8.25542,1.55378,1.77985,0.846518,1.03928,1.21349,7.67603,0.224438,0.48686,0.662459,3.64245,1.81662,0.743181,11.0564,1.73855,0.439326,1.38184,3.10707,0.586221,0.518975,0.563608,0.337374,2.80918,0.847186,1.5129,3.42851,0.624213,0.450522,0.260984,0.809027,2.20382,11.2552,1.19407,0.661457,0.448475,1.66189
4.88139,0.300628,1.54003,0.343487,1.11043,2.26163,4.43954,0.526289,3.0016,1.07999,0.275903,0.239786,4.08526,0.228939,1.77925,7.91905,5.99845,7.74421,0.824871,0.723224,3.13887,0.731923,0.890342,1.64915,0.29978,0.326725,1.78948,3.32889,4.75737,0.289358,0.318777,0.30959,1.32595,1.9849,7.01508,4.23367,0.744975,0.615833,4.10837,0.642814,0.490978,11.1911,0.928565,9.83229,6.37333,6.38085,1.28399,1.64796,0.605953,4.55881,1.34201,10.1456,8.51504,4.80698,11.4146,4.69042,8.08653,0.630722,0.526039,12.0602,7.14663,0.248083,5.932,0.720664,11.3969,2.0464,2.48526,10.5851,1.25151,3.23687,0.267434,0.377835,2.28513,2.5429,5.17536,0.537712,0.415204,6.53274,0.225985,0.470481,7.0826,2.46796,9.3982,3.2747,0.66816,10.0792,9.71033,0.846858,0.619078,0.71635,0.544089,0.558683,7.03445,2.84771,0.407204,0.29218,7.22897,2.60697,2.75075,10.3015,4.01981
1.83488,9.97833,1.53379,2.97079,0.788701,0.254578,1.49664,4.64984,0.369682,0.662826,8.09731,3.00495,0.758775,0.265953,2.59352,4.119,6.94426,4.22588,4.3717,0.246947,0.86564,0.475973,5.05881,11.0644,1.37601,5.9061,10.4174,0.241371,1.25791,1.60643,0.612456,0.7889,0.626745,4.26406,1.16656,1.83596,8.07316,0.427666,2.48248,0.699192,1.37999,1.73271,4.74719,2.94448,1.40341,0.463581,0.371987,4.91642,5.82912,4.71042,0.87879,2.15595,2.29243,0.460136,11.4709,0.34228,0.485768,5.17809,0.291019,1.55806,1.36705,1.40221,5.55973,0.621879,2.13446,0.764215,0.46877,6.04886,0.573848,0.311956,1.42486,10.6061,0.963685,2.4732,1.91813,0.420479,7.47804,1.25556,0.897633,2.7258,1.17088,0.905129,1.00145,0.320222,0.243668,1.28443,0.248628,0.683713,1.8757,11.8408,0.9647,1.1515,0.767763,3.62773,5.24431,2.79269,0.738045,0.688056,0.382359,7.39938,1.79992
4.85328,0.275303,0.75565,0.955418,1.26622,3.68268,0.664945,0.626533,1.41594,2.45611,8.15054,2.65881,2.95228,4.10901,4.01287,10.2415,6.63324,4.35624,1.83493,2.41557,1.3088,3.26222,0.900798,5.656,9.10638,1.97044,0.56021,8.91064,1.04945,1.47155,2.35865,6.5094,2.63675,0.707021,0.255663,6.70749,6.74239,4.61817,6.43376,0.388416,3.72354,2.96968,9.08683,1.219,1.16891,5.0042,0.917653,1.78214,11.7646,4.03506,0.709976,3.68505,2.51484,1.41267,1.66132,0.332145,0.425229,4.04759,1.01985,2.0903,0.310156,7.82618,0.870295,6.7313,0.317062,6.88933,3.51168,6.79477,3.73231,8.95977,1.18234,5.44266,4.01385,3.00447,2.99482,2.76949,1.77706,5.50389,0.756731,1.5942,0.465828,0.388375,1.72023,0.559724,0.417167,1.02149,0.832985,0.940812,2.37456,0.728743,5.12991,0.279292,6.16485,0.300743,2.16759,1.24175,8.42756,4.77151,11.0565,4.3719,6.68298
1.10618,1.79724,3.85106,0.706861,0.562133,1.77288,9.84105,3.43596,0.312465,0.293153,0.261549,3.57787,0.413361,0.268757,11.8513,0.61738,1.46419,4.10048,0.237349,0.288907,0.736971,0.501228,4.86822,0.911563,6.71817,1.01162,0.317436,11.7871,4.85227,0.230124,4.94031,3.20279,1.32331,1.79597,5.47212,9.66735,2.89795,0.275258,0.455325,4.48841,7.46325,5.0167,0.225168,1.02133,0.319358,1.26094,0.717605,1.22978,0.351361,1.11937,0.912027,1.34657,0.400104,0.745632,0.289876,2.67583,8.34934,0.602717,4.99813,1.43338,10.909,0.235005,0.389335,0.584938,0.380844,5.81219,4.83272,5.03922,3.50324,1.90845,0.304391,2.20436,2.11197,0.352073,0.765933,0.279752,0.845913,1.78762,7.07877,1.79633,2.34569,0.53685,7.36582,0.868458,0.298879,2.44708,1.43522,0.849766,3.37482,1.08561,0.850434,1.52094,6.81861,0.366628,2.24045,2.73623,2.36754,2.70807,0.606133,0.449145,1.67054
7.89412,0.45151,0.463116,0.839913,1.04393,6.23661,0.363965,0.238046,5.05816,8.21691,1.19312,1.78688,0.319985,10.7708,1.48492,0.345538,0.703789,4.1525,9.57844,1.57607,0.352881,0.629632,6.50726,3.11911,0.695875,7.9852,1.02698,1.8447,0.783127,11.2628,4.51609,0.597966,3.31726,0.385929,1.78612,10.0091,0.513303,0.345549,1.8208,2.3756,0.276431,7.9933,0.328237,3.03973,4.49555,8.67816,1.64747,3.44166,0.415925,0.237615,3.12703,1.04413,11.0886,0.447273,4.25587,0.964527,0.449945,0.292912,2.85582,3.91872,11.1492,10.1141,0.2641,8.32594,0.617255,5.50297,8.36573,1.14793,10.5322,0.245711,0.379117,3.34656,0.334088,0.234438,1.61041,6.45925,3.50663,4.76451,0.739321,1.71685,7.29889,6.17557,9.9665,0.974093,8.88589,3.28437,5.17598,11.8589,0.49787,9.31456,0.280331,0.605586,11.9328,0.653891,0.377449,2.56766,3.35293,7.76138,2.30005,0.620885,0.229059
0.692989,0.582894,2.68395,0.321292,1.88021,1.75102,7.11864,6.55673,5.17443,1.25709,0.465429,8.0158,5.14464,0.730144,1.83688,3.63629,6.22703,3.03543,6.61998,11.8828,2.40982,0.425698,2.12901,0.388797,0.757477,0.532264,1.13086,0.295099,1.527,0.512057,6.1764,1.79738,5.18259,3.93548,1.31606,1.47873,4.72348,5.26193,0.859702,4.67018,0.383792,5.24747,9.52192,0.695751,10.4544,3.61974,5.43464,2.40409,0.296145,0.583339,1.97221,2.1307,0.266045,6.53718,7.48117,2.82267,11.7168,4.71924,2.3928,9.35923,1.27803,0.432265,10.3178,0.317954,0.924815,1.0957,3.34655,0.578377,0.235069,0.435662,3.66671,0.86333,1.66827,0.233267,1.0455,5.82822,0.292082,0.324368,4.11491,0.287464,0.487776,2.78088,3.80279,2.08763,0.259797,0.319429,6.75694,1.01063,2.04454,6.70168,0.707304,0.498439,8.16487,1.05063,0.616816,0.233578,0.464483,0.239282,0.227932,4.99446,1.07072
0.913779,5.42595,0.262752,1.23283,0.414325,0.350145,2.69872,6.75069,3.45115,7.57556,0.537629,0.586056,6.94322,0.438984,1.65851,4.66032,3.00923,2.59927,10.3438,0.300061,11.4043,2.81492,9.5751,1.36563,2.31194,7.7446,0.35404,4.50756,9.56218,5.07779,4.40025,0.27516,0.518758,0.282288,1.29931,4.19004,2.09742,0.236061,1.04509,1.27205,1.34798,0.933491,1.00376,0.725421,0.583887,2.18371,0.700687,0.391174,5.85105,2.62216,0.239187,4.84749,6.1933,0.534785,0.470817,1.18443,0.94208,0.367803,2.98285,9.08119,0.64817,1.91664,1.7648,0.516758,6.4298,1.28793,2.2844,0.700722,0.545768,4.3248,2.1228,1.43383,1.38906,0.3765,0.931686,0.597148,2.58845,0.404479,0.87863,1.78564,0.326652,1.98656,2.27719,3.85435,3.09159,0.742227,0.510716,2.39069,2.40215,4.01677,1.91786,3.30298,0.690124,1.17799,0.598762,0.232373,2.6395,1.91155,0.430326,0.276735,0.872354
5.64572,4.18128,1.16875,9.37436,2.0577,1.58287,3.95375,2.46712,8.50714,3.31812,5.02066,3.32437,0.811216,0.258534,0.345193,2.55339,0.40673,11.7125,3.85777,0.347048,0.490979,0.390753,2.23489,0.276537,3.05628,0.687704,4.46087,1.11096,0.562713,5.25678,0.748566,4.60612,5.61675,0.508633,9.37375,0.344828,3.11993,0.451141,6.49749,2.93573,0.28014,4.36027,0.251294,4.86684,1.48585,4.89176,0.322247,2.15683,0.847017,5.30586,6.0755,0.447287,0.332277,6.40297,11.3379,1.28841,6.62509,5.32078,0.357333,0.482018,0.335471,0.746759,3.34118,1.80372,0.447652,0.358033,0.507511,3.88471,0.76135,0.843684,0.779254,1.97772,4.39808,0.48495,2.60952,1.71161,0.276963,2.59502,5.19328,0.31912,3.61317,0.421578,0.78769,0.377526,0.276875,0.550362,2.60275,6.69667,0.795064,1.93634,3.11726,0.695465,1.80963,2.30724,0.505758,2.5494,6.06057,4.18231,0.533265,1.62974,2.16292
8.81192,3.08408,3.61082,2.30316,0.236529,1.7184,9.00841,0.807276,7.162,1.40861,2.69437,4.03861,1.02676,2.81254,0.366366,0.431737,5.14064,5.40407,9.63347,10.2994,2.22735,2.07493,1.74014,0.254346,7.91059,4.47197,2.23984,0.368284,1.65648,0.441539,0.593154,5.74324,0.704699,0.423583,12.0589,1.59406,3.03313,0.306839,11.6701,1.753,0.40651,0.371712,2.4173,1.01169,3.19907,0.561906,7.89657,0.487614,5.94915,2.06018,9.77028,0.446282,1.50566,0.289533,8.30451,11.8557,8.99208,10.2952,0.274554,0.264558,7.82963,2.39517,0.69863,0.345396,0.706883,9.07558,0.335398,1.12263,6.50926,11.0793,0.276015,2.92116,0.538565,0.223329,0.3722,0.244208,0.261494,3.23225,3.09615,2.78465,0.402975,1.39885,4.90003,0.250852,1.95991,3.08512,11.9162,10.9051,2.77637,1.05035,0.419051,2.96356,9.6642,0.597675,1.26118,2.37821,0.405132,3.26551,9.62263,2.72453,11.4383
0.294941,10.6933,3.30602,0.645226,1.02108,0.270901,0.465923,3.22793,0.286704,1.4719,0.299558,1.42985,7.16556,0.687652,0.268598,0.233863,1.15033,3.71978,0.226238,0.614531,2.06481,2.27287,0.63372,0.350929,2.04927,3.4832,2.41188,1.50981,0.512758,1.80361,2.27381,0.296186,1.5548,3.51931,0.642749,2.15881,6.04609,0.624569,5.24286,3.04393,7.4032,0.973548,0.4022,3.53664,3.20801,1.01756,11.2052,0.656247,2.52894,0.45328,1.38063,2.03662,6.74122,1.04523,1.56596,0.472024,10.3412,0.226454,11.4005,0.284184,2.42767,1.9655,1.90863,1.22596,0.229147,0.316432,0.315949,0.984255,3.14111,0.416133,0.924403,3.31541,2.37101,0.761434,4.51114,7.24773,0.542371,3.32393,0.246778,2.20768,1.54556,0.25156,0.991031,0.365066,1.43964,0.883346,1.47944,0.710164,1.62317,2.81226,0.914426,0.420954,4.58284,11.2935,0.532245,0.722286,4.84245,7.29814,3.28688,0.980996,4.96118
9.94737,2.88012,2.85925,3.11113,1.02908,5.79738,0.690137,1.83551,0.269478,0.718727,1.41334,5.22223,0.393445,0.945214,0.694661,2.27094,0.338688,3.3563,0.288623,0.419816,0.844361,0.446156,1.97669,9.54946,3.52636,3.18122,0.43061,1.41118,0.979386,5.91651,2.91562,6.92805,6.54478,0.752918,0.332667,0.899622,1.14511,2.78047,2.93829,9.5935,6.63645,1.22569,0.7902,7.68681,10.5594,11.4002,5.88358,0.328528,3.04654,0.323858,10.8025,0.348961,0.252029,1.72662,0.449789,0.304422,3.45529,2.31705,6.05393,0.55784,0.273854,6.65952,6.678,4.10681,0.386531,2.47665,1.22383,7.3468,1.00782,2.60962,0.6082,3.07194,0.66005,7.87544,1.93377,2.55404,2.10535,2.49554,0.373652,0.560724,7.00047,8.57814,1.16986,1.4238,0.526517,0.913654,0.508606,0.838777,1.02327,7.1107,9.38726,1.24255,8.71712,4.57497,0.308689,0.346116,1.68241,0.36249,0.408422,0.225428,4.44864
1.82939,4.65965,0.894459,4.69788,0.757018,1.03939,0.435466,6.63262,1.83731,0.54753,1.14558,0.452316,6.81136,4.30241,0.272819,6.52457,0.357903,6.56733,1.61871,7.9508,2.53336,0.416873,0.523288,0.370556,6.56202,1.0826,3.53837,0.271052,2.36632,0.624811,0.401144,0.792317,1.21269,2.92509,0.380338,3.85347,0.280828,7.9895,0.417321,6.02811,2.0587,4.30604,1.3107,3.6465,3.47864,0.904989,8.72247,0.898844,1.43476,0.619291,1.44024,0.872315,0.797809,0.448625,5.75527,0.701086,12.0303,11.881,0.676368,0.285943,1.79249,0.355147,0.298519,0.656078,0.909071,0.379914,5.69421,3.06812,4.32735,2.57391,5.84863,0.237136,1.58105,4.84695,0.248335,0.885971,0.660922,0.327099,0.522541,0.252859,1.1711,7.27772,1.05058,6.55695,0.341332,0.65643,0.433536,0.781167,6.22712,1.06363,0.733049,1.11362,8.64199,4.83816,0.838235,1.47138,7.12427,11.6569,0.233228,0.229031,0.317904
0.314813,0.324303,0.466961,1.56785,4.26154,2.85944,0.502534,0.607041,0.453179,0.597073,1.40459,0.819311,1.06205,1.9198,0.242551,0.552803,6.63137,6.01728,0.848383,3.38962,0.228662,0.425084,0.611531,1.92374,1.40796,1.53741,2.07607,0.715117,5.66299,11.4393,6.90269,3.03761,11.5299,5.73345,7.91266,0.526075,8.0524,0.447006,4.92543,2.98632,0.232188,0.374533,1.51184,0.475485,11.472,0.889597,6.77113,0.713992,5.10905,0.81029,0.745239,0.972531,0.649721,1.0505,4.90905,2.59298,3.0618,4.23163,5.71862,0.423735,0.837677,0.841765,0.331837,9.54656,10.5016,0.348407,0.477459,1.74069,0.301428,4.45676,1.27997,1.52347,0.673259,0.813829,1.37882,1.27328,0.285057,0.374851,0.850131,1.10272,10.974,6.12607,0.272332,0.237808,10.3239,0.273939,9.52399,9.59446,3.79166,3.36286,7.51459,1.44122,0.59827,0.412636,12.1186,8.15312,2.18683,1.04535,1.16157,0.328961,2.87989
0.481358,0.382743,2.55084,0.41857,0.632408,1.36137,2.73054,0.62183,9.12906,2.24091,2.47764,0.848796,9.30791,0.604743,1.51865,5.81927,11.4697,8.00478,2.00781,4.45966,0.272459,3.96537,0.253603,0.450222,8.03833,10.0099,4.96575,7.34228,7.65672,1.91582,0.761953,2.25149,9.67506,0.897152,4.97794,1.23972,0.311978,0.247771,0.425679,0.854026,0.957681,10.8356,0.512127,4.22954,0.268194,3.12324,0.858577,1.39772,0.972642,0.243812,2.8492,0.250769,2.06617,9.40515,1.57676,2.83457,9.62379,4.78626,7.17839,1.44658,1.58389,0.481027,6.81352,0.710198,4.1538,5.12608,1.56875,11.025,3.48576,0.389624,2.82857,0.627478,3.28913,11.2435,2.28458,0.392197,1.67543,0.267176,1.2545,3.06232,3.93558,0.286713,7.1677,0.921152,4.57135,3.01345,0.455543,9.46963,5.18701,0.69362,8.74788,2.15325,0.43092,2.80284,0.44129,0.441183,0.958993,3.37996,5.08098,0.352825,11.2889
3.16739,1.78754,2.74185,7.63045,3.00007,0.3969,0.451561,0.299076,0.345798,0.74429,6.30997,2.8623,11.3114,2.96644,1.06306,5.22974,0.730345,0.356286,8.61427,10.4234,1.2135,7.58705,1.50915,0.684375,4.37903,5.26896,1.14668,3.65852,0.449059,2.84376,4.50497,2.73544,1.33196,3.92823,0.270365,5.73301,1.37433,4.77112,1.53654,3.30632,5.66109,0.459774,2.64523,2.39398,0.308717,1.45995,0.614264,3.53355,1.70372,0.570778,0.232781,1.39806,11.851,0.449732,8.36256,10.3615,0.649238,1.63787,7.99905,2.60943,3.91375,1.29408,2.66588,2.11554,0.946523,0.699103,0.310489,0.582046,8.21168,6.74066,9.53318,1.66268,0.767473,8.18376,6.70219,1.95794,0.352153,7.02972,1.69889,0.324736,0.480468,0.541111,3.59061,1.87501,10.0913,9.93186,1.99166,0.340377,0.663317,4.11058,0.443146,11.4487,6.28567,5.72608,1.53212,7.14389,1.16749,2.21267,0.540218,0.301716,0.401152
7.85327,0.305114,4.14921,2.72553,2.0325,1.16452,0.370344,1.74635,1.05336,0.369472,2.12401,0.462093,2.07335,0.509217,2.0836,0.436308,8.43538,0.715161,0.28753,0.369378,1.79919,0.737881,2.17799,3.49406,4.63652,0.83604,0.231195,2.19583,0.854575,0.392296,1.50949,1.45886,1.15595,0.672826,2.35228,2.51761,1.2039,0.350635,4.0481,1.17881,0.335293,10.3305,0.454881,0.672729,1.30942,0.540132,6.58004,0.654136,8.24319,0.922182,10.4711,11.915,9.12281,10.2138,7.14377,5.03541,2.50964,7.27793,0.50346,7.91541,1.44467,5.10838,5.93831,0.251186,1.13695,0.780702,0.550181,1.06573,8.90292,11.1791,6.54935,1.15662,7.05211,7.96967,6.0748,1.42141,11.0819,0.949298,9.93532,0.478153,0.505927,1.23272,5.07312,0.414773,2.01994,0.982815,0.678718,1.6837,2.45364,1.54469,0.453563,0.795428,4.24463,0.346869,2.78465,0.727323,0.930319,6.77594,0.744385,10.4668,9.84837
0.900839,0.29512,0.829857,1.76979,8.83184,0.599374,0.554442,7.84009,2.42242,4.47172,0.501039,0.59103,3.79795,4.25291,2.7042,2.90012,0.612711,2.20849,2.16251,1.11085,2.05352,0.678068,0.38062,4.21784,1.85925,0.52864,6.78764,3.23071,0.572245,11.5926,0.243459,1.58776,0.261344,5.97955,8.0691,1.63466,7.1371,0.689398,10.7424,2.14892,3.31985,10.5391,0.945281,3.76972,3.47889,0.703179,5.40418,0.291327,2.20679,2.32598,0.397796,1.46618,0.759011,0.321423,8.08915,7.2754,0.683255,4.49827,3.91027,0.988339,0.488772,3.39329,0.635284,0.504024,1.11679,3.03851,4.17948,2.3038,6.94097,5.07241,0.389675,7.45734,4.00557,2.94653,4.78485,7.23352,1.59041,1.15842,1.11645,9.73295,1.83415,1.77842,5.48573,3.48879,0.731563,0.806164,0.698788,1.14556,0.593759,10.4047,10.1755,2.06029,0.654371,0.276475,0.662615,0.878661,1.62316,2.27643,0.909199,6.83943,2.80175
0.288427,0.505919,4.31352,0.512412,3.46927,1.13549,9.85224,2.57447,2.86807,1.52291,5.54506,0.246179,8.39686,0.225111,2.49339,0.269117,0.420777,6.57012,9.23961,6.44687,11.6608,1.13962,0.770995,0.685486,0.289458,11.8351,1.80956,9.36752,0.38591,2.25246,6.16578,4.34303,1.86602,1.5272,1.39741,4.77651,0.358774,1.28569,0.850155,10.4585,3.01278,3.25221,0.223986,1.00335,0.374035,2.0917,2.76093,0.601134,5.14479,0.233084,2.86207,7.75167,7.17981,0.390064,0.258914,3.63817,0.352529,0.41669,3.36502,6.61847,9.7141,2.29784,0.550518,8.28407,3.17094,0.268573,7.71651,2.71278,7.34791,6.77844,7.11465,0.813727,2.98291,5.89993,0.30923,0.555433,9.80052,2.33379,1.06593,0.33024,1.33804,0.796284,0.848214,1.29488,0.700809,0.754459,0.458791,1.62229,0.944185,1.78521,0.896239,2.56797,1.45656,0.279847,0.302105,5.88919,1.77604,0.745079,4.95988,1.93388,1.28136
0.241736,1.41295,0.501,2.07558,5.69245,0.239267,0.235856,1.86662,3.67428,1.55809,3.28787,0.387692,0.352324,4.75739,0.908791,3.07835,0.431179,0.225483,0.650713,4.41187,0.875018,2.15216,5.06132,0.368517,3.44608,0.335482,5.9722,0.468271,8.08246,4.27205,0.234072,0.480006,0.939662,1.31222,0.896962,0.42015,0.651871,0.317318,1.62222,1.03098,0.972413,4.51914,7.74884,0.851648,0.561118,8.63726,3.30763,0.75389,0.224256,0.373979,0.459406,0.305834,0.850743,1.37939,4.54582,1.48208,2.7111,0.794863,0.786228,0.550429,0.883213,0.394561,2.65443,5.78369,0.880796,0.875268,0.381794,0.34801,2.51742,0.598816,0.313126,10.9025,4.38274,2.88663,1.33412,2.33521,2.74483,0.798834,7.14744,10.9971,2.22989,9.67042,0.312131,5.34647,0.61782,3.58982,1.52014,1.63194,0.273181,4.7071,8.67938,0.243671,0.349726,0.298069,1.54253,4.70239,0.751272,0.350267,1.12048,1.95257,0.32244
1.39209,5.92221,8.87872,1.22728,3.63785,3.93687,0.42456,5.96151,1.93026,0.481882,0.296795,1.18608,0.223172,1.91194,1.55557,1.16833,3.25469,3.48747,1.1279,0.546979,0.734007,0.237387,2.85086,0.420811,0.616178,9.90286,10.409,0.39412,8.06783,0.784732,2.48155,0.747635,0.248363,1.28623,5.58709,1.91635,0.653064,0.941703,1.19927,5.66821,0.305351,1.96711,11.853,0.424454,10.7872,0.69138,0.247028,0.546312,2.31743,11.098,5.74812,1.16409,0.273604,0.565115,0.347037,0.255788,3.44432,1.79417,0.453349,0.306203,9.68704,4.51549,0.926259,1.43263,3.52411,6.58275,0.752251,1.98303,0.634315,0.868049,0.748107,2.61232,0.410188,0.410084,0.325501,6.31412,2.18123,0.361703,6.33671,0.994839,0.601665,3.47768,0.505398,1.26757,0.474435,1.15601,0.439579,0.233678,1.54933,8.371,0.231104,10.2986,0.357124,0.551142,0.746705,0.284259,0.639323,0.555865,3.93142,1.41697,0.930983
0.287188,2.21062,3.45225,6.17035,0.777091,2.21419,0.36058,10.338,1.1348,6.92726,10.4877,0.521563,0.414661,1.07507,0.530374,0.331353,6.0996,0.468349,0.304754,11.6644,0.359477,1.77079,0.508259,3.66612,3.72729,0.252008,0.360237,0.566546,4.53328,2.25939,9.26404,3.94245,1.09581,2.66526,4.84717,1.41319,1.06818,1.0438,0.591542,6.82022,0.801801,0.426518,2.67229,2.63861,1.55585,1.53464,1.49799,0.735959,0.572703,2.82608,2.17299,0.280972,2.29884,5.60709,3.41616,10.0686,6.71211,0.249657,0.722047,0.972081,0.741094,8.2084,0.272724,0.835183,0.901871,8.33234,1.51848,0.300194,10.7133,11.3623,0.681024,0.780903,3.40436,10.5482,1.6932,8.1732,0.251323,1.20945,3.95724,0.538054,0.420642,5.46449,1.31704,1.39802,0.809019,3.32569,1.76032,0.812539,2.01399,0.333156,1.87073,10.8811,0.849552,1.71831,1.20876,1.8223,4.6136,2.86045,10.9361,6.23389,1.19767
0.578753,4.58286,3.04202,1.08064,2.95517,5.7649,1.41537,4.25029,5.98768,0.380432,1.4928,1.04198,0.764184,1.52882,5.34154,6.2978,0.334801,2.04562,0.35668,1.84933,0.944066,0.686193,6.95005,1.67799,8.42329,0.402375,0.433327,0.413778,1.45347,1.89922,0.246902,0.411341,8.73102,4.66715,4.63948,2.74285,2.03722,0.564069,6.85217,9.46332,0.249407,0.611307,4.30227,6.0362,0.346393,3.10956,0.469635,0.61225,0.337743,1.97469,6.16148,5.20205,4.38256,0.444177,0.910511,0.616152,0.808643,0.343808,2.90131,3.18146,2.43528,0.720975,4.80678,2.33243,1.87187,8.89475,0.316813,1.73827,0.652778,3.50148,0.609525,11.9031,7.44823,0.777849,12.1553,0.723499,0.768146,0.341008,4.00562,0.903172,10.9268,2.67449,11.7258,0.911366,2.44314,2.63176,1.66076,1.09042,1.00019,0.254973,7.59519,11.7326,6.69793,1.14733,0.280615,2.98327,2.73348,1.09716,0.877522,1.26388,1.81451
10.8323,0.274654,0.624416,0.592922,0.228554,2.29499,2.98673,0.883237,2.24951,0.720857,1.03877,5.00937,0.253248,0.312722,0.277165,1.42032,0.796732,1.12093,0.425458,4.16932,8.9815,5.81621,6.93457,2.25986,2.85147,3.13335,6.93887,1.22896,0.437316,0.526158,2.36886,0.614393,2.01609,0.49011,3.34337,1.49817,1.86526,2.92561,11.5806,1.38349,2.04679,0.388851,0.895189,0.279795,1.17613,1.02168,2.85872,1.67611,8.03777,8.22181,1.07041,1.22367,0.225292,0.749328,1.32872,0.28189,2.751,2.72398,2.69006,1.043,3.75298,0.738987,11.8272,5.86222,0.651061,0.688529,0.60058,0.485898,5.04297,9.92404,0.269469,12.0946,2.28268,4.81576,4.67948,0.9097,1.56524,0.350987,6.16602,0.488913,0.919071,0.391523,1.82639,0.550419,0.241607,0.458149,3.74463,0.350294,7.19588,1.42587,1.76913,0.240224,6.83404,1.88767,0.527791,0.307446,2.47654,0.228205,0.415608,1.30627,11.3961
8.23862,0.419467,1.87717,0.822057,1.88107,1.33238,8.67879,0.941547,8.90136,0.466877,0.93514,0.374806,0.649426,0.380675,4.71484,9.7323,0.791846,0.350621,4.87925,0.474737,8.94088,3.08379,10.3307,1.37976,0.280124,0.228468,1.02294,2.40928,10.9967,8.15594,3.26919,3.63448,6.71538,0.645426,9.26462,2.95998,0.904045,1.04238,11.9555,0.603506,0.794315,5.67536,1.55952,0.597422,4.50961,9.49588,0.289721,2.08158,0.750015,1.13757,5.03677,6.72392,4.19773,6.00013,0.312433,0.419454,2.01708,0.298394,3.2032,12.1053,7.5709,2.61661,0.684723,3.64247,5.53232,0.850186,3.34965,1.38174,1.39956,0.259317,1.85511,0.906211,3.86839,0.933208,1.7941,6.58,6.68754,3.36955,0.479445,2.87797,1.56039,0.438753,4.74276,1.17841,9.90656,3.3133,10.3717,0.976228,2.73993,0.283443,3.99139,11.2981,0.45187,0.262068,1.44748,0.853925,4.9296,8.7452,4.09918,0.235872,1.74823
6.71054,12.1822,0.316819,4.12654,6.52498,1.50598,0.334014,0.265979,0.541671,0.225668,9.23885,0.235192,0.256701,9.13397,0.822331,1.40859,9.24476,1.10754,1.77603,0.508743,1.64396,0.329583,10.8942,0.625699,0.300599,0.65995,0.251528,1.41561,0.265447,4.06597,2.24094,9.58001,1.55048,9.33009,0.4042,0.462302,8.82554,2.22214,4.24035,0.295183,2.32692,3.0833,1.03748,10.6965,1.55986,0.403951,1.16664,0.3272,0.229249,0.796238,1.97091,2.75752,11.2792,11.0156,4.65249,3.17484,1.1685,1.46462,1.43247,5.00894,0.902535,2.18087,12.0564,1.3371,11.6604,0.872447,2.13786,2.6843,7.38257,3.30654,1.80818,4.89558,0.465903,0.248119,4.76975,2.54241,1.48665,3.77835,2.28097,0.637471,8.45663,0.368872,7.61439,2.68526,0.497354,4.55203,4.31708,3.81368,0.433335,0.900012,6.93501,0.224061,6.34849,5.46318,2.02734,0.322668,0.446583,0.589,0.244235,0.965709,2.15362
0.648342,0.505258,0.63254,2.87087,2.64795,11.9491,2.60363,0.245478,5.24342,8.19142,8.73557,0.398433,2.97484,1.40138,0.270081,6.40708,0.569934,4.23291,3.38432,10.6284,3.30857,0.225024,5.21183,1.5,0.279667,5.29668,6.88013,7.60623,0.659159,4.88158,0.223867,0.445907,0.332157,3.93016,11.0854,0.671264,4.39016,0.970759,8.0678,4.34224,0.537991,7.49755,0.782046,0.683626,10.8017,4.09119,0.247202,6.29201,1.76047,0.283542,0.941425,0.967685,0.29839,6.75984,3.45216,1.01938,3.44711,4.92842,0.401033,1.45208,0.241581,0.735925,8.7149,0.886744,3.15888,10.6225,1.44645,2.01251,0.41498,1.32809,0.537535,10.8045,1.22463,1.53483,2.56725,1.01257,2.64162,6.66327,0.682088,10.7286,5.65982,2.88404,0.902166,0.502515,2.56407,0.264133,0.401243,1.14989,0.358721,2.1601,0.530434,4.77184,3.4408,0.477901,0.263578,4.07093,7.44404,0.505301,3.78232,0.679216,0.311774
1.93294,7.84458,7.45985,11.4659,2.91763,0.282209,0.295889,0.227707,0.996808,0.708225,0.337218,4.39566,1.51509,3.55012,5.97371,2.21855,8.05646,0.301948,0.415263,0.578625,2.20547,2.15374,2.13512,0.573662,7.29656,7.32735,7.12569,0.343336,4.39596,2.19643,3.26436,2.45095,0.942913,11.852,1.18109,7.1987,0.234881,6.78979,1.22873,0.53139,8.03337,2.89068,1.03585,0.480699,8.46164,3.91862,0.33333,0.257202,6.81851,4.35633,2.96549,1.65556,0.955029,11.4757,5.2232,5.79973,8.40519,0.413032,10.7908,0.864052,0.597418,8.81306,0.355065,0.226725,2.99504,9.62143,0.343764,1.12958,1.11081,1.68182,1.67675,1.06983,2.68505,2.30013,2.82151,3.12801,9.84205,12.069,0.249702,1.10211,0.353152,1.76935,0.615888,0.234157,1.07208,11.6026,1.73779,7.56619,3.85354,3.23106,0.768273,7.75994,0.541286,0.976207,0.686436,0.449614,6.39969,0.28902,2.24402,1.08097,0.784155
1.00083,0.368569,3.4712,0.86327,1.77546,0.300305,1.07787,1.56677,1.02793,5.66591,8.1955,1.86304,3.86824,4.83179,0.927417,4.71847,11.04,0.697898,0.344532,1.35049,0.434895,5.19714,1.9463,3.1508,1.5819,2.11194,0.731485,1.47702,0.398186,5.8218,3.74863,7.86854,3.83775,0.879845,11.3198,1.72984,10.4581,0.922272,0.451814,0.734657,0.389186,0.532233,0.950106,0.31132,1.18571,6.1143,0.750524,0.793429,0.48081,0.799042,11.1015,4.88631,0.613777,3.80078,0.605385,11.3838,11.3635,5.64405,0.384029,4.91939,1.28475,0.699322,11.8891,1.91718,2.84757,0.395979,6.60076,0.971159,5.47463,1.92262,0.336954,4.1917,0.645541,0.223202,0.262097,0.27026,1.18275,5.36838,0.673225,10.344,1.12993,11.7401,10.8996,0.898509,0.270072,2.91705,0.643133,4.1253,0.231981,10.4046,2.11116,7.78177,0.51296,8.70469,1.26655,0.954751,1.11997,6.86572,0.573965,3.05453,5.48735
4.66923,12.0757,0.32464,8.08686,1.10831,2.89523,1.62535,0.720033,0.329547,3.01007,7.40694,1.813,2.33681,1.83548,1.52314,0.364203,0.412999,1.8587,1.38355,5.80766,5.12256,1.62535,2.19684,8.03738,0.250228,0.315589,1.51692,0.67352,1.62371,2.00988,0.277412,4.00357,3.45989,1.12444,7.72501,0.873757,1.48975,1.8673,0.435489,0.576538,10.1636,0.251371,2.19309,3.06362,7.0244,1.25801,0.679623,9.64178,0.273861,0.53993,1.25689,2.89129,4.27431,1.49701,1.35581,0.777617,0.284741,3.19957,2.53816,0.329401,0.921154,0.423973,0.258284,0.32145,1.58088,0.630872,0.642796,0.771013,0.968615,3.41269,6.26822,0.446782,1.29595,5.19607,1.65141,0.640649,0.412968,6.84129,0.451447,11.0615,2.87043,0.388633,7.88623,0.529691,0.865131,1.35752,6.39009,1.36615,0.853214,3.75824,3.53843,1.76281,0.227737,0.768697,0.49328,2.24099,1.43401,0.738094,1.25925,1.40828,0.230039
1.7335,0.276991,0.348228,0.384542,0.949915,2.43299,1.27933,3.79259,5.65103,3.49072,0.480507,0.599271,0.649558,1.08466,0.395168,1.54492,2.4202,0.441877,11.6278,8.00846,0.792579,11.0327,3.03838,3.25124,0.903799,0.439745,0.243822,11.0172,4.66874,2.14046,0.848257,0.314557,1.33677,2.35966,4.58444,0.355593,0.379889,4.82354,1.05691,0.536446,4.35034,0.382903,1.39613,4.6746,0.56858,6.65227,6.8242,0.245757,8.1531,7.3279,0.433633,0.62258,0.701517,8.76939,2.07939,2.5522,0.25488,1.62288,1.67128,2.8388,7.59656,0.662803,0.726813,4.67044,4.04239,0.443051,6.39914,0.391464,0.382622,0.32616,6.20493,10.2837,4.48815,3.4013,1.56109,0.724743,0.340646,2.82381,2.44489,7.73496,0.60149,0.253444,1.19017,1.8454,2.40175,10.3233,1.52049,0.781115,1.78222,5.23808,1.15727,1.49824,0.977754,1.65961,0.900556,0.529619,0.568749,2.6985,2.41858,1.34379,1.44003
3.22488,7.2584,0.947815,1.1539,3.95693,0.543573,0.720874,5.93333,1.05053,0.450072,8.89615,0.548029,1.26993,11.6806,0.832963,0.308258,0.433236,0.333239,1.74735,2.95002,7.62714,0.792772,0.378325,2.17449,1.7293,4.7203,0.376784,0.740152,3.61847,1.95269,0.583203,2.95781,0.224317,0.451454,9.13758,0.584141,1.03369,1.46352,1.07538,11.2251,1.23144,0.589719,10.3405,1.79202,4.19273,2.60941,2.21533,1.59224,3.78212,4.52191,2.17549,0.519418,9.75077,0.79882,9.35192,1.48422,2.00131,0.98274,5.40993,11.0532,7.94243,6.82261,4.37895,3.31788,8.78645,0.268334,0.841876,7.74667,0.380412,8.95508,1.83252,2.64114,0.649324,0.487017,0.77815,4.41182,9.62934,0.327493,0.610993,1.47617,2.22474,1.33167,2.77987,2.36062,0.628157,7.36822,0.972419,0.951258,0.880792,1.29211,0.594142,0.398726,1.03572,10.1814,4.59227,9.42993,1.03472,0.672944,1.70149,6.13938,0.748564
1.87091,0.297993,2.24064,0.22801,5.51564,0.537488,0.59231,1.69832,4.43314,0.266846,9.15876,1.94833,0.783623,1.88327,12.1456,0.236745,11.1027,1.18155,5.11472,0.344776,1.31985,5.33155,8.7659,1.08802,0.336188,0.462111,12.1655,10.0483,0.634072,2.60643,0.396327,5.5549,0.376577,10.0027,4.44832,0.303648,4.97388,5.1537,8.01841,1.66094,0.409614,0.230914,9.12665,2.4726,3.67484,0.658908,3.91085,1.30427,0.743724,11.0314,7.55951,2.40786,2.98756,0.590693,1.27035,0.299393,10.3194,9.04422,5.98383,0.326095,0.540377,0.471387,6.86658,1.03822,1.47894,5.78594,7.15956,0.669919,5.43285,0.906746,7.51282,0.756553,0.243087,1.0846,0.701552,1.54387,0.768457,3.66857,0.457222,0.427189,1.66879,4.29852,6.08384,7.77384,2.59062,1.12315,5.09336,5.18504,2.36725,12.0657,8.62823,4.41379,7.17969,9.81052,0.900217,2.93449,0.850929,8.62361,0.284331,1.19084,4.14427
0.261093,0.226876,2.39371,5.11986,3.35768,2.77589,8.5811,1.44757,9.36261,10.3695,0.319378,8.07055,2.20888,1.29282,4.59318,0.522349,1.37956,8.36876,4.17266,8.86329,3.07483,0.431049,1.26169,2.95285,5.57359,11.6397,11.3834,11.9179,0.482075,0.282249,2.32833,1.11215,3.75481,0.825915,0.438994,2.92589,0.251747,9.24511,11.7589,1.68099,0.492792,2.97343,0.544033,1.12984,3.57616,0.253139,11.3768,5.41497,3.90112,2.83337,1.70785,6.01556,7.20736,0.331222,1.95793,3.91506,0.554888,0.689797,2.17979,0.363063,0.852441,4.16524,0.331696,0.238411,0.708255,1.51744,0.246233,10.6122,0.984032,0.456001,0.725726,8.953,0.355031,0.690506,0.245793,1.36575,11.4165,0.29103,9.83557,1.73068,3.15634,1.0281,5.34171,2.6484,2.62282,1.0884,1.69424,2.39348,0.274403,5.09117,5.00342,7.73188,3.36433,0.494204,0.387671,6.6287,1.88125,8.32125,4.14451,0.816187,11.6163
1.28473,8.95558,3.20986,4.94089,0.411274,8.97148,2.14826,0.305145,6.66644,4.95417,5.95185,6.53029,0.307751,3.93974,0.274375,0.259143,0.235892,6.50594,0.263186,0.584937,0.819406,11.5905,1.52734,1.00955,1.29265,0.763478,0.945988,0.54137,0.31171,0.23587,6.16488,1.58043,2.65077,1.4305,10.4699,0.321618,0.572097,0.554795,0.567922,0.35789,0.376385,7.84867,7.71289,9.7901,0.402292,1.07187,9.11086,0.232924,3.65239,1.49774,6.92216,8.57831,2.01286,5.05744,1.27532,2.20936,3.81398,0.326512,0.452889,1.89653,11.0402,4.38293,0.312824,1.83326,0.228676,8.28502,0.242676,4.32069,6.36318,6.58612,9.71033,1.17996,11.6806,6.55773,10.4442,1.00295,1.40463,8.07818,2.07214,10.5468,4.64458,2.31787,0.392531,5.92162,1.17441,0.617817,3.63021,4.01091,9.37342,4.22004,0.250186,0.499085,0.524116,0.251344,0.817086,0.961185,0.715796,0.263572,1.54423,2.20322,0.410641
9.27516,2.40024,0.708299,0.722319,0.254506,4.2706,0.478469,0.478995,6.20805,0.350588,10.7357,0.572204,1.4517,2.26837,11.8154,0.655051,1.33441,0.397695,5.44064,0.446414,4.3593,11.9765,3.50292,4.44495,10.1222,2.0951,0.316994,9.72211,0.25255,2.68813,8.77506,1.46039,2.23335,1.47462,1.99809,0.240958,1.18318,6.35772,0.299691,0.611942,0.250938,5.19172,9.21,11.3178,5.25967,3.72358,0.230367,7.18847,1.17113,1.0136,0.565933,0.266148,5.35711,1.97391,1.65035,3.59039,7.07244,0.447454,2.45499,2.09482,0.483889,0.496475,11.9814,2.72169,2.52429,2.76043,2.84015,0.277108,1.56229,7.75546,10.2489,7.47419,2.30087,1.71136,2.4082,1.93564,2.91331,0.538314,0.265674,3.43913,0.321319,10.3422,3.67843,0.554176,3.4701,0.225606,0.600047,0.361672,0.655782,1.0752,0.602318,0.551046,4.01852,0.295245,9.03906,0.659096,9.02886,1.91696,0.772386,2.39707,0.568288
9.2372,0.459089,4.96826,0.352985,0.287723,1.42107,0.25637,1.54434,3.88735,6.99405,1.70778,1.18376,3.1677,1.14301,0.559862,0.808907,4.35137,2.85256,3.28074,1.14666,4.86286,1.21634,0.673932,0.756026,0.318368,7.62945,0.959617,1.80463,1.69195,0.260941,0.863119,2.98044,1.02243,1.42852,3.51407,2.4039,0.579135,0.262232,1.75749,0.327794,0.610508,1.95096,0.800304,0.281913,1.31966,9.84529,1.53851,1.52978,7.27186,3.0173,0.438374,0.515576,6.5602,0.663947,0.68399,0.309968,1.11894,0.905525,0.510985,6.37629,0.780137,3.45804,0.3926,8.89615,1.95928,0.685444,9.2319,0.999965,0.850728,0.502149,1.23307,2.45941,0.53158,0.7255,1.77398,0.72413,3.28615,6.21437,0.596893,0.2439,1.89105,0.521165,4.37006,11.5618,1.91308,0.29343,0.719835,2.3299,0.612274,3.89263,6.28608,0.384348,3.29536,1.44828,0.655788,1.39711,0.517766,5.30141,0.782482,2.27113,11.9249
3.99007,0.428496,0.707171,7.11453,3.4656,1.28949,1.2553,8.96675,2.83153,0.511211,0.227389,4.29678,7.09572,0.236124,2.25875,4.22318,6.58319,1.62104,7.80838,0.57055,8.84963,0.405012,0.266917,1.75912,4.38824,1.82123,4.79441,0.715983,2.1332,0.541293,3.12553,0.233173,1.12767,0.462113,1.13105,2.13144,12.1108,0.23963,2.18816,7.49074,0.647396,3.38073,6.02845,0.559119,0.345225,0.31848,4.06437,2.50961,4.84755,3.9156,1.12062,1.50033,2.39999,2.71384,0.783163,0.511906,3.66818,6.90579,4.85669,1.45701,1.15819,8.49095,0.264942,2.61234,0.947801,0.745158,3.6397,11.1997,6.70366,0.235528,2.92263,4.56546,1.59954,6.85567,0.896325,0.479822,1.83869,11.7434,0.699913,0.248867,10.1533,0.529097,6.68987,1.01475,1.3674,0.884457,2.01348,0.332735,1.57311,2.32148,0.793069,1.11488,0.35127,1.18348,2.25873,1.00619,1.49005,0.282651,1.57746,0.903256,1.97052
0.695707,1.06904,0.834075,3.99093,0.472587,6.7016,5.787,0.265425,1.75866,11.9029,0.473782,1.50291,0.827376,4.46276,1.60854,0.250585,0.329617,4.63279,4.61948,0.600329,4.08082,2.76733,2.7532,0.498271,1.92095,1.33189,0.502974,3.59721,10.823,1.12044,3.1695,1.80092,5.19233,1.86558,11.6351,4.52483,11.1218,6.72617,1.40368,3.48863,1.51598,0.397819,0.758842,0.673929,0.252087,0.667452,0.723414,0.230818,0.562476,11.9116,0.606658,5.78205,2.72343,4.73096,3.48233,0.349073,0.546916,0.737574,0.601099,1.56154,1.40565,4.26461,1.73566,6.3033,1.3323,0.291832,0.532571,0.870235,3.82131,2.75319,1.78587,0.87968,0.262347,2.88768,10.0555,5.18024,0.618999,0.975828,1.04616,0.504089,0.470396,1.68647,0.687584,9.57285,0.880617,0.750461,1.37343,3.87507,7.05993,0.35451,5.17706,8.1571,0.227644,1.5587,0.444264,0.686399,1.95622,0.300789,1.48961,2.97294,2.22179
4.28079,8.60296,0.476639,0.27162,2.65338,10.081,4.54274,0.312748,2.71457,1.90495,0.703813,0.323025,11.5166,1.32437,0.866133,9.25674,7.93185,2.74251,1.03889,1.78347,10.7003,2.1301,6.75016,0.936983,4.36078,0.430684,0.351383,8.9852,4.26694,6.14758,2.89562,1.12688,0.47139,3.25635,2.70389,3.71502,8.09777,0.5302,0.937349,4.31279,0.766493,0.698271,0.901318,6.149,8.7878,3.95328,2.22194,0.270836,0.505594,1.31413,11.9363,1.03353,9.76921,0.348963,0.636572,1.78983,0.608502,0.395494,0.818318,0.252287,1.17292,11.5732,5.87884,1.31715,3.93077,1.09986,0.384592,0.318865,2.9028,1.89869,4.30634,0.399264,10.4779,1.5768,0.379991,5.55472,4.07897,1.32374,0.25445,0.348826,0.560861,0.98468,0.282557,0.358291,2.37388,0.723761,8.39666,1.28074,2.18167,0.618713,1.60849,1.19796,0.489503,0.27429,1.48644,0.292369,0.257579,1.82,1.87008,0.303826,2.1172
2.88613,5.92263,11.4439,1.34504,3.67372,9.93082,0.928237,0.594184,1.66463,3.22726,2.7458,1.42442,0.59804,2.97632,3.70872,8.17148,2.77791,0.719083,6.17458,0.482359,1.61799,3.76628,2.08162,2.00522,2.84947,0.66854,0.881486,1.18176,0.290056,1.07113,8.3087,6.00174,3.56145,0.87726,1.11958,0.278895,3.01529,0.329529,2.09613,1.07788,1.17946,5.63195,1.19619,2.53509,4.94958,0.802024,2.63448,5.48434,2.36723,0.662167,0.898731,3.00081,0.296621,3.52148,0.533863,0.498174,2.70754,5.83596,5.97599,1.72753,0.744362,1.66939,0.829544,4.0438,3.00266,0.55512,5.47101,1.03206,3.58185,11.6949,3.61534,1.09472,3.86078,6.86179,1.49515,0.525149,2.15483,3.11574,9.71199,3.10585,0.335854,3.31703,2.69079,1.14082,12.0108,0.223982,1.96947,0.297846,0.358508,10.928,1.48943,0.27121,0.278657,3.17006,0.233833,10.7244,2.70545,4.1366,1.24599,11.0292,1.85015
0.91961,0.938363,0.226347,11.5406,2.16263,8.13637,12.084,3.8398,2.25974,1.43812,0.636064,9.63085,0.48665,0.251905,1.93631,0.262639,1.69931,1.41457,4.68382,1.65339,0.691659,0.516297,7.81946,0.783658,0.323132,0.380811,5.43679,0.445812,0.455536,9.05678,0.591573,2.39057,0.662677,0.538932,0.613868,0.801825,5.51969,0.344836,0.60409,0.871671,0.921246,1.73574,1.36784,10.6819,3.62433,3.04384,0.66538,0.678858,6.37505,0.4432,3.75372,0.966618,1.50702,0.405906,0.447624,0.738451,0.464254,0.74856,0.562515,1.98881,0.280111,0.688044,0.271926,0.634322,1.36822,0.413862,0.754114,3.83872,0.985279,5.13464,7.39866,0.239401,2.78773,9.85424,3.72352,3.08188,1.50463,0.266249,1.15703,4.98753,3.2583,1.90135,3.0539,0.286864,5.68174,2.97099,9.10639,0.225893,0.940651,4.46813,0.388594,0.281861,4.67556,1.44496,1.05973,2.22191,0.777583,9.83822,0.401903,0.239396,0.904798
3.49539,2.03387,6.10779,3.78724,0.224137,4.79731,0.257346,2.57272,3.27842,6.13607,4.45806,7.56022,0.371938,5.61025,2.69649,1.72555,12.0397,0.755568,1.34383,3.35556,0.741632,4.25919,1.09526,0.73447,1.26228,6.14036,0.67812,1.04081,0.343032,2.98561,0.693007,0.640847,0.253244,10.9881,4.03125,0.274337,0.761159,6.60693,0.226079,3.39624,0.417549,3.83571,3.19196,3.87985,7.617,3.69943,1.07309,0.398769,6.90321,1.90737,10.5842,1.61637,11.0345,2.70034,1.28321,2.44191,9.42299,4.10693,0.406653,0.630735,1.43956,6.32642,3.22256,0.444021,6.80932,0.223597,2.10942,10.499,0.24014,0.406719,11.7381,5.49685,0.567693,1.01933,3.29321,1.16454,0.704919,0.271163,0.426099,0.876595,0.32229,0.693349,1.48143,2.28626,5.60161,2.96359,0.350551,4.81448,10.0051,0.361132,1.23942,6.6711,0.350261,5.62394,2.05641,0.453518,1.94216,2.95671,3.42303,0.306955,0.773129
0.433396,2.26533,0.840227,0.51868,0.228284,0.847281,1.81157,0.323497,0.251052,7.91924,0.258201,2.88751,0.334371,1.05113,4.53462,4.37639,4.45578,0.387642,0.82043,0.314808,0.336463,7.03653,4.88184,3.3301,1.53485,3.24368,0.256025,1.43556,3.07608,2.99939,0.273588,0.390337,0.354519,11.5003,1.90838,4.81653,3.795,11.7993,3.9204,0.533356,10.8823,1.99068,7.02659,0.758812,1.41333,3.25292,1.88625,0.404643,0.278794,1.83783,5.80105,11.7315,1.06058,7.08028,0.252209,1.56529,2.67372,5.69152,0.331785,2.21385,5.97975,2.65709,1.10982,11.8901,0.224062,0.945177,2.5572,0.25992,1.27231,2.47089,1.73567,1.16344,0.501052,2.73004,1.66404,2.08518,6.38272,4.56753,0.416574,3.51966,1.76274,1.98157,0.232046,0.61402,0.336523,0.658935,3.82662,1.04274,10.0053,0.954105,4.89322,1.35358,10.7926,1.25896,0.878441,1.29527,1.58213,3.95814,1.30238,11.3209,2.63599
1.29747,1.36384,0.473693,1.48524,0.756506,1.90975,0.49847,10.4464,4.58955,3.84827,4.00398,0.647705,2.31635,2.16738,2.10484,0.650684,0.924994,0.698695,0.326179,0.460034,0.708806,0.983595,0.392518,6.75639,2.03897,2.62387,0.926506,1.4288,11.5614,8.50428,0.33519,0.596071,0.627177,0.253638,0.398714,1.89047,3.64841,0.690824,0.244236,11.6662,0.958643,2.91351,9.26794,0.416915,3.41294,12.1355,0.369824,2.17227,2.67354,1.60947,0.229626,4.21308,4.38821,1.91101,9.84809,8.58148,6.37052,0.260015,0.264052,3.77685,1.0516,2.59567,0.404406,0.497073,1.17944,0.646225,1.61367,0.548492,1.33102,1.87842,0.777351,1.63456,8.41152,0.658294,0.42143,0.32211,1.92222,0.447289,4.40831,0.451456,2.93507,0.956111,3.72731,0.305734,4.81492,3.64751,7.11916,9.71324,0.292767,1.23339,0.239699,1.82056,0.229612,2.67217,1.05417,1.48701,7.62085,0.844195,2.09223,0.352942,11.678
7.54059,3.48877,1.27888,7.10447,0.635261,0.536089,3.14926,7.16979,2.45672,1.1287,0.906668,0.526746,0.284175,0.278494,0.33614,0.824251,11.3353,0.496462,12.0923,1.22838,0.905589,1.38636,1.24484,1.48198,0.832885,5.0453,0.276411,0.627289,11.7712,0.469516,2.36651,6.46646,10.9808,0.80919,1.64723,1.52422,1.06424,7.33654,0.431304,0.238086,1.79213,3.41164,7.32617,1.34701,9.15536,0.948427,4.12914,2.49794,0.551147,2.08417,2.47539,1.81659,1.87146,2.08472,9.06789,0.568173,7.44387,1.61353,0.239615,4.08912,10.2187,0.249799,1.80234,1.41327,2.32174,5.13681,0.271632,9.50146,3.7515,0.710203,2.72538,0.283124,8.36827,0.940761,0.617576,2.04691,5.29305,0.324691,2.39565,12.0307,5.68456,0.890924,0.871615,9.43839,2.10194,0.733071,0.715686,3.74236,4.25995,1.12261,0.889993,1.17912,0.676442,1.2939,4.06702,0.896716,8.34722,0.820324,1.42765,0.485373,0.716423
6.15217,0.332392,10.3248,0.324873,3.06937,1.50713,3.66617,0.433604,0.38907,0.483826,7.30175,0.678425,0.310463,0.25595,0.395698,1.87871,0.267126,0.618973,0.580128,0.269352,1.82987,4.38223,0.604756,10.2139,0.551704,1.4029,1.31573,0.431114,6.19074,0.70015,5.5237,4.78529,2.11627,3.70826,2.31237,2.26663,0.42812,4.62104,0.494469,7.90321,5.05688,4.10191,1.52571,8.14136,1.95544,0.389828,5.19273,6.40804,2.12875,4.70125,6.05195,1.34631,1.03172,0.261377,9.45237,1.33132,7.77968,0.765193,11.8942,0.474194,1.92106,0.282247,0.242861,2.06477,0.950475,2.9614,3.55838,0.678015,0.857608,1.36716,1.35821,8.66948,1.72341,1.83395,0.915471,0.335125,10.0735,2.63563,3.17175,5.1224,3.79571,4.80549,3.73408,5.15974,0.278756,0.537202,0.625595,1.59067,0.54477,0.321931,9.71814,1.27204,5.56854,0.591743,6.0318,0.759556,8.27827,0.718904,3.15319,0.280377,4.73909
0.836397,1.86495,8.80854,0.332285,6.89103,9.96702,0.827343,1.49749,0.396835,6.37219,0.698093,1.34137,0.394221,4.94629,0.359996,1.27235,0.640482,2.23941,0.420321,0.761557,5.7154,3.2527,3.83139,1.9378,0.77601,9.8313,0.959996,0.257533,0.811005,0.273852,2.26758,3.8972,3.24915,0.764819,4.20331,0.39068,0.360543,1.08559,4.43101,1.12885,1.44053,2.47059,0.346055,1.25698,0.366836,0.538046,10.906,6.36831,1.80903,6.65181,10.7759,4.12057,3.2861,1.60219,5.77488,3.547,1.31235,8.48101,0.595793,2.45396,6.8086,1.08842,10.7627,0.559573,6.00977,2.26105,3.97888,2.61975,0.972704,1.7237,0.417907,8.47295,4.8692,0.430649,11.4736,2.05194,1.74855,1.90297,3.59516,0.967439,6.655,5.28219,1.55215,0.568323,0.798345,0.294261,0.396626,1.34243,3.2194,8.5385,0.487242,6.49006,4.36793,4.15406,0.24096,4.84712,0.581968,0.469544,6.9799,0.303236,9.44056
0.557592,4.61437,4.75637,1.03209,0.46054,1.44005,7.82539,4.61415,0.488504,0.414303,2.03593,1.39525,4.83702,5.30816,4.0738,10.7132,0.570101,4.91387,2.14649,6.11546,8.33435,4.21298,2.12347,0.513093,6.94009,11.9533,8.40846,9.08254,0.552924,0.446782,2.58211,0.842781,0.235566,0.397176,1.09105,11.1665,0.623485,0.415169,0.380319,2.29295,0.488374,2.95142,0.568462,0.416817,2.61445,2.9889,1.83169,3.26141,5.45094,0.397926,4.41311,11.9367,6.36607,3.00307,6.02106,0.339314,0.417489,0.595782,4.19917,0.331741,0.409983,3.79887,5.13152,3.1924,11.6206,1.2812,5.08798,1.79679,2.13741,0.295706,4.75961,9.46242,2.75147,0.227538,0.242562,1.21538,0.691002,1.68569,11.9869,9.61169,0.855845,7.10094,0.392485,2.70294,6.89151,2.64857,2.24135,0.351906,11.3359,0.958788,0.743372,10.8875,1.98379,1.60324,12.0775,3.53116,1.11216,8.36914,5.8173,0.272496,8.99581
7.95253,0.753656,3.65575,0.746061,0.874081,7.66965,2.96491,5.00291,5.00102,3.30221,3.32351,0.748503,11.6834,0.258222,4.42177,2.26591,0.503744,0.333817,0.439988,7.78235,1.75151,0.409937,2.08965,0.574718,0.715704,1.3629,10.6704,0.331498,10.7071,7.0679,2.79564,1.70595,0.324154,0.464868,0.265243,0.888699,0.688381,0.487684,1.88399,6.78481,1.25059,1.09504,1.53156,0.670525,3.27792,3.65439,1.17683,0.316199,0.898991,4.91098,1.4218,0.856649,0.608046,0.456926,10.9683,0.397583,0.225124,1.42898,3.2854,0.257619,1.53182,2.90664,0.5992,1.40404,0.247396,3.56452,2.25391,8.24319,0.517269,0.760699,0.793206,0.579076,0.42198,0.888172,1.26873,0.83422,8.10386,0.504905,0.277518,7.58132,0.416895,0.314101,0.259988,0.548431,0.875518,1.81641,1.28632,11.5652,2.30522,2.57569,0.714942,0.268137,0.665783,0.742158,8.16671,0.36718,1.20686,2.40057,1.28376,2.43004,0.49846
0.906142,11.8096,0.362248,3.09095,3.21994,10.6879,0.874528,0.229448,6.53469,0.814979,10.2866,2.33065,0.622479,1.93157,1.46623,0.321505,1.23767,2.26302,1.22578,0.275796,0.410514,0.574623,1.59178,3.20044,11.9849,0.270735,0.470617,0.540469,0.538061,5.24316,2.37878,8.3838,0.250614,4.49788,0.309478,0.735643,1.05332,1.54384,0.590034,5.21592,6.27792,0.916474,12.0177,4.79768,0.922504,0.381469,2.96105,0.394091,1.81816,11.1488,0.406364,5.64787,0.229479,9.90475,2.15486,0.431516,0.292051,0.553354,2.09935,6.05356,0.493614,1.92465,2.34508,0.26566,0.434507,8.86939,6.8082,4.08594,10.9744,4.62591,0.586463,7.58273,1.75173,5.5713,1.25649,0.393327,0.393966,6.81288,2.10927,0.873305,1.21813,4.19298,2.17126,0.249417,2.21052,4.7342,2.70214,9.81836,3.94156,3.29913,0.347134,7.08753,6.84613,5.5492,1.66579,1.87097,1.95947,0.737085,0.641977,2.65356,0.249868
3.47877,2.24316,3.46649,5.67676,7.50852,0.465362,0.272715,2.25793,4.22595,0.894747,2.70808,7.41665,4.83792,0.833074,0.520179,1.02742,8.31577,1.40669,10.8503,0.274577,0.502153,4.48217,0.496919,0.967665,0.351022,9.71658,7.18438,0.293832,0.366173,1.5713,0.525971,2.82388,0.262205,2.28951,0.500371,1.75653,1.82484,1.75219,2.04413,1.06685,0.668335,0.476566,0.553088,0.792899,2.315,9.26126,2.02788,7.98523,1.03691,0.362502,2.08226,1.1406,7.80612,7.60578,9.36463,0.388977,6.44452,4.79062,8.53174,0.455251,0.326003,1.40807,0.39016,0.375419,3.36156,0.692292,0.314175,0.292476,6.07624,1.15039,0.29228,2.02905,5.05812,0.418185,0.353848,0.629925,6.75494,2.73258,6.23496,0.784904,2.30776,2.02707,0.888993,0.281238,0.268383,0.251325,4.41558,0.368541,1.44167,0.658815,0.769939,9.2038,3.1751,3.96009,0.740273,4.49857,3.1866,0.381869,1.87731,1.73046,0.687458
10.2356,7.46671,1.03596,0.377875,3.04414,1.39397,4.79131,4.24545,0.465847,1.87772,2.86115,1.74961,0.397672,1.24415,10.5104,3.36493,0.252217,0.700681,0.600941,7.45135,2.8218,3.25331,4.75993,9.44286,11.9555,1.53929,0.315524,0.8417,3.98425,1.31083,2.12591,0.552072,1.59195,5.55279,5.76201,5.62856,3.29544,2.28138,4.99467,3.79839,4.49388,2.09318,0.335956,7.92924,0.418628,0.460346,7.90067,1.04293,2.30742,1.13924,0.253607,1.07872,6.26451,11.4822,3.07567,0.328594,6.77208,1.59886,10.6315,1.12233,5.0877,1.95845,0.73238,5.25537,0.99995,2.43799,0.280937,11.0902,0.454885,0.709487,2.42097,2.02663,6.43828,0.769025,9.62759,0.559675,9.12779,2.73677,4.92182,0.334837,0.785926,7.69237,1.53459,3.43619,3.17443,0.495862,10.1481,0.771364,0.381095,3.84576,5.9941,0.239492,2.53492,5.71531,0.810308,2.99876,0.457047,0.563654,1.15242,1.24347,2.67553
2.35034,4.44259,4.93866,0.274181,0.781077,5.05762,5.54735,4.37063,3.21179,1.38952,1.26048,10.8838,2.13189,0.2424,0.642885,9.0744,1.8571,0.379994,1.95944,2.28583,1.73689,1.76714,0.908105,0.440821,8.28667,0.488221,0.913955,1.00226,3.50493,0.817394,2.6322,0.283079,9.80645,1.72315,6.43489,9.04298,9.61702,3.90279,0.331871,4.05171,7.01724,2.51085,4.24409,2.37716,1.43212,5.31619,6.2323,1.08135,2.75207,1.80714,11.2213,2.4117,4.50726,0.36113,8.79319,1.19159,1.05842,0.85263,0.499969,1.58088,5.38739,6.21891,0.925286,2.777,3.64514,6.47577,9.66667,0.583005,0.588042,1.32957,1.60204,7.40881,1.07099,0.355726,1.25369,1.27536,1.35627,10.4121,0.693531,3.53491,1.09258,0.920508,2.08987,1.01873,0.443309,1.02272,0.368366,0.87881,0.323605,3.76995,11.8162,6.82579,3.764,0.522616,2.09494,0.458166,0.43966,3.62435,2.52475,0.275295,2.03194
3.09323,2.76113,9.70077,0.276288,7.69105,4.78646,3.65046,8.93779,0.780327,2.89062,0.23091,3.04969,5.49093,1.16757,0.646148,6.53994,0.54385,7.06675,0.378932,5.13064,0.37021,2.1399,0.282858,9.8005,4.48585,2.49912,4.09206,1.61837,0.717668,3.70525,5.58398,7.7756,2.36915,5.02895,7.49754,11.794,0.279401,0.420786,1.94313,6.61486,6.13069,0.830516,2.21897,0.994261,0.223497,0.776695,0.475857,1.09864,0.684134,0.244648,9.98907,6.25521,7.88174,0.467821,1.02138,0.491412,1.45528,1.07117,1.88392,2.12803,5.48326,4.66339,0.37878,9.86324,9.80854,2.13626,0.845638,0.636909,2.51528,0.937126,0.352979,2.01442,0.94776,9.02559,7.42089,2.5682,0.867892,4.29838,3.15575,1.71985,9.50566,3.55687,7.27667,0.693759,0.290607,0.516039,1.35725,0.578577,0.851554,4.21002,6.10459,9.9089,1.78115,0.613615,1.75104,6.19848,0.647795,0.390553,3.49672,10.1306,0.643082
6.922,0.257093,8.7154,1.39217,0.470038,8.32386,3.41333,0.328117,0.340379,3.92893,11.9911,2.93894,1.15743,2.12261,4.06772,2.68816,0.89507,1.10103,0.240684,0.29037,2.07095,0.823519,4.03639,1.06947,0.274905,1.57611,1.44652,9.08838,3.59643,0.877574,0.570492,8.99248,0.877534,0.294185,4.38193,1.36757,0.24455,10.6578,4.90162,10.2736,0.293007,0.975135,2.34809,0.388845,8.46076,0.358825,10.2585,9.72949,7.756,5.80813,5.72473,0.59538,2.15857,5.65522,4.30663,0.617712,1.12127,2.13817,2.7954,1.11522,3.16179,0.420645,2.24747,1.57131,0.454098,9.28939,4.21746,1.25785,2.85321,0.82455,0.368658,8.23087,2.04439,3.21633,1.41784,0.302292,5.01067,0.756962,10.5756,4.31879,5.4961,0.277041,0.597431,0.332383,2.58138,7.36315,8.63964,3.37484,4.67967,4.88528,1.96387,12.1266,5.13357,6.71267,5.25658,11.4763,10.0975,0.404619,0.387767,1.31448,0.383949
1.29465,4.44247,7.01232,5.07067,0.418347,0.625216,8.30409,5.20995,7.79694,1.40533,0.955911,11.4721,2.45263,9.92278,2.36931,1.04922,1.40927,1.88616,0.285659,5.21176,0.234384,2.61022,0.812076,1.23615,11.1637,1.44401,1.03028,6.35865,4.16963,0.272809,0.484187,12.1539,1.24808,1.31969,11.6568,0.343164,6.967,0.711888,6.30685,5.36008,1.34033,0.635478,0.361433,2.08719,10.0117,9.62433,0.59683,1.5857,2.82754,6.44875,1.81541,0.545889,4.17307,0.32654,3.35811,0.310536,5.54276,5.59664,3.20974,0.649995,0.399122,1.11329,0.915705,0.304792,3.48892,0.463761,1.69637,7.01366,0.356352,0.360869,0.237783,2.97726,2.23625,0.395565,0.490851,0.266159,9.0364,3.22926,7.08969,10.099,0.758427,1.52175,1.30623,0.224549,0.98813,0.382143,7.12708,0.275108,0.628464,0.278514,6.7265,6.85429,1.96148,0.234365,0.348629,0.662551,0.879957,9.56726,2.76355,1.19148,0.359206
8.9879,6.25233,0.503684,3.55482,1.6717,4.69477,0.780172,9.83297,0.335858,1.94363,9.04017,5.44568,1.34083,7.33301,0.78211,3.43952,1.38914,2.4554,5.74744,4.47613,5.48947,2.15806,6.60695,1.20671,5.62248,1.08656,2.31101,1.01044,2.1201,1.48471,5.60242,0.284604,3.52677,1.62238,6.82236,0.649856,5.49731,1.83069,1.28683,2.35775,0.270738,0.51113,7.77723,3.04622,10.8195,0.260834,0.527194,0.567424,5.39772,0.310886,0.771924,0.496867,10.5402,0.259585,0.28943,2.24504,0.41178,0.433342,3.38598,0.253648,5.93667,0.281708,0.270965,0.717929,2.54332,1.8627,5.48188,5.74458,4.67793,5.57787,0.850349,1.78656,5.2017,1.13711,1.56383,11.6545,10.2749,2.35102,9.64682,1.51459,4.4162,0.842041,0.538868,1.56243,3.33946,0.610868,2.44068,2.98167,1.36902,0.746485,0.265798,3.88128,0.503063,1.31424,2.06845,2.0713,0.395831,0.884448,1.08563,0.564818,0.898562
1.09828,9.03862,5.33681,1.31028,6.14617,10.5278,4.52635,0.334848,1.52061,0.228407,0.331921,1.06042,7.85917,0.618552,1.99462,0.48954,0.591922,1.48996,0.447933,0.752994,0.374917,7.94892,0.707423,2.74959,8.98964,0.947977,0.846087,0.256135,1.29774,8.63859,8.34621,1.80916,3.70832,0.286205,0.424827,0.808104,0.257428,5.94002,0.49438,0.448125,10.5492,0.231381,10.9007,0.837705,5.87662,6.3017,0.280688,11.2152,4.34102,2.07693,1.39352,4.41755,9.23897,5.3271,1.84645,0.294075,0.773606,3.95793,2.47607,4.31861,8.4655,0.304303,3.57637,1.59663,6.09528,7.33653,6.49761,6.36779,0.260159,6.21494,2.77034,0.722812,0.450589,0.607264,0.328377,4.23775,4.04804,0.74991,11.8351,0.390707,8.69877,2.19685,1.64904,0.34881,0.227165,7.01267,1.23241,2.09601,1.48026,1.29568,6.76191,7.72432,0.228092,0.537899,0.296188,0.423552,5.30441,0.524102,3.89978,6.36811,1.34933
5.80702,7.33814,1.99804,0.359315,3.32881,0.84146,0.734719,0.670043,0.65789,0.653598,0.643068,1.7544,0.778772,3.93555,9.84777,0.406378,1.2771,5.89948,0.441081,0.577749,0.456829,1.11354,7.08349,0.319709,1.44961,0.250331,3.37754,0.770931,7.4409,7.118,8.13443,7.85005,0.393172,5.2038,10.8313,2.66042,5.98082,2.94247,0.233903,0.323236,2.33782,1.51581,1.53901,2.91214,0.974423,4.83038,2.00751,5.63861,6.09289,0.422969,1.65433,11.9544,11.4791,5.56226,9.11105,0.290178,5.17015,2.59287,5.52427,0.262473,2.29809,3.48921,0.893653,2.61883,0.815509,0.823017,0.919132,0.559112,8.74331,3.10946,0.359081,1.0244,6.46974,0.395692,0.576572,0.322378,0.877307,1.42302,0.391788,8.57494,3.84065,1.4665,1.16867,0.904224,1.19601,4.99588,0.376249,5.08628,0.653394,0.237868,1.16566,4.37829,4.5093,9.14297,1.97892,2.83499,4.41683,5.39184,7.10878,0.298741,8.83379
3.44483,6.19753,0.732827,2.35973,8.30353,1.11574,5.68302,0.581167,0.496037,0.480235,5.49641,0.810426,0.257194,1.10483,5.33887,5.61413,2.5712,0.374625,0.652727,2.13387,2.30824,0.287921,1.19141,0.796126,6.30531,1.5368,0.287758,3.05002,0.282571,0.244948,6.96535,5.10659,1.00162,8.17577,4.32611,2.54477,0.672243,0.280603,2.51153,6.0921,0.225871,0.575821,1.40006,0.766054,6.23848,1.47058,1.60576,0.449085,6.62496,0.752282,4.34824,6.43833,3.69809,1.74159,1.75867,7.82404,0.52548,6.2139,0.705452,0.374453,0.448889,0.535278,0.313655,1.03427,0.330038,5.26655,0.289246,0.363566,0.371937,1.56253,0.437527,3.57729,0.553347,0.484998,11.5741,0.612885,0.348304,1.32025,0.357482,1.37522,1.04054,1.46661,0.348832,3.70906,0.23715,3.71651,1.28021,0.334367,5.23492,0.230287,4.21506,0.561622,0.513449,4.52765,4.57279,0.381019,2.54393,2.92567,6.12683,3.56483,0.926384
8.53255,11.2204,8.32889,2.25814,0.47924,2.10252,0.47533,5.69148,0.705355,3.57327,0.714786,2.84802,0.419043,3.00684,3.5325,3.38949,6.42034,2.95065,0.427539,0.494999,1.33174,7.19867,9.63302,0.733805,0.666926,1.86827,0.924547,0.231635,0.497339,1.5178,0.58114,2.55046,0.406908,3.02669,8.72851,1.28784,0.438284,2.35189,2.34175,1.07738,3.76708,0.397062,1.24923,0.321439,0.274273,3.44105,8.58453,0.226243,2.90521,1.24929,2.70819,0.225757,0.532017,3.83464,0.315164,3.36368,0.883684,0.527254,0.339685,1.00634,5.27878,0.903926,11.6495,0.612104,2.02253,0.266814,3.41302,11.1718,0.446118,9.08467,1.41102,0.610153,9.06337,9.25686,2.29743,0.252106,6.18003,9.49045,2.37516,0.248069,0.429487,2.49531,8.79594,2.88483,2.44518,5.94243,8.39812,7.33754,11.8234,0.557103,0.642342,0.949958,0.999495,4.00083,1.19542,1.00534,0.247641,6.33841,0.774218,0.702433,8.70824
1.5372,4.37211,8.48731,1.85818,1.08121,2.0499,2.37368,0.326336,3.09743,1.31836,0.469594,4.30898,4.43232,3.77342,0.673329,0.561417,2.47966,8.81072,3.45413,7.63846,0.286009,3.95636,12.0103,3.11568,11.2347,5.29573,5.70342,2.55728,2.21011,1.14092,0.389413,1.90593,0.395263,10.5287,8.1241,6.9648,0.507478,0.353488,1.1273,0.297833,0.236313,4.00618,1.30631,0.428369,0.335358,1.03464,0.365056,0.736958,1.89157,8.5718,0.295421,0.509692,9.18778,0.364724,6.99412,1.9302,0.849339,11.4199,2.45319,0.238142,1.49825,1.95408,0.32122,0.713233,0.588174,0.98975,3.46791,0.355531,0.27302,2.2857,2.94905,12.1256,0.344835,0.863661,2.01075,6.37419,0.693445,2.08859,1.07283,1.03904,0.701371,8.75222,0.266673,9.56627,3.36702,3.02161,1.63973,0.397157,2.57923,1.37746,3.10388,7.82386,0.383366,7.64118,0.745966,2.19444,0.375144,0.297838,0.99286,8.21979,0.5428
