5,4.97386,4.95562,4.93075,4.90067,4.87938,4.83415,4.80542,4.77235,4.72466,4.6973,4.65204,4.60387,4.54294,4.51884,4.49931,4.47207,4.43501,4.40122,4.38571,4.34214,4.2747,4.24694,4.23261,4.22053,4.20263,4.16677,4.11764,4.10831,4.09644,4.05177,4.03433,4.01736,3.96441,3.92671,3.90798,3.87868,3.86787,3.84736,3.82723,3.80673,3.79603,3.76511,3.74982,3.73069,3.69133,3.68198,3.67502,3.66677,3.66191,3.65602,3.64805,3.61484,3.60624,3.60307,3.59971,3.58777,3.57869,3.57605,3.5751,3.57384,3.57363,3.57358,3.57382,3.57436,3.57683,3.57856,3.5818,3.5841,3.59041,3.59377,3.6071,3.61876,3.62254,3.6283,3.63633,3.65459,3.66538,3.67022,3.67776,3.69345,3.70999,3.74036,3.75448,3.76373,3.7772,3.79932,3.81054,3.82572,3.8376,3.85042,3.86204,3.88016,3.89392,3.91326,3.92606,3.94034,3.95512,3.97228,3.98677,4
5,4.97691,4.95995,4.92905,4.89827,4.86873,4.83475,4.8096,4.75794,4.72923,4.69642,4.65363,4.59642,4.54945,4.52157,4.49896,4.46664,4.42205,4.40194,4.3829,4.31671,4.27303,4.25157,4.23411,4.22005,4.20165,4.15305,4.1208,4.10843,4.09107,4.05331,4.03628,4.019,3.95462,3.92764,3.9026,3.88194,3.86978,3.84437,3.82379,3.80793,3.79672,3.76314,3.75025,3.70857,3.69272,3.6825,3.67399,3.66681,3.66151,3.65405,3.64543,3.6144,3.60659,3.60253,3.59555,3.58395,3.57847,3.57601,3.57482,3.57383,3.57357,3.5734,3.57364,3.57456,3.57631,3.57852,3.58115,3.5846,3.59005,3.59456,3.61171,3.61699,3.62142,3.62872,3.63798,3.65802,3.66501,3.67033,3.67695,3.69228,3.70739,3.73887,3.75397,3.76723,3.78142,3.79558,3.81061,3.82415,3.83724,3.84971,3.86427,3.88032,3.89455,3.91207,3.92481,3.94026,3.95386,3.97289,3.98638,4
5,4.98196,4.96295,4.92335,4.8867,4.85427,4.83477,4.80632,4.75621,4.73273,4.69044,4.63986,4.59672,4.566,4.53131,4.49497,4.45086,4.41894,4.40126,4.36691,4.30664,4.28032,4.25887,4.23429,4.21789,4.19265,4.13807,4.11912,4.10546,4.08751,4.05726,4.04035,4.02029,3.95711,3.92578,3.90007,3.88626,3.8685,3.84673,3.82145,3.80621,3.78102,3.76158,3.73965,3.71074,3.69469,3.68036,3.67355,3.66653,3.65734,3.64826,3.63171,3.61482,3.60558,3.60037,3.59206,3.58452,3.57805,3.57569,3.57419,3.57322,3.57245,3.57258,3.57283,3.57397,3.5753,3.57733,3.58017,3.5847,3.59078,3.59926,3.60907,3.61383,3.62089,3.6309,3.64132,3.65388,3.6645,3.67041,3.67784,3.68721,3.70085,3.73958,3.75907,3.76885,3.77952,3.79164,3.80873,3.82206,3.8369,3.84924,3.86824,3.88168,3.89438,3.90783,3.9226,3.93746,3.95154,3.97455,3.98677,4
5,4.98292,4.95167,4.90439,4.87103,4.85077,4.83003,4.78234,4.75563,4.73218,4.69048,4.61985,4.59599,4.56579,4.52702,4.49771,4.44678,4.42231,4.40133,4.37508,4.30726,4.28565,4.26452,4.22767,4.20879,4.16279,4.13644,4.11977,4.10336,4.07863,4.06009,4.04238,4.00746,3.95312,3.92639,3.9031,3.88773,3.86804,3.84953,3.81269,3.79666,3.77627,3.75808,3.73007,3.70952,3.68763,3.68044,3.67467,3.66256,3.65083,3.642,3.62888,3.61359,3.60493,3.59899,3.58908,3.58345,3.57691,3.57447,3.57272,3.57143,3.57006,3.56979,3.57044,3.57214,3.57385,3.57624,3.57942,3.58309,3.59202,3.59936,3.60536,3.61028,3.61906,3.63299,3.64208,3.64958,3.66282,3.67004,3.6765,3.68343,3.70201,3.74223,3.7562,3.76639,3.77838,3.78904,3.80831,3.82374,3.83301,3.84503,3.86695,3.88173,3.89319,3.90596,3.92059,3.93376,3.94879,3.97012,3.98277,4
5,4.96909,4.92895,4.89626,4.8702,4.84742,4.80733,4.77868,4.75073,4.72686,4.66007,4.6226,4.59913,4.55549,4.52818,4.49921,4.44716,4.424,4.40212,4.36718,4.31838,4.28809,4.25838,4.22867,4.20818,4.17063,4.13729,4.11953,4.09737,4.07484,4.05469,4.0235,3.99243,3.95777,3.92801,3.90112,3.88333,3.8685,3.84742,3.80919,3.79115,3.76177,3.74206,3.7198,3.70692,3.68888,3.68068,3.67147,3.65781,3.64614,3.6371,3.62522,3.61301,3.60417,3.59352,3.58683,3.5807,3.57571,3.57243,3.57012,3.56712,3.56628,3.5671,3.56844,3.56994,3.57164,3.57557,3.5786,3.58438,3.59092,3.59718,3.60217,3.60648,3.61299,3.63107,3.64046,3.64953,3.6592,3.66691,3.67305,3.68054,3.70156,3.73682,3.7516,3.76808,3.77723,3.78574,3.8092,3.82016,3.82933,3.84421,3.86804,3.87877,3.88912,3.90237,3.92125,3.93247,3.94574,3.96304,3.97656,4
5,4.96935,4.92679,4.89011,4.86381,4.83335,4.8071,4.77268,4.74731,4.7263,4.65066,4.62431,4.59535,4.55951,4.5294,4.47982,4.44967,4.42656,4.4001,4.3647,4.32508,4.28851,4.25285,4.22709,4.20772,4.173,4.13978,4.12137,4.09686,4.06767,4.04207,4.01719,3.99119,3.95703,3.93315,3.90082,3.87882,3.86348,3.82771,3.8079,3.78069,3.75402,3.73114,3.71887,3.70406,3.68934,3.67623,3.66602,3.65591,3.64444,3.63401,3.6229,3.61066,3.60212,3.59014,3.58427,3.57419,3.57179,3.56839,3.56552,3.56402,3.56342,3.56385,3.56566,3.56731,3.56899,3.57341,3.57685,3.58158,3.5881,3.59481,3.59943,3.60365,3.61039,3.62537,3.6396,3.64904,3.65681,3.66455,3.67171,3.67855,3.69868,3.72415,3.74639,3.76508,3.77609,3.79051,3.80516,3.81535,3.82627,3.85337,3.86751,3.87723,3.88756,3.90149,3.91731,3.92823,3.94167,3.96226,3.9793,4
5,4.97221,4.92018,4.88101,4.85466,4.83011,4.80831,4.75929,4.74339,4.72253,4.6542,4.62998,4.59329,4.56034,4.52539,4.4829,4.45125,4.42031,4.39184,4.36991,4.32239,4.28409,4.24921,4.22521,4.20247,4.16665,4.14052,4.12275,4.10545,4.0667,4.03458,4.00996,3.97848,3.9553,3.93616,3.89206,3.873,3.85013,3.82652,3.80702,3.77611,3.74666,3.7295,3.71579,3.6967,3.68553,3.67385,3.6659,3.65626,3.64288,3.62479,3.61616,3.60401,3.59643,3.57942,3.56895,3.56841,3.56729,3.56235,3.55953,3.55937,3.55955,3.56053,3.56293,3.56431,3.56498,3.56896,3.57295,3.5766,3.58104,3.58959,3.59559,3.60025,3.60777,3.62316,3.63574,3.64442,3.65386,3.66453,3.67126,3.678,3.69992,3.72212,3.73609,3.75546,3.77537,3.79135,3.80189,3.81138,3.84062,3.85462,3.86525,3.87589,3.88668,3.90018,3.91198,3.92263,3.9455,3.96449,3.98167,4
5,4.97257,4.91446,4.86592,4.84788,4.828,4.77679,4.75622,4.73922,4.70119,4.66559,4.63855,4.59406,4.56184,4.52586,4.48922,4.44122,4.40971,4.38915,4.36318,4.32016,4.28774,4.25834,4.22615,4.19374,4.16766,4.13622,4.12038,4.10674,4.07157,4.02994,4.00259,3.9669,3.94904,3.92312,3.89054,3.86846,3.84427,3.82653,3.79248,3.77085,3.74328,3.72814,3.70186,3.69134,3.68218,3.67214,3.66378,3.65239,3.63365,3.62155,3.61168,3.59041,3.58295,3.56922,3.56597,3.56473,3.55956,3.55741,3.55635,3.55597,3.55603,3.55544,3.55419,3.55357,3.55468,3.56169,3.56745,3.57215,3.57704,3.58496,3.58993,3.5938,3.60296,3.61702,3.62744,3.63653,3.64787,3.66399,3.6709,3.68212,3.70303,3.71749,3.72821,3.74439,3.77871,3.791,3.80213,3.81527,3.83551,3.8506,3.86367,3.87327,3.88607,3.89892,3.90688,3.91694,3.94817,3.96862,3.9844,4
5,4.97954,4.88831,4.86579,4.84806,4.81728,4.78,4.75879,4.73231,4.68728,4.66678,4.624,4.59418,4.56221,4.53003,4.49794,4.44737,4.40679,4.38168,4.34838,4.31531,4.29162,4.26334,4.21305,4.19354,4.16811,4.12907,4.11699,4.10291,4.07016,4.02681,3.98124,3.94878,3.93325,3.90904,3.87184,3.85481,3.8417,3.80745,3.7834,3.76563,3.73279,3.71518,3.69598,3.68806,3.6767,3.6681,3.66128,3.65216,3.62703,3.616,3.59058,3.58355,3.57874,3.56567,3.56141,3.55821,3.55586,3.55477,3.55242,3.55172,3.55132,3.55105,3.54934,3.54709,3.54865,3.554,3.56036,3.56709,3.5734,3.58157,3.58627,3.59106,3.59928,3.61097,3.62011,3.63096,3.63973,3.6571,3.66924,3.68153,3.69822,3.71067,3.72172,3.74291,3.7749,3.79025,3.8042,3.81553,3.82938,3.84641,3.86119,3.87083,3.88914,3.89642,3.90327,3.91791,3.9431,3.97145,3.98583,4
5,4.97351,4.89728,4.86853,4.85034,4.82224,4.78474,4.75342,4.7053,4.6777,4.65125,4.6203,4.59651,4.56319,4.53233,4.49997,4.45026,4.39818,4.36982,4.34269,4.31823,4.29572,4.23333,4.20903,4.19163,4.15425,4.13281,4.11446,4.09297,4.05265,4.0219,3.9576,3.93871,3.92117,3.88147,3.8605,3.85018,3.83955,3.79955,3.77531,3.73675,3.72404,3.70771,3.6948,3.68371,3.67209,3.66408,3.65497,3.63889,3.61654,3.60271,3.5823,3.57609,3.5634,3.55709,3.55457,3.55141,3.54936,3.54713,3.54643,3.54693,3.5473,3.54761,3.54141,3.54229,3.54422,3.54874,3.5539,3.56065,3.56975,3.57741,3.58276,3.58814,3.59562,3.60428,3.61735,3.62712,3.63632,3.65269,3.66699,3.67917,3.69101,3.70394,3.71875,3.75268,3.76695,3.78686,3.80295,3.81402,3.82487,3.84308,3.85812,3.8731,3.88589,3.89228,3.903,3.91134,3.94545,3.9718,3.98416,4
5,4.96778,4.91295,4.87083,4.85287,4.83141,4.78535,4.75674,4.6894,4.66584,4.63979,4.62225,4.59977,4.57114,4.52867,4.49124,4.42476,4.3996,4.36788,4.34,4.31298,4.27929,4.22785,4.19972,4.17004,4.15414,4.13368,4.11566,4.08246,4.04645,4.01045,3.94741,3.93153,3.90267,3.87078,3.85641,3.84622,3.83437,3.78406,3.74938,3.73236,3.72245,3.70755,3.69263,3.67271,3.66464,3.65326,3.64234,3.62497,3.60012,3.58835,3.57228,3.56195,3.55555,3.55238,3.54709,3.54338,3.54303,3.54164,3.5419,3.54093,3.5361,3.53641,3.5378,3.53867,3.54025,3.54408,3.54905,3.55734,3.56635,3.57271,3.57851,3.58441,3.59098,3.5984,3.61413,3.62198,3.63624,3.64847,3.66254,3.6723,3.68401,3.70043,3.72533,3.74742,3.7622,3.78872,3.80315,3.81297,3.82404,3.83866,3.85763,3.8729,3.88363,3.89312,3.90124,3.91044,3.949,3.9665,3.98033,4
5,4.97587,4.91219,4.87425,4.85428,4.83028,4.79173,4.75568,4.68861,4.66002,4.63723,4.62052,4.59429,4.57245,4.51732,4.46937,4.43007,4.40622,4.35486,4.32687,4.29922,4.26936,4.22733,4.19327,4.17092,4.15197,4.13372,4.11943,4.06453,4.03358,3.96394,3.94133,3.92413,3.89543,3.86821,3.85039,3.83088,3.80364,3.77904,3.75022,3.732,3.71738,3.70093,3.67921,3.66666,3.65694,3.64573,3.63043,3.60751,3.59432,3.57772,3.56436,3.55101,3.54667,3.54279,3.53482,3.53216,3.53124,3.53576,3.53675,3.52907,3.52933,3.53226,3.5339,3.53079,3.53264,3.53725,3.54173,3.55308,3.56212,3.56731,3.57365,3.57993,3.58651,3.59621,3.60494,3.61289,3.62899,3.64132,3.65591,3.66514,3.67665,3.69298,3.72166,3.74303,3.76893,3.7875,3.80028,3.8106,3.82436,3.83995,3.85591,3.87007,3.88288,3.89396,3.9014,3.91872,3.94015,3.96222,3.98571,4
5,4.97013,4.92155,4.88099,4.85955,4.83078,4.79712,4.72446,4.68877,4.66068,4.63723,4.61294,4.58372,4.55964,4.52068,4.46948,4.4338,4.38359,4.35159,4.32339,4.29089,4.25975,4.22902,4.1952,4.16892,4.14788,4.12951,4.08351,4.05135,3.99963,3.95779,3.93307,3.91216,3.88896,3.85955,3.83257,3.81795,3.79692,3.77444,3.75085,3.72827,3.707,3.69592,3.66783,3.66125,3.65201,3.64104,3.6144,3.60131,3.58563,3.56681,3.55494,3.54526,3.54118,3.53575,3.52529,3.52339,3.52044,3.51525,3.51382,3.51593,3.51868,3.51211,3.50584,3.51303,3.51979,3.52389,3.52971,3.53936,3.54727,3.55534,3.5658,3.57222,3.58004,3.59108,3.6004,3.61191,3.62203,3.63386,3.64898,3.65854,3.66736,3.68257,3.70146,3.74519,3.77468,3.78558,3.79441,3.80695,3.82125,3.83992,3.85443,3.86858,3.88328,3.89501,3.90662,3.91992,3.93657,3.96092,3.98777,4
5,4.96699,4.92572,4.88973,4.86353,4.82537,4.79211,4.7121,4.69326,4.66396,4.63219,4.5906,4.57085,4.55217,4.52423,4.46134,4.42855,4.38106,4.35272,4.30889,4.28097,4.25748,4.22777,4.19846,4.16878,4.14045,4.09106,4.06556,4.03823,3.99388,3.95329,3.92426,3.90394,3.87119,3.85243,3.83148,3.81283,3.78509,3.75835,3.74121,3.70491,3.69219,3.67496,3.66623,3.65771,3.64361,3.61723,3.60529,3.59694,3.56674,3.55779,3.54859,3.53978,3.53401,3.52351,3.51802,3.51485,3.50796,3.5042,3.49899,3.49392,3.49404,3.49318,3.49749,3.50349,3.50823,3.51356,3.52089,3.53417,3.54039,3.54498,3.55127,3.56283,3.57234,3.58135,3.59534,3.60714,3.61549,3.6237,3.63575,3.64874,3.65914,3.67162,3.691,3.75256,3.77061,3.78048,3.78826,3.80302,3.81852,3.83895,3.84951,3.8668,3.88539,3.89551,3.9066,3.92208,3.94743,3.96321,3.9843,4
5,4.97535,4.92823,4.88988,4.85327,4.81413,4.76311,4.72091,4.69779,4.64061,4.61794,4.58345,4.56201,4.53957,4.5105,4.45977,4.42407,4.38468,4.33502,4.31297,4.28887,4.26163,4.21432,4.18571,4.15653,4.11118,4.07819,4.05782,4.0323,3.98779,3.94315,3.91057,3.88298,3.86744,3.85329,3.82927,3.78598,3.7569,3.74413,3.72489,3.6993,3.68325,3.67378,3.66388,3.62989,3.61371,3.60063,3.59147,3.57173,3.54816,3.53664,3.52579,3.51417,3.51127,3.50794,3.50573,3.50259,3.49758,3.49142,3.48487,3.48287,3.48313,3.48541,3.48875,3.49197,3.49737,3.5023,3.50892,3.52832,3.53483,3.53849,3.54483,3.55883,3.56651,3.57339,3.5869,3.59667,3.60696,3.61431,3.6272,3.64313,3.65394,3.66508,3.69049,3.74002,3.7635,3.7731,3.78091,3.79604,3.82637,3.83619,3.84606,3.86256,3.87962,3.89273,3.90886,3.93547,3.95051,3.96476,3.98042,4
5,4.97441,4.93388,4.88951,4.84803,4.81471,4.77144,4.72206,4.66221,4.63927,4.61439,4.57915,4.55059,4.52348,4.50073,4.45147,4.41606,4.37378,4.34337,4.32325,4.29281,4.21905,4.20084,4.17875,4.15037,4.10515,4.07374,4.0491,4.01432,3.9538,3.92407,3.89977,3.87791,3.86026,3.83732,3.81277,3.76505,3.75239,3.73692,3.7108,3.69336,3.68075,3.672,3.63163,3.60861,3.59889,3.58728,3.56594,3.54789,3.53004,3.52178,3.50893,3.50186,3.50027,3.49501,3.49272,3.48788,3.48151,3.47716,3.47273,3.47495,3.4766,3.47829,3.47902,3.48277,3.48722,3.48978,3.49445,3.51022,3.52541,3.52793,3.53052,3.55391,3.56076,3.56822,3.57693,3.58872,3.60012,3.60768,3.62042,3.63914,3.64855,3.66371,3.69656,3.71352,3.75609,3.76707,3.77559,3.79639,3.82345,3.83336,3.84596,3.85806,3.87257,3.89249,3.91101,3.93361,3.95291,3.9679,3.9815,4
5,4.97582,4.9421,4.89907,4.84616,4.81436,4.74732,4.67749,4.6615,4.63662,4.59887,4.57105,4.53543,4.51582,4.48818,4.4492,4.41727,4.37672,4.35091,4.32953,4.25362,4.22227,4.20244,4.17004,4.12306,4.09292,4.06692,4.02937,3.97491,3.94626,3.92079,3.89176,3.86962,3.85063,3.82403,3.78853,3.76626,3.75316,3.72006,3.70274,3.68774,3.67458,3.6526,3.61112,3.59767,3.58759,3.5657,3.55491,3.54346,3.52359,3.50846,3.49924,3.49567,3.49182,3.48584,3.48164,3.46283,3.46315,3.46257,3.46469,3.4674,3.469,3.47018,3.47153,3.47495,3.47985,3.48396,3.48792,3.49613,3.50689,3.51434,3.5185,3.52623,3.54334,3.55961,3.56897,3.583,3.59346,3.60254,3.62231,3.63416,3.64534,3.67562,3.69173,3.70429,3.75018,3.76074,3.77238,3.80298,3.81516,3.82789,3.84297,3.85539,3.86833,3.89301,3.90905,3.92965,3.95495,3.96948,3.98468,4
5,4.97121,4.93145,4.9001,4.85208,4.78623,4.70748,4.68214,4.66534,4.6199,4.59653,4.56594,4.53707,4.5131,4.4817,4.45418,4.42164,4.37235,4.34892,4.31366,4.25382,4.22387,4.17635,4.13494,4.10797,4.0834,4.05352,4.00918,3.96997,3.93707,3.90961,3.8874,3.8682,3.83995,3.8106,3.78556,3.7651,3.74106,3.71569,3.69894,3.68149,3.66257,3.63334,3.60039,3.58611,3.5693,3.55919,3.55002,3.53898,3.51617,3.50152,3.49425,3.48893,3.47968,3.47475,3.45593,3.45016,3.45022,3.45308,3.45405,3.44947,3.4521,3.45459,3.45891,3.46332,3.4721,3.4779,3.47895,3.48193,3.49309,3.5047,3.51084,3.51906,3.53542,3.55019,3.561,3.57306,3.58445,3.59766,3.61442,3.62687,3.64288,3.67824,3.69042,3.70281,3.7388,3.75291,3.76751,3.79562,3.80609,3.81504,3.83949,3.85127,3.8651,3.89263,3.91007,3.92765,3.9486,3.96849,3.98822,4
5,4.95309,4.92464,4.89302,4.85744,4.78297,4.71046,4.68708,4.66143,4.62764,4.60097,4.56586,4.54082,4.50005,4.47226,4.44464,4.40328,4.37586,4.33275,4.28615,4.26048,4.21193,4.1687,4.13408,4.10216,4.06056,4.02735,3.99715,3.966,3.92938,3.90758,3.88578,3.86063,3.82753,3.8046,3.77493,3.75131,3.73437,3.71617,3.69147,3.67059,3.64969,3.6114,3.5889,3.57437,3.56445,3.55485,3.54379,3.53668,3.50811,3.49199,3.48407,3.47308,3.46495,3.46114,3.44449,3.44069,3.43857,3.43721,3.42566,3.4257,3.42627,3.4333,3.44199,3.44389,3.44652,3.46169,3.46744,3.47277,3.48072,3.4949,3.50317,3.51161,3.52866,3.54182,3.55353,3.56433,3.57757,3.59051,3.6036,3.61658,3.63478,3.68041,3.68886,3.69847,3.73467,3.74735,3.76095,3.78446,3.80007,3.81201,3.83044,3.84534,3.8638,3.89631,3.90682,3.92049,3.94262,3.97232,3.99043,4
5,4.95624,4.91975,4.88443,4.85202,4.78869,4.7196,4.69299,4.66677,4.63496,4.5935,4.57036,4.54364,4.49815,4.45911,4.41457,4.38909,4.37271,4.3079,4.2835,4.25738,4.21039,4.16984,4.13308,4.08012,4.05009,4.01932,3.99551,3.96126,3.92648,3.90008,3.8644,3.84009,3.81077,3.78017,3.75463,3.74117,3.72594,3.70064,3.67368,3.65344,3.62635,3.5975,3.57694,3.56577,3.55636,3.54273,3.53515,3.52552,3.48767,3.4806,3.47369,3.46085,3.45564,3.45015,3.43335,3.42939,3.42713,3.42132,3.41871,3.41699,3.41396,3.41695,3.42472,3.43176,3.43649,3.45012,3.45965,3.46552,3.47272,3.48427,3.49354,3.50296,3.51851,3.53137,3.54332,3.55426,3.56855,3.58018,3.59777,3.6121,3.62822,3.67621,3.68585,3.70629,3.73093,3.74153,3.75276,3.77582,3.79831,3.81228,3.82544,3.84276,3.86792,3.89182,3.90289,3.91411,3.94627,3.96975,3.99093,4
5,4.96403,4.90028,4.87376,4.84565,4.80309,4.7263,4.69467,4.66194,4.63067,4.5997,4.57306,4.54925,4.49566,4.43927,4.39391,4.37802,4.35531,4.31682,4.28305,4.23749,4.20579,4.17409,4.13794,4.07735,4.04246,4.01285,3.99011,3.95787,3.9092,3.87287,3.84996,3.81943,3.79036,3.76559,3.74905,3.73094,3.7073,3.68398,3.66221,3.6317,3.6009,3.58018,3.56168,3.55064,3.54052,3.53413,3.52197,3.50117,3.47989,3.47349,3.46436,3.44468,3.43623,3.42692,3.42077,3.42016,3.41828,3.41317,3.41179,3.40279,3.40317,3.40653,3.41495,3.42258,3.42788,3.4395,3.44927,3.45574,3.4627,3.47487,3.48419,3.49428,3.5042,3.51784,3.53476,3.54989,3.56118,3.57175,3.59058,3.60964,3.6281,3.6487,3.68243,3.7084,3.72423,3.73482,3.74468,3.76868,3.79902,3.80873,3.82194,3.84053,3.8675,3.88968,3.90263,3.91717,3.93998,3.96641,3.98962,4
5,4.96503,4.88909,4.86556,4.84061,4.79878,4.74072,4.69675,4.66355,4.63351,4.60126,4.57856,4.55651,4.47859,4.41935,4.38412,4.36351,4.34161,4.30779,4.274,4.23862,4.21308,4.17958,4.1335,4.07033,4.03183,4.00493,3.97338,3.93035,3.89831,3.86668,3.83323,3.80315,3.77465,3.75823,3.74308,3.7157,3.69543,3.66593,3.6414,3.58682,3.57431,3.55451,3.53664,3.53115,3.5228,3.50954,3.49512,3.4806,3.45666,3.44591,3.41831,3.41653,3.41608,3.41219,3.40893,3.40734,3.39049,3.38508,3.38624,3.38846,3.39239,3.39527,3.39789,3.40452,3.41497,3.42704,3.43739,3.44596,3.45464,3.46531,3.4757,3.48804,3.49667,3.50906,3.52983,3.54732,3.55727,3.56889,3.58959,3.6081,3.62444,3.64057,3.67995,3.70217,3.71719,3.72806,3.74175,3.77401,3.79212,3.80354,3.8155,3.83831,3.86225,3.88624,3.90381,3.91749,3.93786,3.96801,3.98859,4
5,4.96127,4.89966,4.86816,4.83373,4.79179,4.74923,4.70244,4.66075,4.62822,4.60103,4.58288,4.54932,4.4947,4.40629,4.37421,4.35164,4.32983,4.29718,4.26983,4.24228,4.22104,4.17948,4.11505,4.05162,4.0258,3.99357,3.95136,3.92549,3.89982,3.84729,3.81085,3.78583,3.76423,3.75153,3.72841,3.70272,3.67617,3.63256,3.60143,3.5699,3.55578,3.53867,3.52717,3.51535,3.50602,3.49536,3.47537,3.45019,3.41274,3.40622,3.39836,3.39972,3.39559,3.37969,3.37234,3.37205,3.3716,3.37118,3.36954,3.37496,3.3812,3.3865,3.3912,3.39652,3.40469,3.41429,3.42508,3.43405,3.44707,3.45658,3.46785,3.48004,3.48659,3.49336,3.52234,3.53951,3.5524,3.56694,3.585,3.60529,3.6234,3.64283,3.66959,3.69388,3.70743,3.72286,3.74305,3.76844,3.78636,3.79926,3.80917,3.83676,3.85339,3.88225,3.90109,3.91691,3.93769,3.96916,3.98793,4
5,4.95965,4.92148,4.87096,4.82453,4.78647,4.74191,4.70284,4.65971,4.61952,4.60102,4.57995,4.54921,4.50773,4.41318,4.36894,4.34485,4.31629,4.29567,4.26071,4.23649,4.20907,4.13995,4.10656,4.05184,4.02087,3.95982,3.94123,3.92109,3.87917,3.82042,3.79672,3.77384,3.75709,3.73904,3.71716,3.68117,3.65189,3.6245,3.58641,3.56074,3.54494,3.52997,3.51787,3.50325,3.48874,3.45939,3.42429,3.40528,3.39709,3.38691,3.37153,3.35653,3.35442,3.35389,3.35356,3.35497,3.35217,3.34934,3.35403,3.36073,3.36873,3.3787,3.38513,3.3868,3.38541,3.39655,3.41117,3.42258,3.43662,3.446,3.45122,3.46126,3.4707,3.47884,3.50576,3.52622,3.54342,3.56029,3.57693,3.60927,3.62586,3.64312,3.6673,3.68686,3.70072,3.72317,3.74082,3.76313,3.78065,3.79559,3.80994,3.82891,3.84491,3.88145,3.89516,3.91413,3.93028,3.9694,3.98651,4
5,4.97372,4.93822,4.86316,4.83128,4.77106,4.73127,4.69218,4.6523,4.62503,4.60422,4.57674,4.54296,4.48949,4.42962,4.37478,4.3355,4.31125,4.28615,4.24539,4.22335,4.18844,4.14005,4.10301,4.06091,3.98341,3.95304,3.93641,3.91319,3.86817,3.80431,3.78269,3.76659,3.74333,3.72219,3.6972,3.67306,3.65228,3.62417,3.56754,3.54346,3.53043,3.51752,3.49694,3.47009,3.44328,3.42656,3.41129,3.39786,3.38615,3.37247,3.35517,3.34255,3.34094,3.34152,3.33844,3.31743,3.32032,3.32584,3.33464,3.34439,3.34945,3.35388,3.36073,3.35922,3.36679,3.37969,3.39829,3.41246,3.42014,3.42882,3.43609,3.44698,3.46113,3.47284,3.48985,3.51089,3.53189,3.54871,3.57088,3.60232,3.62025,3.6388,3.6652,3.68275,3.71052,3.72202,3.73785,3.75686,3.77715,3.79121,3.80808,3.82558,3.85673,3.87721,3.89286,3.90968,3.9325,3.96139,3.98673,4
5,4.97908,4.89782,4.86637,4.83519,4.7623,4.71738,4.68774,4.65883,4.63466,4.60773,4.568,4.52784,4.47632,4.43363,4.37362,4.33126,4.30947,4.27288,4.23597,4.20823,4.17834,4.13135,4.09837,4.06541,3.967,3.94485,3.92873,3.89694,3.81924,3.78823,3.7757,3.75566,3.72368,3.71303,3.69039,3.66217,3.61912,3.55768,3.53464,3.52465,3.51815,3.49634,3.477,3.4532,3.43197,3.41564,3.40189,3.38746,3.37524,3.35937,3.33703,3.33166,3.33064,3.32928,3.30641,3.30626,3.30816,3.31195,3.32025,3.33056,3.3262,3.3262,3.33657,3.34477,3.35152,3.35954,3.37584,3.39602,3.40701,3.41645,3.42371,3.43491,3.45431,3.46743,3.4808,3.49915,3.52201,3.54128,3.57262,3.59121,3.61206,3.63664,3.65915,3.68807,3.70831,3.71868,3.73194,3.75092,3.77181,3.78473,3.8088,3.83192,3.85567,3.87253,3.89067,3.90611,3.93785,3.95757,3.98851,4
5,4.96607,4.90022,4.86607,4.79794,4.76041,4.7259,4.68861,4.66336,4.6382,4.60158,4.55205,4.51012,4.47337,4.40503,4.36952,4.33975,4.30406,4.26502,4.21025,4.19369,4.16847,4.12214,4.09209,4.00864,3.95474,3.93492,3.91241,3.85617,3.8037,3.78833,3.76953,3.7362,3.72025,3.70726,3.66071,3.61742,3.56753,3.54671,3.52716,3.51464,3.49678,3.47044,3.46185,3.43465,3.4128,3.39876,3.38965,3.37365,3.35399,3.336,3.32239,3.31616,3.31192,3.29805,3.29598,3.29581,3.29687,3.30092,3.30512,3.30665,3.31054,3.31211,3.32231,3.33134,3.33843,3.34695,3.36185,3.37964,3.39409,3.40736,3.41427,3.42237,3.4464,3.4583,3.47379,3.48821,3.50589,3.52724,3.55899,3.57984,3.60719,3.63126,3.65141,3.68507,3.70544,3.71634,3.72637,3.74647,3.76412,3.77966,3.81936,3.83573,3.85261,3.86595,3.88192,3.90749,3.93212,3.95282,3.98564,4
5,4.95692,4.88713,4.84721,4.79846,4.77075,4.73316,4.69161,4.6664,4.62863,4.55986,4.53095,4.48582,4.44757,4.39572,4.37162,4.34781,4.30273,4.24693,4.20742,4.18805,4.15167,4.10551,4.04552,3.99169,3.94586,3.92507,3.88275,3.82786,3.80295,3.7904,3.75307,3.72826,3.71041,3.67137,3.64044,3.58263,3.55725,3.54258,3.52238,3.5012,3.47318,3.45909,3.44685,3.40527,3.38796,3.38355,3.36613,3.34757,3.3282,3.3132,3.29388,3.29318,3.29244,3.28716,3.28394,3.28395,3.28445,3.28228,3.27656,3.2876,3.29552,3.29316,3.30371,3.31718,3.32409,3.33215,3.35437,3.36787,3.38484,3.39928,3.40775,3.42065,3.43657,3.44991,3.46997,3.48696,3.49738,3.5142,3.54489,3.57342,3.60091,3.61746,3.63055,3.65142,3.69353,3.71091,3.72148,3.73729,3.75874,3.79511,3.8181,3.83868,3.85257,3.86336,3.87741,3.90747,3.92825,3.94286,3.98015,4
5,4.93413,4.89271,4.85748,4.81224,4.78796,4.72251,4.68953,4.65029,4.58459,4.54852,4.51351,4.48626,4.44707,4.39319,4.37214,4.34607,4.31296,4.25066,4.20498,4.16923,4.1229,4.08614,4.02688,3.967,3.93642,3.91633,3.87038,3.82168,3.79412,3.76019,3.73782,3.70821,3.67107,3.64806,3.6294,3.56828,3.54913,3.53502,3.51711,3.4874,3.46092,3.44343,3.40753,3.38425,3.37408,3.36376,3.34321,3.31685,3.2891,3.28067,3.27641,3.27833,3.27739,3.27161,3.26545,3.26605,3.266,3.26725,3.26614,3.26924,3.27644,3.28051,3.28732,3.29729,3.30448,3.3154,3.33958,3.3557,3.37291,3.38892,3.3988,3.41937,3.42788,3.44124,3.46953,3.4821,3.4911,3.50313,3.5354,3.56087,3.59729,3.61296,3.62509,3.64308,3.67871,3.70697,3.71978,3.73093,3.76247,3.79196,3.81284,3.83742,3.85083,3.86407,3.88402,3.91175,3.92254,3.93251,3.97908,4
5,4.93494,4.90119,4.85811,4.82596,4.79487,4.72868,4.69104,4.64747,4.5759,4.54231,4.5111,4.48522,4.43441,4.39488,4.37208,4.34233,4.31198,4.26962,4.17336,4.14467,4.10465,4.06927,4.00368,3.94861,3.93095,3.90409,3.8575,3.8,3.76827,3.74709,3.7299,3.69332,3.65037,3.62801,3.60414,3.56237,3.5458,3.53245,3.51179,3.46136,3.43073,3.40274,3.38853,3.37355,3.36058,3.34707,3.32726,3.28553,3.27471,3.26711,3.26389,3.26373,3.25326,3.24889,3.25103,3.25277,3.25582,3.25638,3.25034,3.25223,3.26467,3.26877,3.27243,3.28188,3.29108,3.30039,3.31805,3.33905,3.35411,3.36541,3.37472,3.38795,3.40208,3.41901,3.46149,3.47609,3.48789,3.50534,3.52433,3.55198,3.59154,3.60788,3.62039,3.63781,3.65985,3.70423,3.71774,3.73205,3.75598,3.78769,3.81446,3.83431,3.8467,3.86772,3.89651,3.91085,3.92034,3.93396,3.9624,4
5,4.94483,4.91097,4.87305,4.83741,4.78119,4.73335,4.69231,4.64124,4.58756,4.54485,4.50749,4.4706,4.43046,4.40038,4.37479,4.33641,4.29862,4.23212,4.17648,4.1375,4.08887,4.04325,3.98122,3.94744,3.92486,3.85947,3.82207,3.78373,3.75568,3.73786,3.71749,3.68481,3.63824,3.61985,3.59875,3.56375,3.54118,3.51736,3.48842,3.43008,3.39915,3.38718,3.37682,3.35887,3.34779,3.32597,3.28949,3.27216,3.26029,3.25154,3.24856,3.24237,3.23673,3.23794,3.23895,3.23675,3.23946,3.23673,3.23781,3.23996,3.24971,3.25454,3.25624,3.26408,3.27679,3.28329,3.2918,3.31226,3.3335,3.34453,3.36045,3.37862,3.39197,3.40998,3.44199,3.46639,3.48278,3.49824,3.5125,3.54341,3.58537,3.60342,3.6211,3.63321,3.65362,3.68946,3.71446,3.73362,3.75371,3.78713,3.81735,3.83332,3.84788,3.87214,3.89209,3.90902,3.92162,3.93459,3.95426,4
5,4.94715,4.91659,4.88606,4.84176,4.77997,4.72502,4.68685,4.63952,4.60599,4.54794,4.49017,4.47041,4.43602,4.40391,4.37327,4.32513,4.29395,4.20784,4.16834,4.11435,4.07947,4.02029,3.96981,3.94409,3.90075,3.83143,3.80496,3.78138,3.75618,3.73358,3.70968,3.67569,3.63693,3.61482,3.59119,3.56079,3.52373,3.49584,3.46708,3.40456,3.38876,3.37771,3.35894,3.33952,3.32017,3.29204,3.27928,3.25747,3.24349,3.23472,3.22406,3.21782,3.21797,3.21662,3.21658,3.21871,3.22001,3.22436,3.2252,3.21935,3.2261,3.23465,3.24033,3.24911,3.26091,3.26756,3.27566,3.2916,3.31595,3.33127,3.34833,3.36762,3.38282,3.40299,3.43065,3.45451,3.47403,3.48835,3.50189,3.52884,3.56728,3.60113,3.61456,3.62605,3.64607,3.67554,3.71825,3.73561,3.75282,3.78555,3.82072,3.83332,3.84936,3.86656,3.88554,3.90937,3.92364,3.9372,3.96018,4
5,4.95586,4.92711,4.89286,4.83217,4.77662,4.71579,4.6814,4.64363,4.62046,4.50689,4.48878,4.47578,4.42338,4.39214,4.36487,4.30066,4.25695,4.20863,4.1422,4.10402,4.07484,3.99491,3.96189,3.93544,3.844,3.82216,3.80309,3.78379,3.75613,3.72527,3.70183,3.6659,3.63124,3.60257,3.5768,3.53103,3.49789,3.46097,3.43207,3.39551,3.37979,3.35499,3.33161,3.31731,3.29763,3.27963,3.26937,3.23649,3.23046,3.21473,3.20806,3.206,3.20268,3.19491,3.1879,3.19127,3.19353,3.20036,3.20226,3.20531,3.21283,3.22249,3.22648,3.22897,3.24175,3.25175,3.26292,3.2785,3.30185,3.31474,3.32821,3.35018,3.36936,3.39083,3.4226,3.44094,3.45943,3.47711,3.49749,3.53855,3.55531,3.58529,3.60538,3.61925,3.63667,3.66399,3.71811,3.73791,3.76514,3.80129,3.81571,3.82853,3.84572,3.86393,3.88638,3.90709,3.92664,3.94698,3.96826,4
5,4.96761,4.94455,4.90222,4.833,4.74711,4.716,4.67928,4.6464,4.62258,4.50469,4.48921,4.47517,4.40944,4.38032,4.33785,4.27415,4.2371,4.20533,4.12723,4.07337,4.01247,3.9651,3.94042,3.89426,3.84581,3.82203,3.80191,3.78255,3.7276,3.7024,3.68809,3.64985,3.60295,3.57451,3.53508,3.50315,3.47095,3.43864,3.41685,3.3925,3.36756,3.32849,3.31286,3.30021,3.27744,3.2482,3.22842,3.22373,3.21792,3.20019,3.19541,3.19048,3.18131,3.17054,3.16668,3.16937,3.173,3.17806,3.18666,3.19299,3.19965,3.20655,3.21276,3.21986,3.22839,3.23742,3.24715,3.26293,3.28533,3.29984,3.31466,3.33814,3.35345,3.38134,3.41039,3.42741,3.44048,3.46357,3.51886,3.53621,3.54869,3.57198,3.59746,3.61475,3.63048,3.65557,3.7077,3.73979,3.77212,3.79754,3.81028,3.82251,3.83694,3.86183,3.87914,3.90714,3.93701,3.95228,3.97812,4
5,4.97199,4.94405,4.89987,4.81738,4.76044,4.72412,4.67108,4.64369,4.62038,4.50406,4.48771,4.46497,4.391,4.36182,4.32779,4.25912,4.22856,4.19968,4.10067,4.04042,3.99817,3.9667,3.94055,3.8919,3.83958,3.81816,3.79964,3.77013,3.71147,3.69034,3.67578,3.62103,3.58279,3.55333,3.51918,3.49556,3.45737,3.42782,3.40779,3.38372,3.3252,3.30911,3.29489,3.27953,3.24167,3.22978,3.22104,3.21453,3.19311,3.17785,3.17615,3.17307,3.16229,3.15332,3.15369,3.15421,3.15873,3.16733,3.17485,3.18071,3.18717,3.19583,3.20388,3.21213,3.21979,3.22835,3.2398,3.25844,3.27766,3.29064,3.31257,3.3293,3.34773,3.37655,3.40432,3.41785,3.42904,3.45173,3.51343,3.53029,3.54162,3.5581,3.58869,3.60962,3.62949,3.65409,3.6804,3.73147,3.77959,3.79635,3.80821,3.8192,3.83579,3.85675,3.87403,3.9109,3.93437,3.95267,3.97971,4
5,4.96439,4.92451,4.89099,4.83371,4.78306,4.7327,4.65731,4.63243,4.58205,4.51412,4.48363,4.41905,4.37745,4.35658,4.33022,4.24717,4.22111,4.1722,4.0894,4.04034,3.99728,3.96478,3.92412,3.86094,3.83906,3.8198,3.79683,3.74964,3.70316,3.67906,3.64716,3.61294,3.57942,3.54804,3.51553,3.48502,3.4384,3.41685,3.39118,3.34397,3.31716,3.30307,3.28752,3.26348,3.23711,3.22167,3.20597,3.18085,3.16701,3.16146,3.15769,3.15114,3.1433,3.14089,3.13733,3.13847,3.14744,3.15651,3.16315,3.16831,3.1758,3.18296,3.18895,3.19777,3.20926,3.21843,3.22873,3.25319,3.26989,3.28201,3.30107,3.31918,3.3515,3.37507,3.39927,3.4098,3.4214,3.44263,3.49064,3.51651,3.53412,3.5491,3.57518,3.60193,3.63185,3.64988,3.66977,3.73463,3.77761,3.79401,3.80506,3.81462,3.83138,3.85347,3.87131,3.90733,3.92845,3.94915,3.97954,4
5,4.94644,4.92056,4.88859,4.8447,4.79096,4.72352,4.65471,4.60983,4.56548,4.51371,4.45244,4.40401,4.37777,4.35361,4.3189,4.25479,4.21386,4.13947,4.07955,4.02898,3.99505,3.94275,3.90291,3.86904,3.83972,3.81474,3.79373,3.74127,3.7065,3.6589,3.62878,3.61107,3.5682,3.53581,3.49425,3.46479,3.42723,3.40737,3.35984,3.33048,3.31298,3.2995,3.2754,3.24161,3.22556,3.19623,3.17795,3.16494,3.15241,3.13706,3.13671,3.13654,3.12429,3.11777,3.11895,3.12283,3.12333,3.13325,3.14136,3.14833,3.15397,3.1615,3.17133,3.18308,3.19479,3.2045,3.21543,3.23456,3.2527,3.26739,3.27784,3.29214,3.33928,3.37151,3.39266,3.40448,3.41724,3.44459,3.47933,3.5106,3.52719,3.54014,3.5648,3.58513,3.62328,3.64353,3.68697,3.73591,3.76998,3.78929,3.79993,3.8091,3.83868,3.85038,3.86736,3.89652,3.9166,3.93619,3.97962,4
5,4.9535,4.92297,4.88306,4.84306,4.78464,4.71248,4.64814,4.60301,4.54866,4.49032,4.44335,4.41039,4.38236,4.35371,4.31837,4.25216,4.17628,4.10764,4.06038,4.02455,3.99366,3.93654,3.90563,3.87706,3.83247,3.81091,3.78026,3.74217,3.72028,3.63498,3.61872,3.59449,3.55753,3.52912,3.49069,3.45038,3.41984,3.40524,3.34286,3.31895,3.29982,3.2861,3.23547,3.2246,3.20925,3.16818,3.15054,3.14113,3.12756,3.12469,3.1226,3.10419,3.10118,3.09743,3.09139,3.08746,3.09343,3.10463,3.11772,3.12426,3.13094,3.14197,3.15444,3.1667,3.1805,3.19415,3.21328,3.22854,3.24588,3.25897,3.26892,3.28514,3.32386,3.361,3.38633,3.39862,3.41195,3.44745,3.48303,3.51085,3.5233,3.53742,3.56038,3.57914,3.60544,3.63389,3.69236,3.72679,3.75871,3.7809,3.79327,3.81785,3.83236,3.84414,3.86453,3.8905,3.90913,3.9412,3.96979,4
5,4.9671,4.92288,4.8831,4.84472,4.78031,4.69231,4.64216,4.59685,4.54785,4.49411,4.44253,4.41564,4.38346,4.35037,4.28016,4.22168,4.16285,4.10368,4.05225,4.02172,3.99522,3.93257,3.90555,3.87443,3.83327,3.80669,3.76892,3.73785,3.70866,3.63497,3.61036,3.58062,3.55356,3.52124,3.49569,3.42926,3.41304,3.38755,3.34141,3.30401,3.28317,3.25373,3.2207,3.2022,3.16827,3.1496,3.13992,3.1291,3.11608,3.10914,3.10111,3.0916,3.08156,3.07632,3.07611,3.07368,3.07531,3.08717,3.09976,3.1119,3.1217,3.1322,3.14368,3.1553,3.1654,3.18224,3.20662,3.22154,3.23898,3.25128,3.26196,3.27739,3.31281,3.34993,3.37325,3.38641,3.40889,3.43566,3.4783,3.50809,3.52004,3.53799,3.55349,3.58255,3.6014,3.63808,3.68491,3.71257,3.74503,3.76999,3.78685,3.81301,3.82533,3.83778,3.85681,3.88296,3.91389,3.9446,3.96351,4
5,4.9621,4.93186,4.88587,4.8398,4.80526,4.68426,4.6303,4.59549,4.5547,4.49921,4.44689,4.4183,4.37258,4.33232,4.27235,4.22296,4.16325,4.10177,4.04243,4.02008,3.98705,3.93552,3.90854,3.87353,3.82319,3.80082,3.76292,3.72933,3.69289,3.63866,3.60076,3.57603,3.53366,3.51015,3.48854,3.42778,3.4051,3.37479,3.33745,3.28682,3.25393,3.22541,3.20782,3.18676,3.16208,3.14425,3.13199,3.11154,3.10352,3.0982,3.09188,3.07308,3.06532,3.06571,3.06422,3.06384,3.06785,3.07929,3.0927,3.10403,3.11445,3.12442,3.13567,3.14385,3.1498,3.16179,3.19113,3.20996,3.22775,3.24241,3.25479,3.27076,3.30606,3.34297,3.36159,3.37905,3.40298,3.42971,3.47285,3.50203,3.52085,3.53273,3.55237,3.57716,3.59631,3.64981,3.68136,3.70574,3.73414,3.76492,3.78586,3.80456,3.81908,3.83372,3.8548,3.89012,3.91319,3.93818,3.96074,4
5,4.96756,4.94252,4.86916,4.84082,4.81061,4.67106,4.62906,4.59423,4.55441,4.4962,4.45679,4.42459,4.36968,4.32136,4.26585,4.23037,4.13854,4.09665,4.05176,4.02042,3.97602,3.93834,3.89229,3.84975,3.82571,3.80037,3.75005,3.71797,3.67574,3.62244,3.59497,3.56982,3.52063,3.49881,3.46484,3.42762,3.3988,3.36997,3.27762,3.25692,3.23096,3.21561,3.19529,3.17202,3.15133,3.12822,3.10829,3.10013,3.09494,3.08663,3.07477,3.05112,3.05127,3.04904,3.05036,3.05305,3.05592,3.0667,3.08225,3.09212,3.09677,3.10463,3.11712,3.12982,3.14093,3.16094,3.1829,3.20054,3.21652,3.2318,3.24741,3.26384,3.28083,3.31872,3.34643,3.37008,3.40166,3.43987,3.46648,3.50071,3.51583,3.52729,3.55432,3.57099,3.59384,3.64383,3.679,3.70179,3.72991,3.76255,3.78138,3.79746,3.81378,3.83578,3.87327,3.88895,3.90591,3.93402,3.96494,4
5,4.97283,4.94801,4.87297,4.83953,4.75258,4.67826,4.62856,4.59187,4.5498,4.49382,4.46416,4.43301,4.35028,4.29559,4.26424,4.23511,4.14777,4.10268,4.05082,4.01445,3.97028,3.92739,3.88143,3.85494,3.82919,3.78717,3.74969,3.70556,3.65858,3.61832,3.58963,3.54835,3.50514,3.48366,3.45945,3.43144,3.38884,3.29505,3.27118,3.25153,3.22457,3.20697,3.18101,3.16014,3.14267,3.11684,3.09875,3.08926,3.07679,3.06454,3.04905,3.04443,3.04277,3.04149,3.0426,3.04319,3.04155,3.04248,3.04655,3.06125,3.07769,3.0941,3.10702,3.12037,3.13213,3.15704,3.17531,3.19088,3.20659,3.22068,3.24175,3.25974,3.27288,3.29367,3.32665,3.3513,3.41744,3.44015,3.46427,3.49388,3.50966,3.52754,3.54602,3.56353,3.59055,3.63321,3.67393,3.69829,3.71886,3.75669,3.77524,3.79011,3.81538,3.83818,3.87404,3.88412,3.89726,3.93307,3.96892,4
5,4.97434,4.94687,4.88207,4.80764,4.77092,4.68251,4.62903,4.58612,4.53807,4.49341,4.47136,4.42662,4.32548,4.2904,4.26712,4.22968,4.16623,4.10585,4.05342,4.00638,3.96476,3.92844,3.88769,3.85516,3.81976,3.78374,3.74107,3.69018,3.65341,3.61564,3.58408,3.53675,3.49842,3.47392,3.45531,3.43225,3.35166,3.28971,3.26471,3.24301,3.22426,3.20398,3.16346,3.14847,3.13491,3.09842,3.078,3.06047,3.04682,3.04324,3.03839,3.03571,3.03311,3.03508,3.03365,3.03167,3.0337,3.03561,3.03982,3.04948,3.06421,3.08454,3.09761,3.10735,3.12264,3.14456,3.16624,3.18624,3.2014,3.21549,3.23801,3.25695,3.26796,3.28499,3.31735,3.35016,3.41682,3.43668,3.46498,3.48477,3.50579,3.52436,3.54062,3.55767,3.58074,3.63153,3.68109,3.69529,3.7096,3.75156,3.76757,3.78812,3.81603,3.85179,3.86914,3.87976,3.89368,3.92494,3.96567,4
5,4.9757,4.93811,4.84063,4.81482,4.77881,4.69006,4.62989,4.56957,4.52996,4.49399,4.47312,4.37067,4.32701,4.30056,4.27487,4.22821,4.18276,4.10893,4.06016,3.98946,3.96184,3.93008,3.88532,3.85105,3.82323,3.77693,3.73388,3.68259,3.64597,3.6195,3.59006,3.53113,3.48643,3.46304,3.44072,3.39294,3.35054,3.28415,3.26019,3.24396,3.2204,3.17175,3.1443,3.13121,3.10815,3.08306,3.06384,3.04313,3.03541,3.03161,3.02329,3.02182,3.02096,3.01472,3.01523,3.0205,3.02708,3.0269,3.03191,3.04163,3.05407,3.07889,3.08869,3.09858,3.11139,3.13288,3.15881,3.17744,3.19515,3.21065,3.23855,3.25391,3.26407,3.27814,3.31121,3.38889,3.41693,3.43706,3.45882,3.47738,3.49861,3.52321,3.54188,3.5551,3.57487,3.6343,3.67678,3.69218,3.72141,3.74429,3.76208,3.78818,3.82875,3.8495,3.86374,3.87674,3.89584,3.92284,3.94869,4
5,4.97268,4.9038,4.85113,4.82259,4.75972,4.69151,4.60569,4.5746,4.5338,4.48316,4.44783,4.372,4.33666,4.30905,4.26733,4.23665,4.18918,4.14186,4.06495,3.99428,3.96955,3.933,3.8752,3.85356,3.80883,3.75385,3.71609,3.67831,3.65256,3.62909,3.5794,3.51542,3.4725,3.44142,3.41342,3.38949,3.35622,3.27616,3.25851,3.23934,3.19224,3.15322,3.12932,3.11946,3.10288,3.07232,3.05223,3.03604,3.02924,3.02413,3.01863,3.01575,3.00572,3.00104,3.00318,3.00446,3.00808,3.01527,3.02388,3.03527,3.05489,3.07185,3.08345,3.09759,3.10888,3.12913,3.14949,3.16845,3.18664,3.20616,3.23153,3.25009,3.26211,3.27775,3.29793,3.39414,3.41323,3.43286,3.4554,3.47494,3.49771,3.52603,3.53896,3.55268,3.59218,3.63478,3.66342,3.68756,3.72175,3.73753,3.76786,3.80153,3.82971,3.84551,3.85935,3.87726,3.89911,3.92255,3.94916,4
5,4.96486,4.91413,4.86424,4.791,4.72956,4.68913,4.62054,4.58572,4.48541,4.46638,4.43534,4.38608,4.34799,4.30658,4.27614,4.23834,4.18929,4.14516,4.04067,4.00539,3.98103,3.91659,3.88065,3.86167,3.78893,3.73887,3.7096,3.68104,3.65853,3.62266,3.56296,3.51484,3.46496,3.42939,3.40574,3.38179,3.31841,3.27891,3.25668,3.22298,3.18266,3.14557,3.12574,3.11357,3.08993,3.06489,3.04361,3.02864,3.02432,3.01839,3.01162,3.00334,2.99523,2.98819,2.98896,2.99364,3.00077,3.00735,3.0179,3.0307,3.05098,3.06308,3.07907,3.09477,3.10799,3.12655,3.14558,3.16491,3.1791,3.20208,3.22485,3.24246,3.26061,3.27795,3.30076,3.37528,3.40359,3.42699,3.45325,3.4751,3.50578,3.52406,3.5384,3.57145,3.6038,3.62546,3.65412,3.69651,3.71806,3.73891,3.76281,3.79268,3.8269,3.84015,3.85842,3.88243,3.90239,3.92602,3.9643,4
5,4.96302,4.92718,4.85577,4.76703,4.72454,4.69216,4.63639,4.59418,4.49694,4.46663,4.43033,4.39712,4.34941,4.30846,4.28235,4.2354,4.18744,4.13763,4.04859,4.01361,3.98222,3.90494,3.88428,3.86515,3.78471,3.74347,3.70847,3.67574,3.64584,3.61381,3.56201,3.50884,3.47227,3.4247,3.39967,3.36531,3.30678,3.28389,3.24858,3.19953,3.17749,3.14115,3.12033,3.10456,3.08428,3.04936,3.03418,3.02635,3.02043,3.01205,3.00571,2.99818,2.98265,2.98129,2.98316,2.98786,2.99285,2.99809,3.01035,3.02495,3.04278,3.05311,3.07269,3.08979,3.10368,3.12266,3.1491,3.16063,3.17797,3.20539,3.22213,3.23615,3.25789,3.27855,3.30869,3.35175,3.3931,3.42072,3.44266,3.47409,3.50511,3.52658,3.55757,3.58208,3.59913,3.61648,3.6486,3.69544,3.71758,3.73793,3.7588,3.79658,3.81963,3.83025,3.86634,3.88958,3.90606,3.93603,3.96244,4
5,4.96693,4.93924,4.83147,4.7571,4.71951,4.68174,4.63675,4.58531,4.52236,4.47051,4.43656,4.41001,4.35351,4.3079,4.27744,4.23731,4.18829,4.14321,4.05685,4.01951,3.96004,3.90887,3.88932,3.86172,3.79737,3.75921,3.69191,3.65652,3.63611,3.61179,3.53787,3.50545,3.48337,3.43194,3.40373,3.3199,3.30182,3.27797,3.21866,3.18967,3.17145,3.15024,3.11721,3.09766,3.05949,3.04251,3.03103,3.02369,3.01394,3.00617,2.99575,2.98453,2.97787,2.97603,2.97593,2.97798,2.98146,2.98907,2.99812,3.01757,3.02951,3.03869,3.06801,3.08518,3.0999,3.12448,3.14348,3.15673,3.1758,3.20214,3.21804,3.23499,3.25874,3.28224,3.30529,3.33575,3.39139,3.415,3.43731,3.46427,3.49082,3.53366,3.56066,3.58302,3.59734,3.61512,3.64137,3.69218,3.71225,3.7327,3.76006,3.8025,3.81642,3.8291,3.87093,3.88922,3.90491,3.93088,3.95551,4
5,4.96973,4.92575,4.83267,4.75761,4.72272,4.68243,4.63858,4.56972,4.52853,4.47708,4.44607,4.42355,4.3396,4.30509,4.27036,4.22842,4.18645,4.13749,4.06293,4.01066,3.96196,3.92925,3.90305,3.84202,3.78953,3.74797,3.69976,3.64929,3.6307,3.56777,3.529,3.506,3.48405,3.44418,3.39448,3.32185,3.29895,3.24389,3.20314,3.1845,3.17171,3.15571,3.11425,3.06972,3.05106,3.03732,3.02717,3.0187,3.00668,2.99583,2.98795,2.9801,2.97244,2.9712,2.97115,2.97299,2.97709,2.98649,2.99235,3.01411,3.02315,3.03034,3.06545,3.08447,3.09944,3.11721,3.14041,3.15767,3.17162,3.19459,3.20982,3.23293,3.25902,3.28735,3.30868,3.34095,3.37367,3.4101,3.43998,3.4614,3.48695,3.52473,3.55932,3.5836,3.60073,3.61642,3.6451,3.6793,3.69855,3.73687,3.76459,3.79974,3.8145,3.83241,3.86342,3.8868,3.90778,3.93157,3.95914,4
5,4.96555,4.89115,4.83795,4.77866,4.73056,4.68271,4.63623,4.56832,4.52686,4.48513,4.4547,4.42601,4.35364,4.30886,4.27039,4.22916,4.18005,4.11297,4.06087,3.9991,3.96735,3.94108,3.90503,3.8284,3.78404,3.7483,3.69422,3.64876,3.60958,3.57042,3.53431,3.50595,3.47563,3.44833,3.40998,3.33425,3.2585,3.22569,3.2019,3.18563,3.17167,3.1467,3.09633,3.06313,3.04741,3.03447,3.02604,3.0162,3.00119,2.99326,2.98391,2.97136,2.96852,2.96821,2.9683,2.97054,2.98034,2.98607,2.99275,3.0118,3.02008,3.03098,3.05156,3.08224,3.09703,3.11319,3.13504,3.15471,3.17405,3.19072,3.20396,3.22773,3.25557,3.28896,3.32027,3.34316,3.36755,3.39732,3.44149,3.46737,3.4892,3.5161,3.56103,3.58541,3.60148,3.6179,3.64887,3.67056,3.69143,3.7376,3.76922,3.79139,3.80836,3.8271,3.85482,3.88807,3.91031,3.93645,3.97093,4
5,4.94902,4.88147,4.8515,4.81274,4.74051,4.69213,4.63227,4.55443,4.52177,4.48863,4.45877,4.42391,4.36976,4.32496,4.27849,4.21966,4.16011,4.10172,4.05973,4.00723,3.97623,3.94597,3.88405,3.82983,3.78517,3.74129,3.67996,3.65395,3.61537,3.57811,3.52784,3.49229,3.46889,3.44913,3.416,3.31185,3.25204,3.22876,3.20695,3.19126,3.16407,3.12785,3.09269,3.06861,3.04629,3.03464,3.02527,3.01264,3.00261,2.99396,2.9767,2.96943,2.96734,2.96779,2.9678,2.97122,2.97786,2.98498,2.99591,3.01019,3.02015,3.03719,3.04982,3.07575,3.09777,3.11035,3.12546,3.14916,3.17653,3.18958,3.20646,3.22346,3.24104,3.28836,3.32465,3.34937,3.36876,3.39481,3.44725,3.47116,3.48978,3.51262,3.55718,3.58507,3.60194,3.61938,3.64116,3.66978,3.70022,3.74805,3.76843,3.78486,3.80084,3.82215,3.86406,3.89745,3.91915,3.93482,3.96197,4
5,4.92958,4.89349,4.86388,4.82937,4.74757,4.69931,4.6114,4.55813,4.52489,4.49002,4.45891,4.41328,4.37855,4.33398,4.28256,4.21777,4.14812,4.10637,4.06856,4.01995,3.98367,3.94055,3.87707,3.82351,3.77737,3.72542,3.6878,3.66037,3.61793,3.57058,3.53116,3.49078,3.46743,3.44302,3.39263,3.28098,3.25356,3.23229,3.2131,3.19683,3.16409,3.12844,3.09006,3.07232,3.0519,3.0389,3.02561,3.01183,3.00441,2.98617,2.97414,2.96924,2.9693,2.96902,2.96893,2.9708,2.97413,2.98288,3.00025,3.01013,3.02542,3.04129,3.05368,3.06779,3.09564,3.10713,3.1222,3.14249,3.17427,3.18878,3.20849,3.22156,3.24216,3.28491,3.32029,3.34859,3.3675,3.39624,3.44682,3.47776,3.493,3.51376,3.54747,3.58324,3.60526,3.62016,3.63875,3.67626,3.70521,3.73995,3.76236,3.77997,3.79738,3.83994,3.88173,3.90257,3.91655,3.9286,3.94945,4
5,4.94262,4.90573,4.86784,4.80023,4.76336,4.69381,4.63563,4.58018,4.52228,4.49091,4.46353,4.41545,4.38718,4.33823,4.30248,4.22719,4.13973,4.10778,4.07765,4.0318,3.98282,3.92167,3.86528,3.81215,3.77488,3.73867,3.69831,3.65748,3.61493,3.58052,3.54378,3.48512,3.45626,3.4096,3.33561,3.28047,3.2578,3.23692,3.21826,3.20019,3.16728,3.11386,3.0919,3.07433,3.059,3.04336,3.02825,3.0171,3.00621,2.98678,2.97591,2.97347,2.97176,2.97093,2.97048,2.97108,2.97353,2.98514,3.0007,3.00836,3.03036,3.04851,3.05795,3.06813,3.08997,3.10375,3.1231,3.15019,3.16694,3.18579,3.20675,3.22505,3.25202,3.28051,3.31565,3.34649,3.36637,3.39411,3.45753,3.47999,3.4955,3.51798,3.5438,3.57998,3.60638,3.62033,3.64258,3.68861,3.70991,3.73059,3.75313,3.77665,3.80734,3.84672,3.87914,3.90085,3.91469,3.92854,3.97359,4
5,4.9577,4.91034,4.8553,4.80598,4.76496,4.69698,4.6552,4.60555,4.5189,4.49027,4.45494,4.42182,4.38969,4.34932,4.31726,4.25703,4.13897,4.11389,4.08849,4.05346,3.98108,3.91782,3.86007,3.80114,3.77561,3.74721,3.70766,3.65688,3.6221,3.5948,3.50493,3.47532,3.44107,3.37385,3.32409,3.28267,3.26257,3.24097,3.22138,3.20456,3.17964,3.11621,3.09204,3.07556,3.06221,3.04554,3.03577,3.02446,3.00603,2.99044,2.98205,2.97729,2.97496,2.97422,2.97361,2.97333,2.98,2.98956,2.99894,3.00539,3.0393,3.05298,3.06192,3.07445,3.08839,3.10112,3.12552,3.1472,3.16148,3.18064,3.20808,3.2292,3.25002,3.27897,3.3194,3.34427,3.36411,3.40603,3.45695,3.48364,3.50455,3.52594,3.54786,3.5751,3.60162,3.62384,3.6611,3.68689,3.70797,3.72496,3.74693,3.7756,3.80963,3.84058,3.87728,3.90239,3.91726,3.93532,3.97257,4
5,4.96416,4.92263,4.86453,4.80695,4.76569,4.70992,4.66652,4.59851,4.53347,4.49518,4.45554,4.42907,4.39018,4.35425,4.32095,4.23497,4.16393,4.12856,4.10055,4.06495,3.99001,3.91859,3.86805,3.80063,3.77572,3.75224,3.71632,3.66053,3.62987,3.59924,3.5189,3.48017,3.41501,3.36141,3.32265,3.2859,3.26766,3.24071,3.22218,3.20834,3.18621,3.11965,3.09383,3.08003,3.06186,3.04835,3.0401,3.03181,3.00749,2.99534,2.98754,2.98242,2.97994,2.97832,2.97788,2.97854,2.98269,2.99108,3.00032,3.00697,3.03609,3.05464,3.06566,3.07833,3.09068,3.10474,3.12285,3.14669,3.16157,3.17726,3.20989,3.22829,3.25093,3.27646,3.32005,3.3413,3.37053,3.40441,3.46341,3.49199,3.51544,3.53487,3.55032,3.5729,3.59754,3.62579,3.65554,3.68291,3.70681,3.72398,3.74613,3.77459,3.80683,3.8344,3.87483,3.90546,3.92145,3.94083,3.97166,4
5,4.97401,4.92689,4.82701,4.79866,4.77256,4.71181,4.65847,4.62378,4.55677,4.49668,4.46031,4.42859,4.38993,4.35309,4.30797,4.22606,4.18693,4.14604,4.11531,4.03919,3.98618,3.92219,3.86348,3.82559,3.7863,3.76438,3.71433,3.6568,3.63259,3.60372,3.56394,3.50348,3.40906,3.36379,3.31582,3.2923,3.27348,3.24244,3.22462,3.21171,3.16048,3.12435,3.10322,3.08563,3.06879,3.05048,3.04284,3.0349,3.01724,3.00343,2.99647,2.98883,2.98479,2.98221,2.98141,2.98187,2.9857,2.9984,3.00288,3.00804,3.03678,3.05888,3.07024,3.08662,3.09914,3.10748,3.11751,3.14768,3.16372,3.19479,3.2092,3.2334,3.25301,3.27156,3.31876,3.34064,3.38329,3.42473,3.46693,3.49683,3.51783,3.53381,3.54979,3.57188,3.59236,3.62099,3.64847,3.689,3.7094,3.72739,3.74237,3.78024,3.80938,3.84142,3.86548,3.90426,3.92733,3.94506,3.96978,4
5,4.97572,4.89408,4.82312,4.79235,4.75907,4.7081,4.67237,4.64309,4.56128,4.49952,4.45731,4.42986,4.39326,4.34376,4.28667,4.23761,4.1944,4.15901,4.11823,4.04601,3.99824,3.89921,3.86296,3.82865,3.80281,3.77334,3.69349,3.66101,3.63567,3.60863,3.5762,3.52045,3.42085,3.36728,3.32168,3.30221,3.28213,3.2428,3.2272,3.20622,3.15912,3.13615,3.1102,3.09357,3.0775,3.05496,3.0457,3.03637,3.02098,3.01016,3.00282,2.9952,2.99042,2.98872,2.98788,2.98883,2.99405,3.00111,3.00537,3.01807,3.04527,3.05992,3.07657,3.09392,3.10272,3.10947,3.11982,3.15283,3.18408,3.19682,3.2079,3.23907,3.2567,3.2819,3.31686,3.33654,3.39738,3.43745,3.46963,3.49378,3.51381,3.53207,3.5527,3.5704,3.58761,3.60625,3.65581,3.7023,3.71608,3.72626,3.74188,3.78447,3.82192,3.84135,3.8576,3.90831,3.92567,3.94194,3.96745,4
5,4.95742,4.89112,4.8089,4.78826,4.76275,4.72216,4.68191,4.64833,4.57943,4.50125,4.46815,4.44036,4.37754,4.33273,4.29664,4.24157,4.19242,4.16177,4.11015,4.05348,4.00995,3.90108,3.85997,3.83127,3.81106,3.76072,3.69948,3.6697,3.64283,3.6144,3.56325,3.49683,3.45738,3.38355,3.3377,3.31885,3.29285,3.2529,3.23076,3.20261,3.1704,3.148,3.11798,3.10356,3.08326,3.06255,3.04951,3.03846,3.0235,3.01443,3.00674,3.00182,2.99989,2.99784,2.99723,2.99916,3.00079,3.0045,3.00997,3.04365,3.05509,3.06868,3.08488,3.09595,3.10702,3.11471,3.13148,3.15892,3.18901,3.19747,3.20899,3.24051,3.26482,3.30314,3.32009,3.33643,3.41356,3.43724,3.46351,3.49008,3.51046,3.5303,3.55543,3.57869,3.59138,3.61301,3.65518,3.6988,3.71525,3.72673,3.7438,3.79019,3.82321,3.84078,3.86716,3.90096,3.92035,3.9396,3.97742,4
5,4.94597,4.85452,4.81555,4.79196,4.76591,4.72228,4.69027,4.65361,4.58663,4.51667,4.48395,4.44355,4.36874,4.33879,4.30761,4.24033,4.19176,4.15513,4.09754,4.05769,4.00585,3.91851,3.85936,3.83666,3.81652,3.76493,3.70783,3.67897,3.64596,3.58957,3.53151,3.50086,3.46684,3.39354,3.35678,3.33842,3.30067,3.26726,3.24004,3.21948,3.17949,3.15699,3.13636,3.12135,3.10357,3.07874,3.05326,3.04134,3.02944,3.01829,3.01004,3.00668,3.00535,3.00529,3.00724,3.01173,3.013,3.01932,3.04368,3.05741,3.06665,3.08066,3.08817,3.10158,3.1117,3.12124,3.14241,3.17446,3.19237,3.19896,3.21612,3.25871,3.28334,3.31098,3.32356,3.34692,3.41245,3.43213,3.45513,3.48728,3.51122,3.54429,3.5698,3.58064,3.5937,3.62454,3.65725,3.69746,3.71434,3.72826,3.74583,3.79018,3.81809,3.84036,3.87082,3.89698,3.91397,3.93189,3.9848,4
5,4.92006,4.86128,4.82487,4.79756,4.76434,4.72641,4.69874,4.64581,4.5814,4.53894,4.49726,4.45181,4.38318,4.3493,4.30987,4.25102,4.18245,4.13953,4.10576,4.06479,4.00031,3.92312,3.86584,3.84252,3.82187,3.75059,3.72317,3.69192,3.63823,3.57535,3.53773,3.50689,3.46585,3.39597,3.37309,3.35334,3.31444,3.27031,3.25151,3.23413,3.19103,3.16751,3.15186,3.13572,3.1184,3.09988,3.0618,3.05109,3.03876,3.02358,3.01499,3.01234,3.01366,3.01461,3.01659,3.02347,3.02724,3.05083,3.05739,3.06622,3.07948,3.08626,3.09104,3.1038,3.11713,3.13421,3.15375,3.18768,3.19581,3.20138,3.24202,3.27849,3.29248,3.31374,3.32849,3.36039,3.40516,3.4267,3.45551,3.49583,3.52506,3.54493,3.56657,3.57875,3.60565,3.62321,3.66926,3.69382,3.71302,3.73606,3.76363,3.78618,3.80865,3.83828,3.87784,3.89458,3.90743,3.9421,3.98251,4
5,4.92372,4.86737,4.8338,4.80879,4.75999,4.73197,4.66467,4.6285,4.58524,4.54863,4.50244,4.4751,4.41518,4.3628,4.31546,4.25064,4.16906,4.13959,4.11166,4.07263,4.02888,3.93783,3.87042,3.84444,3.79804,3.7594,3.73491,3.69641,3.62358,3.57761,3.54312,3.50659,3.4634,3.42395,3.39072,3.36885,3.3361,3.28101,3.26196,3.24093,3.19942,3.17875,3.16337,3.14895,3.12835,3.09591,3.07954,3.06904,3.06107,3.05058,3.03288,3.02717,3.02438,3.02498,3.03117,3.03356,3.04329,3.05631,3.06435,3.07441,3.08662,3.09131,3.09747,3.1136,3.13733,3.14522,3.17571,3.19355,3.20226,3.21368,3.26811,3.28127,3.29434,3.32238,3.35187,3.37247,3.39917,3.4156,3.45977,3.50589,3.52259,3.54528,3.56375,3.58476,3.60888,3.62917,3.66356,3.68637,3.73021,3.75105,3.76841,3.78394,3.8029,3.84695,3.87792,3.89303,3.91039,3.94889,3.97893,4
5,4.938,4.87219,4.842,4.80717,4.77219,4.71811,4.66803,4.63432,4.58711,4.53003,4.50617,4.48443,4.41996,4.37472,4.32877,4.27792,4.17729,4.14448,4.109,4.08223,4.04372,3.94534,3.8837,3.85187,3.79968,3.77004,3.74498,3.68569,3.63774,3.58741,3.54891,3.49804,3.4692,3.4457,3.41255,3.38931,3.35286,3.30009,3.27674,3.24595,3.21611,3.18977,3.1752,3.16525,3.14938,3.111,3.09248,3.07918,3.0724,3.06506,3.04909,3.04838,3.0437,3.04129,3.03988,3.04147,3.0571,3.06428,3.07194,3.08276,3.09919,3.10467,3.12238,3.13502,3.14377,3.15604,3.17358,3.20192,3.21582,3.23679,3.26586,3.28425,3.31982,3.3382,3.35756,3.37989,3.3976,3.41259,3.47306,3.50155,3.51768,3.54223,3.5612,3.59766,3.62325,3.63852,3.65766,3.68775,3.72591,3.75438,3.77041,3.78334,3.80234,3.84428,3.87484,3.89663,3.91568,3.94924,3.98128,4
5,4.97201,4.88387,4.85159,4.82454,4.78693,4.69827,4.66654,4.62832,4.58237,4.53337,4.50883,4.47509,4.42177,4.376,4.34913,4.30937,4.2126,4.15058,4.11967,4.09145,4.03602,3.95216,3.89334,3.84844,3.81388,3.78157,3.74833,3.69968,3.65761,3.61098,3.56536,3.49487,3.47487,3.44804,3.42423,3.40302,3.35825,3.32051,3.29039,3.26289,3.2388,3.20862,3.19,3.17786,3.16052,3.13235,3.10871,3.08823,3.08208,3.07743,3.07454,3.06681,3.05673,3.05127,3.05053,3.07056,3.07422,3.07477,3.08343,3.10141,3.10838,3.11801,3.12999,3.13788,3.14953,3.16243,3.17234,3.22107,3.23102,3.24369,3.26297,3.31081,3.32655,3.34041,3.35924,3.38669,3.39968,3.42155,3.47079,3.49801,3.51868,3.53488,3.57693,3.61708,3.62945,3.63985,3.65666,3.68594,3.7216,3.75929,3.77342,3.79099,3.80455,3.8323,3.87984,3.89949,3.91622,3.96299,3.97954,4
5,4.98028,4.89403,4.86874,4.84265,4.76656,4.70867,4.66769,4.62565,4.57285,4.53248,4.5098,4.47539,4.41457,4.37935,4.35473,4.31695,4.26967,4.18034,4.14619,4.09519,4.05756,3.97536,3.88069,3.84832,3.82027,3.78983,3.76093,3.70871,3.67294,3.63052,3.55876,3.51343,3.4863,3.45459,3.43404,3.40706,3.37809,3.3372,3.30745,3.28645,3.25959,3.23181,3.2078,3.19171,3.17433,3.15616,3.125,3.10189,3.09317,3.08947,3.08573,3.08026,3.07058,3.06471,3.0831,3.0843,3.08485,3.09083,3.10064,3.10956,3.11528,3.12765,3.13741,3.14572,3.16277,3.17155,3.20605,3.23013,3.24082,3.25064,3.28526,3.31973,3.33301,3.34749,3.36556,3.38841,3.40717,3.43306,3.46524,3.50526,3.51792,3.53607,3.58601,3.61721,3.63317,3.64696,3.65813,3.68575,3.74147,3.76112,3.78057,3.79312,3.8033,3.83961,3.87673,3.897,3.91416,3.95595,3.97331,4
5,4.95969,4.91678,4.88562,4.82562,4.77248,4.72744,4.68352,4.63105,4.56673,4.53748,4.51587,4.468,4.41316,4.38115,4.35065,4.3164,4.25873,4.20521,4.15473,4.10956,4.07419,3.98567,3.87579,3.85004,3.82061,3.79833,3.76922,3.72126,3.69276,3.64474,3.58227,3.53541,3.49413,3.46926,3.44535,3.42233,3.39647,3.34659,3.32747,3.30451,3.27884,3.25662,3.23736,3.21826,3.19481,3.17594,3.15145,3.1335,3.11176,3.10189,3.09707,3.09471,3.0909,3.0922,3.09719,3.09537,3.09809,3.11026,3.11739,3.12206,3.12709,3.14096,3.14924,3.16079,3.17506,3.18624,3.21646,3.23898,3.25128,3.26789,3.29415,3.3275,3.3393,3.3508,3.37228,3.39414,3.41925,3.44023,3.47785,3.50277,3.51592,3.56519,3.59652,3.62088,3.64059,3.65094,3.6642,3.70923,3.73143,3.75994,3.78381,3.79465,3.8137,3.83992,3.87502,3.89331,3.90662,3.94837,3.96871,4
5,4.96708,4.93692,4.87736,4.81685,4.78383,4.7433,4.7019,4.62946,4.57422,4.54691,4.51808,4.46165,4.42179,4.39397,4.35833,4.31516,4.25743,4.21999,4.15352,4.12254,4.06344,3.95542,3.8759,3.85264,3.82836,3.80707,3.76765,3.7343,3.70435,3.67346,3.63278,3.55483,3.5085,3.48142,3.45885,3.43703,3.39829,3.36496,3.34335,3.31626,3.29408,3.27732,3.26084,3.23995,3.2133,3.18102,3.16556,3.1514,3.13442,3.12146,3.11334,3.11274,3.10981,3.11577,3.12018,3.12251,3.12241,3.12302,3.12597,3.12859,3.13401,3.15013,3.16136,3.17227,3.18122,3.19661,3.2229,3.25146,3.26754,3.29046,3.30963,3.33004,3.34387,3.36673,3.38281,3.40173,3.42727,3.45771,3.48208,3.50424,3.53678,3.57617,3.60054,3.62234,3.64231,3.65879,3.68681,3.7057,3.7217,3.76457,3.78243,3.79714,3.81975,3.83977,3.87934,3.89289,3.91009,3.94317,3.968,4
5,4.97469,4.93409,4.87188,4.82779,4.79406,4.74836,4.69586,4.65119,4.59198,4.55514,4.48602,4.45574,4.43104,4.40727,4.37115,4.31183,4.26743,4.2108,4.16873,4.13737,4.03658,3.94631,3.89169,3.86417,3.83507,3.8121,3.78055,3.74521,3.70962,3.68485,3.65276,3.57501,3.52772,3.50092,3.48191,3.4527,3.41826,3.38637,3.35865,3.33372,3.30899,3.29109,3.2753,3.25614,3.22777,3.1941,3.18008,3.166,3.15795,3.14946,3.1399,3.14212,3.14427,3.14162,3.14162,3.13973,3.13429,3.13299,3.13474,3.13927,3.16318,3.17041,3.17527,3.18044,3.19532,3.21631,3.23878,3.26365,3.287,3.29992,3.32011,3.33671,3.35912,3.37582,3.3907,3.40459,3.45122,3.47057,3.49098,3.51554,3.53301,3.57417,3.60501,3.62309,3.64709,3.66756,3.69129,3.70464,3.71913,3.76372,3.77683,3.80002,3.82517,3.85811,3.87987,3.89252,3.91016,3.94635,3.98149,4
5,4.97055,4.93593,4.88843,4.83753,4.78654,4.74981,4.71233,4.67118,4.59026,4.52669,4.49324,4.46593,4.44164,4.40949,4.36567,4.31076,4.28196,4.20954,4.17192,4.1427,4.02502,3.94571,3.91097,3.883,3.84576,3.82167,3.79339,3.75749,3.71523,3.69022,3.65238,3.59325,3.54244,3.52037,3.5012,3.4725,3.43611,3.39741,3.36932,3.34562,3.32303,3.30563,3.29091,3.27512,3.23379,3.21323,3.20172,3.18809,3.17292,3.16477,3.16106,3.15881,3.16128,3.16438,3.16052,3.15897,3.16203,3.16389,3.17778,3.18042,3.18694,3.18941,3.19628,3.20024,3.21547,3.23277,3.25385,3.27834,3.29792,3.31353,3.33013,3.34472,3.36291,3.38545,3.39993,3.41333,3.45631,3.48,3.50082,3.51413,3.53022,3.58841,3.60504,3.62068,3.65062,3.67593,3.6954,3.70992,3.73234,3.75379,3.76902,3.81538,3.84118,3.86359,3.88128,3.89462,3.91971,3.95687,3.97904,4
5,4.9687,4.93775,4.89984,4.82786,4.79052,4.75825,4.71833,4.65287,4.5888,4.53639,4.50583,4.48545,4.46263,4.4077,4.34538,4.31221,4.28655,4.20641,4.17795,4.14754,4.05494,3.95828,3.92448,3.89044,3.86292,3.83684,3.80828,3.76309,3.72199,3.69185,3.64824,3.59965,3.56272,3.53617,3.51822,3.49251,3.452,3.41109,3.38143,3.35471,3.33649,3.32079,3.30459,3.28926,3.24508,3.22585,3.21403,3.20217,3.1858,3.17906,3.1731,3.17083,3.17437,3.17516,3.17395,3.17372,3.17497,3.18595,3.19161,3.19523,3.20269,3.2048,3.20877,3.21403,3.24199,3.25322,3.26858,3.29153,3.3123,3.32424,3.33789,3.35855,3.3738,3.39321,3.4078,3.42992,3.46232,3.48682,3.50073,3.51382,3.55222,3.58666,3.60268,3.62498,3.6542,3.67939,3.70114,3.71564,3.72946,3.74679,3.79167,3.81887,3.84186,3.86578,3.88611,3.90348,3.92309,3.95055,3.97694,4
5,4.97044,4.93336,4.88436,4.83454,4.79886,4.75475,4.68192,4.64571,4.5907,4.54099,4.51769,4.49573,4.47339,4.40662,4.34261,4.31423,4.27672,4.21777,4.18894,4.14858,4.07929,3.98652,3.9418,3.90462,3.8846,3.86623,3.82649,3.77899,3.73754,3.69701,3.64432,3.61186,3.58178,3.55524,3.53982,3.51307,3.47484,3.43609,3.40707,3.373,3.3552,3.33457,3.31483,3.28327,3.26275,3.23695,3.22469,3.21431,3.20033,3.19419,3.18828,3.18318,3.1839,3.18346,3.18307,3.18463,3.18664,3.19767,3.19971,3.20643,3.21115,3.21437,3.22183,3.23449,3.25426,3.26808,3.29075,3.31108,3.32087,3.33239,3.35746,3.37218,3.38199,3.39383,3.41907,3.44436,3.47617,3.49166,3.50528,3.52588,3.54657,3.58008,3.60654,3.63426,3.65599,3.68018,3.70373,3.71678,3.72958,3.76639,3.79284,3.81475,3.83831,3.87504,3.89004,3.9056,3.92162,3.96159,3.98067,4
5,4.96686,4.92668,4.87862,4.84062,4.79001,4.7024,4.66953,4.64196,4.58522,4.55052,4.528,4.49862,4.46229,4.40566,4.36432,4.32081,4.26641,4.22801,4.19684,4.14984,4.09796,4.02441,3.96815,3.93553,3.90911,3.88909,3.84802,3.81343,3.77478,3.71644,3.65752,3.62494,3.59959,3.57943,3.56193,3.54008,3.49449,3.45916,3.43582,3.39936,3.38462,3.36826,3.33121,3.30138,3.27887,3.25059,3.23883,3.23224,3.21901,3.20822,3.20068,3.19627,3.19345,3.19282,3.19747,3.19915,3.20622,3.20859,3.20884,3.22537,3.22996,3.23591,3.2431,3.25875,3.26773,3.28929,3.30303,3.31668,3.3264,3.34425,3.3684,3.37977,3.38825,3.40164,3.43162,3.45295,3.48118,3.49642,3.5139,3.52866,3.54412,3.58754,3.61661,3.64327,3.66339,3.67958,3.6971,3.72538,3.74687,3.77373,3.79362,3.81197,3.84308,3.86478,3.88753,3.90373,3.92483,3.96619,3.98192,4
5,4.97034,4.92174,4.86776,4.82618,4.77276,4.68975,4.66576,4.64317,4.59032,4.55718,4.52792,4.49863,4.45075,4.41175,4.37948,4.33356,4.27806,4.23195,4.18552,4.14347,4.10072,4.02371,3.98787,3.95025,3.92099,3.89381,3.86019,3.83089,3.79651,3.73664,3.67094,3.63493,3.61542,3.59861,3.58126,3.55755,3.49833,3.47328,3.44461,3.42175,3.40619,3.38612,3.35147,3.32078,3.29683,3.27833,3.26295,3.24952,3.23678,3.22497,3.21781,3.21085,3.20727,3.21418,3.21494,3.21513,3.21865,3.22035,3.23689,3.2401,3.24115,3.24641,3.2577,3.266,3.27624,3.29448,3.31124,3.32181,3.33081,3.35474,3.37526,3.3876,3.39613,3.41301,3.43734,3.45724,3.49069,3.50382,3.52016,3.53233,3.5557,3.60358,3.62815,3.6468,3.66393,3.67776,3.70238,3.73162,3.75232,3.77786,3.7941,3.81825,3.83979,3.85806,3.88291,3.90301,3.94433,3.96405,3.9892,4
5,4.97596,4.88624,4.85083,4.82551,4.77004,4.69124,4.67087,4.64959,4.58778,4.55464,4.52855,4.5008,4.45524,4.41978,4.38039,4.32972,4.30108,4.23098,4.18859,4.15311,4.09212,4.03518,4.00356,3.95981,3.92741,3.90538,3.87575,3.84583,3.7898,3.75597,3.69559,3.65099,3.63363,3.61565,3.60073,3.58571,3.51395,3.48827,3.45835,3.43924,3.42444,3.40443,3.37106,3.33906,3.31259,3.29477,3.27751,3.26593,3.26388,3.25802,3.24534,3.23983,3.23747,3.23317,3.22974,3.229,3.22861,3.23475,3.24799,3.24822,3.25057,3.25753,3.26401,3.2748,3.29042,3.3004,3.32336,3.32807,3.33605,3.3685,3.3882,3.39864,3.40344,3.42698,3.45616,3.48367,3.49727,3.5101,3.5261,3.53788,3.58811,3.60857,3.62696,3.64591,3.66429,3.67713,3.71406,3.73993,3.75918,3.77832,3.79246,3.82477,3.83795,3.86046,3.88301,3.91201,3.94102,3.96638,3.98708,4
5,4.95546,4.87038,4.84712,4.81736,4.74018,4.70059,4.67767,4.6479,4.60469,4.56111,4.53393,4.50301,4.47289,4.43299,4.34676,4.3232,4.29528,4.23412,4.20478,4.17334,4.10127,4.0492,4.01566,3.96699,3.93907,3.91886,3.89377,3.84711,3.80555,3.77455,3.72838,3.68197,3.65683,3.6342,3.61662,3.60323,3.58071,3.53903,3.49788,3.47258,3.45168,3.4347,3.40264,3.37383,3.33835,3.32134,3.30368,3.29114,3.28187,3.27106,3.25599,3.25011,3.24746,3.24527,3.24431,3.24222,3.24187,3.25457,3.25792,3.26166,3.26746,3.27328,3.29609,3.3024,3.3093,3.32221,3.33265,3.33821,3.35375,3.3819,3.40294,3.41,3.41827,3.45089,3.46896,3.48778,3.50026,3.51826,3.53106,3.54792,3.58469,3.60607,3.62848,3.6538,3.67251,3.6832,3.73103,3.74477,3.76118,3.78922,3.80995,3.82479,3.83473,3.85913,3.8834,3.91308,3.93625,3.97263,3.98265,4
5,4.95033,4.87913,4.84396,4.80645,4.73786,4.70537,4.67873,4.65015,4.6131,4.56748,4.53747,4.51338,4.49074,4.44773,4.33998,4.32104,4.27555,4.23876,4.21043,4.17447,4.11109,4.06732,4.03201,3.9786,3.95386,3.92932,3.89852,3.86599,3.82247,3.79164,3.75039,3.71475,3.68138,3.64947,3.62868,3.61175,3.59402,3.55913,3.52448,3.49668,3.4778,3.46045,3.43829,3.42144,3.39151,3.35737,3.32857,3.30976,3.29827,3.28429,3.26382,3.25767,3.25676,3.25748,3.25906,3.25744,3.26171,3.26921,3.27119,3.27343,3.27888,3.29847,3.30918,3.3167,3.32634,3.33435,3.34278,3.35519,3.38325,3.3971,3.41805,3.42113,3.42954,3.4555,3.47794,3.49214,3.50431,3.52241,3.53813,3.55874,3.58496,3.61052,3.64764,3.6707,3.67867,3.68849,3.73093,3.74605,3.78644,3.7968,3.81168,3.82411,3.83488,3.8673,3.89181,3.9053,3.9464,3.96602,3.97811,4
5,4.949,4.88793,4.84756,4.80054,4.75191,4.71552,4.68326,4.64235,4.59489,4.56779,4.54575,4.52026,4.49364,4.40641,4.35099,4.32157,4.28869,4.24854,4.20922,4.15827,4.11453,4.08123,4.03442,4.0021,3.97654,3.93947,3.90906,3.87627,3.83373,3.80182,3.77547,3.74328,3.69564,3.6665,3.64221,3.62466,3.60437,3.57321,3.54616,3.52062,3.50321,3.47427,3.45375,3.43733,3.41003,3.38149,3.34297,3.32876,3.3187,3.30478,3.28311,3.27255,3.27111,3.2788,3.27853,3.28237,3.28388,3.2817,3.27944,3.2803,3.30114,3.31415,3.32016,3.3356,3.34864,3.35459,3.36383,3.38512,3.40105,3.40974,3.42739,3.43084,3.44508,3.46422,3.48665,3.49696,3.51143,3.52854,3.54772,3.57174,3.60606,3.62875,3.65814,3.67502,3.68251,3.70564,3.73759,3.75297,3.78916,3.79895,3.81414,3.82703,3.85171,3.8812,3.89083,3.90166,3.93507,3.95911,3.98857,4
5,4.95353,4.90122,4.85571,4.80458,4.76799,4.72184,4.66886,4.62702,4.59344,4.5728,4.5484,4.5184,4.48735,4.40776,4.35529,4.33057,4.30388,4.25637,4.21206,4.15413,4.11733,4.07969,4.04042,4.01033,3.98477,3.9515,3.92469,3.87336,3.83828,3.81442,3.79638,3.76732,3.71699,3.68306,3.65899,3.64028,3.61527,3.59216,3.56429,3.54144,3.5207,3.49157,3.47017,3.45312,3.42499,3.40263,3.36985,3.35302,3.34292,3.32849,3.30837,3.29947,3.30194,3.29692,3.29361,3.29512,3.29408,3.29106,3.29107,3.31011,3.3224,3.32802,3.33789,3.35583,3.36193,3.36851,3.38561,3.4005,3.40795,3.42229,3.43391,3.44289,3.45613,3.4745,3.48903,3.50063,3.51918,3.53951,3.55588,3.59843,3.61913,3.63869,3.66401,3.67711,3.68822,3.72312,3.74063,3.76388,3.78602,3.79964,3.81615,3.8365,3.86125,3.87868,3.88815,3.89879,3.9231,3.96868,3.98676,4
5,4.95123,4.91365,4.8659,4.81963,4.78845,4.72238,4.67143,4.63048,4.599,4.57599,4.53849,4.51364,4.47781,4.40491,4.36634,4.33981,4.303,4.26695,4.2244,4.16259,4.11962,4.08182,4.04455,4.01113,3.98478,3.96014,3.93188,3.88121,3.84485,3.82613,3.81044,3.77066,3.74509,3.70683,3.68385,3.66323,3.63892,3.60926,3.5845,3.55525,3.5304,3.50814,3.49155,3.47063,3.44436,3.42008,3.40144,3.38142,3.36503,3.35176,3.33614,3.32763,3.31823,3.31406,3.31259,3.30919,3.32014,3.32746,3.33236,3.33797,3.34216,3.34391,3.35456,3.36434,3.36926,3.37885,3.39146,3.4026,3.41185,3.43133,3.4439,3.4528,3.46335,3.48044,3.48986,3.50229,3.53111,3.55523,3.56639,3.6106,3.62573,3.64708,3.66947,3.68281,3.70183,3.72583,3.74034,3.76611,3.78473,3.80269,3.81954,3.83771,3.86166,3.8762,3.88751,3.90127,3.91901,3.96589,3.98188,4
5,4.94989,4.90974,4.86952,4.82786,4.79204,4.73658,4.69148,4.64339,4.60096,4.56212,4.53642,4.51136,4.47995,4.41417,4.38131,4.34964,4.31643,4.27741,4.21901,4.17051,4.13267,4.08891,4.04121,4.01663,3.99059,3.96731,3.93958,3.88372,3.84909,3.83267,3.81131,3.78036,3.7591,3.72961,3.70398,3.67819,3.64893,3.62368,3.60364,3.56412,3.53904,3.52025,3.50527,3.48492,3.45514,3.43384,3.41796,3.40333,3.39116,3.38057,3.36826,3.35175,3.33895,3.3334,3.33395,3.33656,3.33977,3.34002,3.34312,3.35067,3.35291,3.35646,3.36528,3.37467,3.37823,3.39446,3.40382,3.41228,3.42261,3.44513,3.45397,3.46062,3.47142,3.48284,3.49217,3.51674,3.55535,3.5661,3.57815,3.60886,3.6392,3.66014,3.67961,3.69145,3.71048,3.72459,3.73819,3.7624,3.78491,3.80297,3.82204,3.8473,3.86327,3.87592,3.88841,3.90135,3.91827,3.95161,3.97473,4
5,4.94521,4.91646,4.87587,4.83547,4.79007,4.74373,4.70851,4.66477,4.59081,4.56396,4.53845,4.51159,4.46438,4.42342,4.39189,4.36395,4.34112,4.26677,4.20711,4.17456,4.14441,4.09858,4.05726,4.02888,3.99786,3.9726,3.94419,3.89551,3.85851,3.83923,3.80835,3.78737,3.7689,3.74229,3.71726,3.69349,3.66141,3.63709,3.61436,3.59143,3.55359,3.53354,3.521,3.50544,3.46864,3.44959,3.43659,3.42522,3.42017,3.41303,3.39916,3.38572,3.35952,3.34865,3.34863,3.34861,3.34903,3.34755,3.35296,3.36605,3.36765,3.37589,3.38641,3.38923,3.39498,3.40548,3.41068,3.41652,3.42865,3.45335,3.46409,3.47157,3.47814,3.493,3.51882,3.52664,3.5641,3.57481,3.59059,3.61285,3.64523,3.6693,3.68278,3.69309,3.71247,3.72386,3.73689,3.75888,3.78466,3.8077,3.83091,3.8503,3.86282,3.87509,3.8888,3.90682,3.92107,3.93866,3.96916,4
5,4.96006,4.9307,4.8696,4.84148,4.78719,4.7567,4.71953,4.67858,4.59266,4.57195,4.54487,4.52095,4.46109,4.42521,4.3904,4.36896,4.34743,4.27566,4.21703,4.17814,4.15009,4.11394,4.07588,4.04747,4.01566,3.97809,3.94585,3.91279,3.8793,3.855,3.81031,3.79612,3.77984,3.75505,3.73265,3.7135,3.68663,3.6471,3.62891,3.61033,3.56877,3.54467,3.53522,3.52492,3.49629,3.47183,3.45247,3.43754,3.43035,3.42285,3.41287,3.40345,3.3873,3.36672,3.36331,3.36305,3.36534,3.3716,3.38003,3.37937,3.37908,3.38983,3.39399,3.39566,3.40358,3.41381,3.41701,3.42387,3.4474,3.46595,3.47372,3.47991,3.49601,3.51232,3.52231,3.53042,3.56583,3.5864,3.5982,3.62029,3.64962,3.67299,3.68432,3.69797,3.71174,3.72271,3.73689,3.77394,3.79178,3.81531,3.8338,3.84869,3.85969,3.87535,3.89776,3.91071,3.92145,3.94252,3.97923,4
5,4.96762,4.92881,4.88069,4.83575,4.79454,4.76597,4.72191,4.65241,4.60648,4.57997,4.55989,4.53696,4.48341,4.43073,4.39362,4.36946,4.33208,4.28724,4.22716,4.19027,4.16317,4.12391,4.08475,4.06274,4.03895,3.99568,3.95619,3.92143,3.89578,3.87626,3.82683,3.81252,3.79885,3.77352,3.74714,3.72762,3.69749,3.66028,3.64597,3.63235,3.58173,3.55515,3.54686,3.53771,3.51628,3.49305,3.47003,3.44845,3.43779,3.42984,3.42255,3.41965,3.41767,3.40456,3.39499,3.38689,3.38199,3.38274,3.38658,3.38901,3.39387,3.40181,3.40493,3.40789,3.42073,3.42528,3.42937,3.44455,3.46504,3.47585,3.48351,3.49484,3.50512,3.51599,3.52909,3.54617,3.57283,3.59369,3.60536,3.62796,3.65148,3.67371,3.68823,3.70179,3.71239,3.72473,3.74505,3.77633,3.79683,3.81461,3.83174,3.84544,3.85566,3.88245,3.9007,3.91417,3.93105,3.96121,3.98986,4
5,4.97274,4.93745,4.89139,4.82482,4.79309,4.75439,4.72469,4.65565,4.60901,4.58279,4.56771,4.54572,4.4916,4.44848,4.40816,4.37202,4.33203,4.29238,4.22695,4.20098,4.17446,4.13666,4.09674,4.07036,4.04643,4.01833,3.97493,3.93217,3.90563,3.88529,3.85193,3.83114,3.81282,3.79325,3.765,3.74258,3.70607,3.67389,3.65883,3.64209,3.58587,3.5646,3.55536,3.54601,3.53076,3.50832,3.48511,3.46117,3.44671,3.44139,3.43773,3.43376,3.42826,3.41866,3.40931,3.39914,3.39391,3.39434,3.39743,3.39915,3.40348,3.41408,3.41567,3.41657,3.42946,3.43238,3.43822,3.45342,3.47442,3.48334,3.48996,3.50209,3.51226,3.52849,3.53757,3.555,3.57606,3.59983,3.61282,3.63186,3.65483,3.67589,3.69186,3.7013,3.71274,3.72842,3.75727,3.77726,3.79942,3.81569,3.83312,3.84405,3.85684,3.88359,3.90798,3.92261,3.94366,3.97814,3.99018,4
5,4.97699,4.92423,4.88133,4.84043,4.78009,4.75104,4.72291,4.65875,4.60815,4.58783,4.57205,4.54135,4.5031,4.46644,4.4259,4.38126,4.3392,4.28056,4.23093,4.20405,4.17855,4.14782,4.11111,4.07262,4.04685,4.01879,3.98735,3.9515,3.91184,3.88529,3.86467,3.84156,3.82164,3.80379,3.77875,3.7606,3.72601,3.68799,3.67212,3.6508,3.59357,3.57225,3.56573,3.55733,3.54252,3.52388,3.50242,3.48741,3.46694,3.45739,3.45315,3.44847,3.44328,3.43407,3.42251,3.41529,3.41086,3.40791,3.40657,3.40772,3.41684,3.42748,3.42805,3.43358,3.43884,3.43896,3.4482,3.47111,3.48255,3.48885,3.49618,3.50773,3.5218,3.5322,3.54417,3.562,3.5803,3.61146,3.62334,3.63838,3.65496,3.68194,3.69143,3.70029,3.71969,3.74544,3.75776,3.78052,3.80388,3.81799,3.83096,3.8445,3.87626,3.89466,3.91503,3.92916,3.95941,3.97897,3.99067,4
5,4.96185,4.91073,4.88249,4.84329,4.77954,4.75313,4.71796,4.6546,4.61289,4.59166,4.56748,4.53838,4.51027,4.47963,4.44103,4.3886,4.35023,4.29165,4.2375,4.20706,4.17902,4.15353,4.12518,4.07942,4.05066,4.01572,3.9943,3.96691,3.91609,3.89565,3.87738,3.85346,3.82921,3.80534,3.78445,3.76926,3.74547,3.72657,3.70337,3.69166,3.63074,3.59274,3.5815,3.57062,3.55637,3.54256,3.52877,3.513,3.48217,3.46908,3.46506,3.46055,3.45611,3.44949,3.43642,3.4272,3.42579,3.42823,3.43154,3.43302,3.4399,3.44136,3.44338,3.4521,3.46353,3.46757,3.47647,3.48558,3.49105,3.49542,3.50305,3.513,3.52654,3.53464,3.55489,3.57013,3.60604,3.61728,3.62818,3.64046,3.65954,3.68089,3.68896,3.70207,3.74195,3.75278,3.7644,3.78533,3.80175,3.81629,3.83041,3.86843,3.88832,3.89951,3.91705,3.93852,3.9574,3.97612,3.99143,4
5,4.95475,4.90517,4.87794,4.8315,4.78786,4.75709,4.71766,4.66514,4.62243,4.59454,4.56528,4.53683,4.51089,4.48143,4.44882,4.4113,4.36869,4.28888,4.24586,4.21145,4.18091,4.16234,4.1286,4.09081,4.05505,4.02149,3.99731,3.96164,3.92952,3.90686,3.88747,3.86343,3.83563,3.80853,3.78889,3.76885,3.75161,3.73573,3.71575,3.7028,3.6425,3.60574,3.59506,3.58854,3.57576,3.55563,3.54767,3.53912,3.51028,3.48004,3.47726,3.47225,3.46618,3.46099,3.45417,3.44842,3.44482,3.44355,3.44426,3.44512,3.45076,3.45344,3.457,3.46451,3.47054,3.47429,3.48712,3.49139,3.49617,3.50381,3.51299,3.52497,3.53252,3.55163,3.57382,3.59157,3.61256,3.62125,3.63584,3.64506,3.66884,3.68104,3.68863,3.71292,3.74807,3.75932,3.77535,3.78771,3.8013,3.81698,3.83018,3.87911,3.89033,3.90033,3.92111,3.93983,3.95588,3.97607,3.99003,4
5,4.93019,4.90604,4.87943,4.82719,4.78501,4.75671,4.73057,4.68823,4.63739,4.60756,4.57052,4.53794,4.51271,4.48113,4.45582,4.42928,4.36473,4.31764,4.25863,4.2061,4.18553,4.16836,4.13614,4.09831,4.05991,4.02619,4.00718,3.97643,3.94778,3.92077,3.89847,3.86393,3.8431,3.8135,3.79437,3.76893,3.75605,3.73728,3.72201,3.70646,3.64798,3.61759,3.60691,3.59903,3.58391,3.56453,3.55726,3.55052,3.5263,3.50183,3.49445,3.48821,3.48089,3.4768,3.4725,3.4642,3.45897,3.45599,3.45549,3.45795,3.46154,3.46177,3.46378,3.47119,3.47788,3.48578,3.49085,3.49459,3.50511,3.5172,3.52496,3.53539,3.5432,3.5724,3.58733,3.60731,3.61616,3.62841,3.64059,3.6543,3.67423,3.68401,3.69317,3.71658,3.75225,3.76667,3.78295,3.79185,3.80365,3.81579,3.82991,3.88067,3.8907,3.90047,3.91904,3.937,3.95785,3.97861,3.9898,4
5,4.94657,4.90854,4.86788,4.81607,4.78063,4.7611,4.73705,4.68256,4.64574,4.62128,4.57575,4.54273,4.51508,4.48595,4.46135,4.42379,4.37647,4.34756,4.26261,4.21006,4.18737,4.16411,4.13919,4.11075,4.05944,4.03468,4.01517,3.98633,3.96446,3.94349,3.91213,3.88606,3.86324,3.82965,3.8055,3.77999,3.76221,3.74279,3.72618,3.6888,3.65744,3.62595,3.61468,3.60538,3.58558,3.57053,3.56289,3.55563,3.53444,3.51287,3.50583,3.50094,3.49612,3.49352,3.48934,3.48225,3.47614,3.47454,3.47301,3.47018,3.47095,3.47046,3.47314,3.48329,3.48849,3.49179,3.49546,3.50711,3.51966,3.52643,3.5337,3.54378,3.55282,3.57723,3.59591,3.61014,3.6167,3.63354,3.64811,3.66679,3.67821,3.68679,3.69965,3.72071,3.75587,3.77587,3.78415,3.79179,3.80204,3.81625,3.84564,3.87945,3.88908,3.89932,3.92055,3.93988,3.95744,3.97898,3.98887,4
5,4.95214,4.9091,4.87292,4.80832,4.78246,4.76291,4.72961,4.68739,4.6536,4.62923,4.57964,4.54239,4.52079,4.49513,4.46692,4.40439,4.38218,4.36492,4.27313,4.21826,4.18443,4.16068,4.14142,4.12057,4.07062,4.04706,4.02014,3.9986,3.97453,3.94796,3.92019,3.90421,3.88143,3.84129,3.82276,3.79898,3.77239,3.75155,3.71582,3.6859,3.66842,3.63667,3.62332,3.61193,3.59557,3.57827,3.56773,3.55512,3.53863,3.52507,3.51534,3.51069,3.50898,3.50571,3.50415,3.50056,3.4961,3.49441,3.48983,3.48534,3.48289,3.48056,3.48149,3.49371,3.49686,3.50408,3.51131,3.51989,3.52887,3.53728,3.54404,3.54941,3.55789,3.58574,3.60317,3.61207,3.62095,3.64629,3.65964,3.66998,3.67933,3.68892,3.70842,3.73327,3.76477,3.77449,3.78358,3.79404,3.80802,3.83545,3.85647,3.87513,3.88446,3.89601,3.91842,3.93919,3.95775,3.9787,3.98736,4
5,4.94004,4.90357,4.86332,4.81451,4.78719,4.75062,4.7231,4.69465,4.6611,4.63334,4.58227,4.55094,4.52983,4.49536,4.43902,4.39969,4.38531,4.36971,4.29249,4.21808,4.18855,4.16708,4.14741,4.12071,4.08755,4.05408,4.03233,4.01065,3.97485,3.95259,3.92863,3.91231,3.89219,3.8578,3.8389,3.81379,3.78309,3.74735,3.70897,3.69128,3.67536,3.64722,3.63007,3.61812,3.60482,3.58941,3.57358,3.55636,3.54595,3.53679,3.52757,3.52389,3.51961,3.51362,3.5105,3.50737,3.50295,3.50027,3.49702,3.49629,3.4936,3.49664,3.50298,3.50436,3.50747,3.51135,3.51622,3.52371,3.5367,3.54308,3.54726,3.55241,3.57169,3.59219,3.60328,3.61616,3.63492,3.64697,3.65801,3.67103,3.6853,3.70073,3.71841,3.75647,3.76506,3.7732,3.78863,3.80089,3.8223,3.84596,3.85963,3.87096,3.88081,3.89454,3.9119,3.93491,3.95091,3.97402,3.98439,4
5,4.95218,4.89032,4.85459,4.82571,4.79603,4.74761,4.72442,4.69948,4.66649,4.63598,4.58697,4.5637,4.54337,4.4774,4.42612,4.39943,4.38468,4.36076,4.26659,4.22365,4.1962,4.17547,4.15407,4.12528,4.0987,4.06261,4.04156,3.99684,3.98,3.96296,3.93101,3.91278,3.89622,3.87253,3.85457,3.83423,3.79561,3.75909,3.7158,3.69621,3.67823,3.65528,3.63708,3.6233,3.61099,3.59721,3.57906,3.56136,3.5532,3.5449,3.53653,3.53096,3.5269,3.52008,3.51492,3.51053,3.50653,3.50501,3.50576,3.50463,3.50383,3.50647,3.50745,3.50936,3.51353,3.51622,3.52006,3.52661,3.54272,3.54703,3.55077,3.55562,3.58617,3.59561,3.60777,3.62218,3.63305,3.64543,3.66275,3.6931,3.69841,3.70994,3.74547,3.75791,3.76585,3.78085,3.79138,3.81477,3.83366,3.84782,3.85988,3.86995,3.88182,3.89392,3.9122,3.9311,3.94491,3.96267,3.98314,4
5,4.96707,4.89129,4.85946,4.83501,4.80236,4.74976,4.72508,4.69544,4.66217,4.63405,4.59803,4.57864,4.55646,4.471,4.42265,4.39716,4.37354,4.31466,4.27352,4.2431,4.20371,4.17521,4.15339,4.1318,4.10386,4.07233,4.04004,4.00342,3.98811,3.97203,3.93258,3.91544,3.89829,3.87937,3.86079,3.83988,3.80646,3.76962,3.72201,3.70483,3.6856,3.67083,3.65689,3.6423,3.62396,3.60194,3.5839,3.57185,3.56274,3.5548,3.54472,3.53625,3.53239,3.52693,3.52027,3.51381,3.5097,3.50824,3.50784,3.50758,3.50843,3.5094,3.51126,3.51523,3.51755,3.52014,3.52343,3.53421,3.54861,3.55285,3.55559,3.56152,3.59031,3.59883,3.61528,3.62307,3.63162,3.65176,3.69218,3.69851,3.70579,3.71722,3.74717,3.76151,3.77299,3.78171,3.79657,3.81886,3.83039,3.84613,3.86028,3.87158,3.88243,3.89279,3.91374,3.93027,3.94479,3.95791,3.98988,4
5,4.97492,4.89988,4.86813,4.84415,4.80091,4.74878,4.72261,4.69997,4.6629,4.62638,4.60184,4.58423,4.5467,4.47127,4.42488,4.38427,4.35736,4.30635,4.28349,4.26185,4.20664,4.18256,4.1593,4.13871,4.09864,4.0655,4.04274,4.01284,3.99319,3.96584,3.93876,3.92052,3.90474,3.88679,3.86514,3.84325,3.80791,3.74297,3.72567,3.71017,3.69118,3.67449,3.6612,3.64855,3.63109,3.59823,3.58679,3.57701,3.56942,3.56246,3.55517,3.54182,3.53807,3.53404,3.52664,3.51994,3.51233,3.51019,3.5103,3.51054,3.51115,3.51229,3.51622,3.51749,3.52033,3.52727,3.53314,3.54629,3.55681,3.55806,3.55983,3.57576,3.59303,3.60166,3.61526,3.62518,3.64594,3.68386,3.694,3.7027,3.70957,3.71921,3.75117,3.76426,3.77336,3.78178,3.80479,3.81759,3.82771,3.84498,3.8582,3.87253,3.88313,3.89186,3.91518,3.93525,3.95152,3.9633,3.98668,4
5,4.95262,4.9172,4.88704,4.85533,4.80362,4.74966,4.72425,4.69811,4.67127,4.63033,4.60378,4.57512,4.52771,4.47225,4.41553,4.38309,4.35469,4.3186,4.29301,4.26066,4.22316,4.18901,4.16348,4.14349,4.08838,4.06962,4.05217,4.01918,3.99345,3.96742,3.9456,3.92427,3.90757,3.89267,3.87499,3.85774,3.81049,3.74472,3.73016,3.7155,3.70026,3.67956,3.66574,3.65192,3.62542,3.60173,3.58849,3.57988,3.57279,3.56646,3.56042,3.55244,3.54507,3.54123,3.53667,3.52985,3.5278,3.5229,3.51705,3.51479,3.51505,3.51909,3.52023,3.52196,3.53263,3.53444,3.53894,3.55557,3.55982,3.56094,3.56296,3.58473,3.59851,3.605,3.62166,3.63589,3.66492,3.68419,3.69455,3.70439,3.71156,3.73125,3.75157,3.76476,3.77471,3.78766,3.80147,3.81384,3.82759,3.84165,3.85538,3.87864,3.8858,3.89243,3.92173,3.94618,3.95598,3.96701,3.98435,4
5,4.95698,4.92635,4.89889,4.86191,4.81616,4.75392,4.71595,4.69367,4.67242,4.63352,4.60175,4.55886,4.52604,4.47552,4.41556,4.38494,4.35489,4.32444,4.29791,4.27344,4.24492,4.1825,4.16472,4.1326,4.08923,4.0766,4.05723,4.0233,3.99478,3.97699,3.95506,3.92616,3.9076,3.89205,3.87734,3.85611,3.82618,3.76143,3.739,3.7254,3.71292,3.69777,3.68361,3.66333,3.6306,3.61015,3.59441,3.58514,3.5757,3.5686,3.56457,3.55923,3.55241,3.5494,3.54454,3.54097,3.53776,3.53267,3.52736,3.52655,3.52578,3.52613,3.52629,3.53385,3.53694,3.5385,3.5491,3.55955,3.56345,3.5664,3.58192,3.59378,3.60072,3.60725,3.62406,3.64147,3.66927,3.68669,3.69478,3.7046,3.71976,3.7389,3.75356,3.76422,3.77755,3.78793,3.79758,3.8103,3.828,3.84188,3.86229,3.88252,3.88905,3.89641,3.92119,3.94543,3.95723,3.9675,3.98296,4
5,4.96212,4.92991,4.9008,4.86392,4.83538,4.76371,4.7129,4.69205,4.65486,4.63069,4.59921,4.56497,4.53128,4.45261,4.41914,4.39247,4.36533,4.322,4.29951,4.27747,4.24191,4.20112,4.16411,4.12023,4.09617,4.07953,4.0571,4.02816,4.00215,3.9816,3.95512,3.93071,3.91006,3.8936,3.874,3.84805,3.82091,3.77346,3.75445,3.73622,3.71874,3.70743,3.69316,3.67752,3.63309,3.61893,3.60868,3.59713,3.58696,3.57364,3.5693,3.56299,3.55693,3.55325,3.54762,3.54405,3.54115,3.53763,3.53558,3.53458,3.53429,3.53574,3.53744,3.54144,3.54414,3.54825,3.55479,3.56457,3.56828,3.57449,3.5841,3.59328,3.6032,3.6118,3.62701,3.65019,3.67935,3.68777,3.69396,3.70794,3.72642,3.74203,3.75267,3.76332,3.77566,3.78565,3.79615,3.8156,3.8288,3.84173,3.86827,3.88504,3.89133,3.89838,3.91976,3.94571,3.95657,3.96575,3.98322,4
5,4.96635,4.9335,4.89807,4.86455,4.82404,4.7708,4.72216,4.68645,4.65583,4.63482,4.60386,4.57033,4.51978,4.44019,4.41863,4.39871,4.37512,4.32549,4.30058,4.27044,4.24157,4.20393,4.16632,4.12809,4.1029,4.08123,4.06169,4.03454,4.00711,3.97506,3.9583,3.93434,3.91861,3.8985,3.8632,3.84384,3.79734,3.77607,3.75998,3.73966,3.72262,3.71181,3.69649,3.67933,3.63785,3.62436,3.61314,3.60177,3.59093,3.58001,3.57496,3.56515,3.5602,3.55558,3.55117,3.54692,3.54384,3.54048,3.53905,3.53829,3.53876,3.53996,3.54157,3.54418,3.5468,3.55169,3.55676,3.5671,3.57117,3.58183,3.58784,3.59774,3.60612,3.61437,3.62977,3.65126,3.6803,3.68886,3.69978,3.71157,3.72946,3.74135,3.75159,3.76115,3.77153,3.78698,3.79689,3.81431,3.82726,3.84101,3.87423,3.88717,3.89372,3.90464,3.92285,3.94566,3.95651,3.96607,3.98199,4
5,4.97043,4.93416,4.89334,4.85952,4.82383,4.77161,4.72615,4.68843,4.66457,4.63905,4.60056,4.55269,4.47708,4.44052,4.42248,4.4034,4.3789,4.33578,4.30812,4.26897,4.24192,4.19863,4.15771,4.13503,4.11098,4.08611,4.05909,4.03039,3.98915,3.9768,3.95641,3.94056,3.92723,3.8955,3.87357,3.841,3.80292,3.77832,3.7589,3.73722,3.7246,3.71375,3.6989,3.68091,3.64178,3.62633,3.61327,3.60573,3.59256,3.58386,3.5772,3.56734,3.56204,3.55748,3.55423,3.55088,3.54798,3.54326,3.54208,3.54137,3.54121,3.54169,3.54283,3.54611,3.55046,3.55462,3.55979,3.57016,3.57904,3.58491,3.58959,3.59768,3.60828,3.61849,3.63045,3.65737,3.68046,3.6916,3.70027,3.71197,3.72699,3.73879,3.75097,3.76234,3.78021,3.78674,3.79419,3.81124,3.83003,3.85692,3.87302,3.88663,3.89702,3.90871,3.92216,3.94812,3.95906,3.96851,3.97995,4
5,4.97438,4.93331,4.90014,4.85726,4.82419,4.75253,4.71496,4.69322,4.6719,4.64001,4.60241,4.55674,4.46327,4.44112,4.42381,4.40233,4.37801,4.34549,4.31396,4.27263,4.24703,4.18545,4.15572,4.13994,4.11736,4.07874,4.04671,4.00526,3.98923,3.97751,3.95934,3.94151,3.92362,3.90364,3.88025,3.84714,3.8196,3.76833,3.75017,3.73692,3.72799,3.71758,3.70032,3.6736,3.6494,3.62357,3.61519,3.60943,3.59485,3.5865,3.57298,3.56779,3.56302,3.55835,3.5559,3.55296,3.5491,3.54499,3.5437,3.5431,3.54272,3.54295,3.5456,3.54898,3.55256,3.55669,3.56458,3.57227,3.58041,3.58571,3.59127,3.59964,3.61214,3.62317,3.63913,3.66014,3.67707,3.6902,3.6981,3.71503,3.72773,3.73578,3.7517,3.7685,3.77926,3.78543,3.79443,3.81455,3.83414,3.85679,3.87277,3.88535,3.89587,3.90921,3.93221,3.95204,3.95999,3.96865,3.97812,4
5,4.97016,4.93691,4.90444,4.8546,4.78211,4.74549,4.7162,4.69603,4.67428,4.64509,4.59803,4.55461,4.46128,4.44324,4.42399,4.40491,4.37994,4.35125,4.30088,4.27644,4.25927,4.16981,4.15437,4.13926,4.11554,4.0704,4.03617,4.00346,3.99094,3.97861,3.9607,3.94096,3.9261,3.9078,3.8809,3.85109,3.83201,3.75812,3.74809,3.73915,3.73112,3.72027,3.69208,3.67394,3.65455,3.62433,3.61723,3.61257,3.60338,3.59175,3.5725,3.56704,3.56197,3.55878,3.55691,3.55415,3.54959,3.54562,3.54447,3.54399,3.54398,3.54427,3.54725,3.54998,3.5556,3.56029,3.56511,3.57514,3.58077,3.58718,3.59451,3.6012,3.61617,3.62965,3.63957,3.65833,3.67831,3.68696,3.69517,3.72193,3.72891,3.73565,3.74652,3.76902,3.77877,3.78617,3.79611,3.81434,3.83345,3.856,3.87585,3.88369,3.89257,3.91089,3.94152,3.95244,3.96147,3.97046,3.98974,4
5,4.96062,4.9379,4.89798,4.83989,4.7846,4.74899,4.71816,4.69625,4.67715,4.63398,4.59393,4.55286,4.46451,4.44629,4.42463,4.40808,4.38157,4.35096,4.29256,4.27805,4.2618,4.1685,4.15401,4.13858,4.11216,4.06225,4.02799,4.00598,3.9931,3.98156,3.95654,3.94193,3.9247,3.90421,3.87602,3.85295,3.83287,3.75948,3.74918,3.73984,3.73169,3.72137,3.69047,3.67599,3.64664,3.62425,3.61781,3.61281,3.60443,3.59133,3.57214,3.56732,3.56211,3.55927,3.55746,3.55441,3.5501,3.54585,3.54482,3.54422,3.5442,3.54464,3.54712,3.55066,3.55748,3.56051,3.56511,3.57602,3.58124,3.58966,3.59459,3.60054,3.62186,3.63007,3.63911,3.65647,3.67821,3.68483,3.69796,3.72404,3.72961,3.73661,3.74662,3.76932,3.77854,3.78537,3.79404,3.81381,3.83742,3.85655,3.87521,3.8816,3.89435,3.91457,3.94423,3.95353,3.96292,3.97282,3.98982,4
