2,1.98722,1.97442,1.96157,1.94866,1.93567,1.92257,1.90936,1.89602,1.88252,1.86886,1.85502,1.84099,1.82674,1.81228,1.79757,1.78262,1.7674,1.75191,1.73613,1.72006,1.70368,1.687,1.66999,1.65266,1.635,1.61701,1.59868,1.58003,1.56105,1.54174,1.52211,1.50217,1.48193,1.4614,1.44059,1.41951,1.39819,1.37664,1.35488,1.33292,1.3108,1.28852,1.26611,1.2436,1.221,1.19834,1.17564,1.15291,1.13018,1.10747,1.0848,1.06217,1.03961,1.01714,0.99475,0.972465,0.950292,0.928235,0.906301,0.884491,0.862808,0.841251,0.819817,0.798502,0.7773,0.756205,0.735206,0.714295,0.693458,0.672682,0.651954,0.631258,0.610576,0.589892,0.569186,0.548439,0.527629,0.506736,0.485737,0.464609,0.443326,0.421865,0.400198,0.378299,0.356139,0.333689,0.310919,0.287797,0.26429,0.240365,0.215984,0.191113,0.165713,0.139746,0.113171,0.0859478,0.0580372,0.0293998,0
2,1.98723,1.97443,1.96159,1.94868,1.93569,1.9226,1.90939,1.89605,1.88255,1.8689,1.85506,1.84102,1.82678,1.81232,1.79761,1.78266,1.76744,1.75195,1.73618,1.72011,1.70373,1.68704,1.67004,1.65271,1.63505,1.61706,1.59874,1.58008,1.5611,1.54179,1.52216,1.50222,1.48198,1.46144,1.44063,1.41955,1.39823,1.37668,1.35491,1.33295,1.31082,1.28854,1.26613,1.24362,1.22102,1.19835,1.17564,1.15292,1.13018,1.10747,1.08479,1.06216,1.0396,1.01712,0.994734,0.972448,0.950272,0.928213,0.906277,0.884467,0.862782,0.841224,0.81979,0.798474,0.777273,0.756177,0.735179,0.714268,0.693431,0.672657,0.65193,0.631234,0.610554,0.589871,0.569167,0.548421,0.527613,0.506722,0.485725,0.464598,0.443318,0.421858,0.400194,0.378297,0.356139,0.333691,0.310923,0.287803,0.264298,0.240375,0.215996,0.191126,0.165728,0.139761,0.113186,0.0859623,0.0580497,0.0294082,0
2,1.98725,1.97446,1.96163,1.94873,1.93575,1.92266,1.90946,1.89612,1.88264,1.86899,1.85515,1.84113,1.82689,1.81243,1.79773,1.78278,1.76757,1.75208,1.73631,1.72024,1.70387,1.68719,1.67018,1.65285,1.6352,1.61721,1.59888,1.58023,1.56124,1.54193,1.5223,1.50236,1.48211,1.46158,1.44076,1.41968,1.39835,1.37679,1.35501,1.33305,1.31091,1.28862,1.2662,1.24368,1.22107,1.19839,1.17568,1.15294,1.1302,1.10747,1.08479,1.06215,1.03958,1.01709,0.994696,0.972403,0.950221,0.928158,0.906217,0.884402,0.862715,0.841154,0.819717,0.7984,0.777198,0.756102,0.735105,0.714194,0.693359,0.672587,0.651862,0.63117,0.610493,0.589814,0.569113,0.548372,0.527569,0.506682,0.48569,0.464569,0.443294,0.42184,0.400181,0.378289,0.356138,0.333696,0.310933,0.287819,0.26432,0.240401,0.216027,0.191161,0.165765,0.1398,0.113225,0.0859993,0.0580807,0.0294279,0
2,1.98727,1.97451,1.96169,1.94881,1.93584,1.92277,1.90958,1.89625,1.88277,1.86913,1.85531,1.84129,1.82706,1.81261,1.79792,1.78298,1.76777,1.75229,1.73652,1.72046,1.7041,1.68742,1.67042,1.65309,1.63544,1.61745,1.59913,1.58047,1.56148,1.54217,1.52254,1.50259,1.48234,1.46179,1.44097,1.41988,1.39854,1.37697,1.35519,1.33321,1.31106,1.28876,1.26632,1.24378,1.22116,1.19847,1.17574,1.15298,1.13023,1.10749,1.08479,1.06214,1.03956,1.01706,0.994647,0.972344,0.950152,0.92808,0.906131,0.88431,0.862617,0.841052,0.819612,0.798293,0.777089,0.755993,0.734996,0.714087,0.693254,0.672485,0.651764,0.631076,0.610404,0.58973,0.569036,0.548301,0.527505,0.506626,0.485641,0.464528,0.443261,0.421815,0.400165,0.378282,0.356139,0.333706,0.310952,0.287846,0.264354,0.240443,0.216076,0.191215,0.165824,0.13986,0.113284,0.0860539,0.0581255,0.0294555,0
2,1.9873,1.97456,1.96177,1.94891,1.93596,1.9229,1.90973,1.89642,1.88296,1.86933,1.85552,1.84151,1.82729,1.81285,1.79817,1.78324,1.76804,1.75257,1.73682,1.72076,1.7044,1.68773,1.67073,1.65341,1.63576,1.61777,1.59945,1.5808,1.56181,1.5425,1.52286,1.50291,1.48265,1.4621,1.44126,1.42016,1.39881,1.37723,1.35543,1.33344,1.31127,1.28895,1.2665,1.24394,1.22129,1.19858,1.17583,1.15306,1.13028,1.10753,1.0848,1.06214,1.03954,1.01702,0.994597,0.972279,0.950075,0.927991,0.906033,0.884203,0.862503,0.840931,0.819487,0.798164,0.776959,0.755862,0.734865,0.713958,0.693128,0.672362,0.651646,0.630963,0.610298,0.589631,0.568944,0.548218,0.52743,0.506561,0.485586,0.464482,0.443226,0.421791,0.400151,0.37828,0.356147,0.333725,0.310982,0.287886,0.264404,0.240501,0.216142,0.191288,0.1659,0.139938,0.11336,0.0861228,0.058181,0.0294891,0
2,1.98733,1.97463,1.96186,1.94903,1.9361,1.92307,1.90991,1.89662,1.88318,1.86957,1.85577,1.84178,1.82758,1.81315,1.79848,1.78357,1.76838,1.75292,1.73718,1.72113,1.70478,1.68811,1.67113,1.65381,1.63616,1.61818,1.59986,1.58121,1.56222,1.5429,1.52326,1.5033,1.48304,1.46248,1.44163,1.42052,1.39916,1.37756,1.35574,1.33373,1.31154,1.2892,1.26673,1.24414,1.22147,1.19874,1.17597,1.15317,1.13037,1.10759,1.08484,1.06215,1.03953,1.017,0.994556,0.972221,0.950001,0.927903,0.905933,0.884092,0.862383,0.840804,0.819353,0.798027,0.776819,0.755721,0.734725,0.713819,0.692992,0.672231,0.65152,0.630843,0.610185,0.589526,0.568848,0.548131,0.527354,0.506495,0.485532,0.46444,0.443195,0.421772,0.400145,0.378286,0.356166,0.333756,0.311024,0.28794,0.264469,0.240576,0.216224,0.191377,0.165993,0.140032,0.113451,0.0862038,0.0582454,0.0295274,0
2,1.98737,1.9747,1.96197,1.94916,1.93626,1.92326,1.91013,1.89686,1.88344,1.86985,1.85607,1.8421,1.82791,1.8135,1.79885,1.78395,1.76878,1.75333,1.7376,1.72157,1.70523,1.68857,1.67159,1.65428,1.63664,1.61866,1.60035,1.5817,1.56271,1.54339,1.52374,1.50378,1.48351,1.46293,1.44208,1.42095,1.39957,1.37795,1.35612,1.33408,1.31187,1.28951,1.26701,1.2444,1.22171,1.19895,1.17614,1.15332,1.13049,1.10768,1.08491,1.0622,1.03955,1.017,0.994533,0.972178,0.94994,0.927826,0.905841,0.883988,0.862268,0.840681,0.819224,0.797892,0.776681,0.755582,0.734585,0.713681,0.692858,0.6721,0.651395,0.630725,0.610075,0.589425,0.568757,0.54805,0.527284,0.506437,0.485485,0.464406,0.443175,0.421765,0.400151,0.378305,0.356198,0.333801,0.311083,0.28801,0.26455,0.240667,0.216324,0.191482,0.166102,0.14014,0.113553,0.086295,0.0583172,0.0295696,0
2,1.98742,1.97478,1.96209,1.94931,1.93645,1.92347,1.91037,1.89712,1.88373,1.87016,1.85641,1.84245,1.82829,1.8139,1.79927,1.78438,1.76923,1.7538,1.73808,1.72206,1.70573,1.68909,1.67212,1.65482,1.63719,1.61921,1.6009,1.58225,1.56326,1.54394,1.52429,1.50432,1.48404,1.46346,1.44259,1.42145,1.40005,1.37842,1.35656,1.3345,1.31227,1.28988,1.26735,1.24472,1.22199,1.1992,1.17637,1.15351,1.13066,1.10782,1.08502,1.06228,1.03961,1.01702,0.994537,0.97216,0.949903,0.927771,0.90577,0.883903,0.862171,0.840574,0.819109,0.797771,0.776556,0.755455,0.734458,0.713555,0.692734,0.671982,0.651282,0.630619,0.609977,0.589336,0.568678,0.547982,0.527228,0.506393,0.485454,0.464388,0.44317,0.421774,0.400174,0.378341,0.356248,0.333865,0.311159,0.288098,0.264649,0.240776,0.21644,0.191604,0.166226,0.140262,0.113668,0.0863954,0.0583953,0.0296151,0
2,1.98746,1.97487,1.96222,1.94948,1.93664,1.9237,1.91063,1.89741,1.88404,1.8705,1.85677,1.84285,1.8287,1.81433,1.79972,1.78486,1.76972,1.75431,1.73861,1.72261,1.70629,1.68966,1.67271,1.65542,1.63779,1.61983,1.60152,1.58287,1.56389,1.54456,1.52491,1.50494,1.48465,1.46406,1.44317,1.42202,1.4006,1.37895,1.35707,1.33499,1.31273,1.29031,1.26775,1.24509,1.22233,1.19951,1.17664,1.15376,1.13087,1.108,1.08517,1.0624,1.0397,1.01709,0.994577,0.972177,0.949898,0.927746,0.905728,0.883845,0.8621,0.840492,0.819018,0.797675,0.776455,0.755351,0.734353,0.713451,0.692633,0.671884,0.65119,0.630534,0.6099,0.589268,0.56862,0.547935,0.527192,0.506369,0.485443,0.46439,0.443185,0.421803,0.400217,0.378398,0.356319,0.333948,0.311255,0.288206,0.264767,0.240902,0.216574,0.191741,0.166363,0.140396,0.113792,0.0865039,0.0584791,0.0296635,0
2,1.98751,1.97496,1.96235,1.94965,1.93685,1.92394,1.9109,1.89772,1.88438,1.87087,1.85717,1.84327,1.82915,1.8148,1.80022,1.78537,1.77026,1.75487,1.73918,1.7232,1.7069,1.69029,1.67334,1.65607,1.63845,1.6205,1.6022,1.58355,1.56457,1.54525,1.52559,1.50561,1.48532,1.46471,1.44382,1.42265,1.40122,1.37954,1.35764,1.33553,1.31325,1.2908,1.26822,1.24552,1.22273,1.19988,1.17698,1.15406,1.13113,1.10823,1.08537,1.06257,1.03984,1.0172,0.994661,0.972237,0.949934,0.927762,0.905725,0.883826,0.862067,0.840447,0.818963,0.797612,0.776387,0.755279,0.73428,0.713379,0.692562,0.671817,0.651128,0.630479,0.609852,0.589229,0.56859,0.547916,0.527184,0.506373,0.485459,0.464419,0.443227,0.421858,0.400285,0.378479,0.356412,0.334054,0.311372,0.288334,0.264904,0.241047,0.216724,0.191894,0.166515,0.140542,0.113927,0.08662,0.0585679,0.0297145,0
2,1.98756,1.97506,1.96249,1.94983,1.93707,1.9242,1.9112,1.89805,1.88474,1.87126,1.85759,1.84371,1.82962,1.8153,1.80074,1.78592,1.77083,1.75546,1.7398,1.72383,1.70755,1.69096,1.67403,1.65676,1.63916,1.62121,1.60292,1.58429,1.56531,1.54598,1.52633,1.50635,1.48604,1.46543,1.44453,1.42334,1.40189,1.3802,1.35827,1.33614,1.31383,1.29136,1.26874,1.24601,1.22319,1.2003,1.17737,1.15441,1.13146,1.10852,1.08563,1.06279,1.04003,1.01736,0.994798,0.972347,0.950021,0.927827,0.90577,0.883854,0.86208,0.840447,0.818953,0.797593,0.776362,0.75525,0.734249,0.713347,0.692532,0.67179,0.651105,0.630461,0.609841,0.589226,0.568596,0.547931,0.52721,0.506409,0.485507,0.464478,0.443299,0.421942,0.400381,0.378587,0.356532,0.334184,0.311513,0.288484,0.265062,0.241211,0.216891,0.192062,0.16668,0.140699,0.114071,0.0867429,0.0586614,0.0297677,0
2,1.98761,1.97516,1.96263,1.95002,1.9373,1.92447,1.9115,1.89838,1.88511,1.87166,1.85802,1.84418,1.83012,1.81583,1.80129,1.7865,1.77143,1.75609,1.74045,1.7245,1.70824,1.69166,1.67475,1.6575,1.63991,1.62198,1.6037,1.58507,1.56609,1.54677,1.52712,1.50713,1.48682,1.4662,1.44529,1.42409,1.40262,1.38091,1.35897,1.33681,1.31448,1.29197,1.26933,1.24657,1.22372,1.20079,1.17783,1.15484,1.13185,1.10888,1.08595,1.06308,1.04029,1.01759,0.994994,0.972517,0.950166,0.927949,0.905872,0.883938,0.862148,0.840501,0.818996,0.797627,0.776388,0.755272,0.734267,0.713364,0.692549,0.671809,0.651127,0.630488,0.609874,0.589265,0.568643,0.547987,0.527275,0.506484,0.485592,0.464574,0.443405,0.422059,0.400508,0.378725,0.35668,0.334342,0.311679,0.288657,0.265242,0.241394,0.217076,0.192245,0.166858,0.140867,0.114223,0.0868722,0.0587589,0.0298228,0
2,1.98766,1.97526,1.96278,1.95021,1.93753,1.92474,1.91181,1.89873,1.88549,1.87208,1.85847,1.84466,1.83063,1.81637,1.80186,1.78709,1.77206,1.75673,1.74112,1.7252,1.70896,1.6924,1.6755,1.65827,1.6407,1.62278,1.60451,1.58589,1.56692,1.54761,1.52795,1.50796,1.48765,1.46703,1.4461,1.42489,1.40341,1.38168,1.35972,1.33754,1.31518,1.29265,1.26998,1.24719,1.2243,1.20135,1.17835,1.15532,1.1323,1.1093,1.08633,1.06343,1.04061,1.01788,0.995257,0.972753,0.950377,0.928137,0.906039,0.884086,0.86228,0.840619,0.819101,0.797722,0.776475,0.755353,0.734344,0.713439,0.692623,0.671883,0.651204,0.630568,0.609958,0.589355,0.568739,0.548089,0.527385,0.506602,0.485719,0.464709,0.443549,0.422212,0.40067,0.378895,0.356858,0.334528,0.311871,0.288855,0.265443,0.241597,0.217279,0.192444,0.167049,0.141046,0.114383,0.0870075,0.0588602,0.0298798,0
2,1.98771,1.97536,1.96293,1.9504,1.93777,1.92501,1.91212,1.89908,1.88588,1.8725,1.85893,1.84515,1.83116,1.81692,1.80245,1.78771,1.7727,1.7574,1.74181,1.72591,1.7097,1.69316,1.67629,1.65907,1.64152,1.62361,1.60535,1.58674,1.56778,1.54848,1.52883,1.50884,1.48853,1.4679,1.44697,1.42575,1.40426,1.38251,1.36053,1.33833,1.31595,1.29339,1.27069,1.24787,1.22496,1.20197,1.17894,1.15588,1.13282,1.10979,1.08679,1.06386,1.041,1.01824,0.995593,0.973062,0.950661,0.928398,0.906279,0.884306,0.862483,0.840807,0.819276,0.797886,0.776631,0.755501,0.734487,0.713577,0.69276,0.672019,0.65134,0.630706,0.610099,0.589499,0.568888,0.548244,0.527545,0.506768,0.485891,0.464888,0.443735,0.422404,0.400869,0.379101,0.357069,0.334744,0.312091,0.289078,0.265667,0.241821,0.217499,0.192658,0.167253,0.141235,0.114552,0.0871482,0.0589649,0.0299382,0
2,1.98776,1.97546,1.96307,1.95059,1.938,1.92529,1.91244,1.89944,1.88628,1.87293,1.8594,1.84565,1.83169,1.81749,1.80304,1.78833,1.77335,1.75808,1.74252,1.72665,1.71046,1.69394,1.67709,1.6599,1.64236,1.62447,1.60623,1.58763,1.56868,1.54938,1.52974,1.50976,1.48944,1.46881,1.44788,1.42665,1.40515,1.38339,1.36139,1.33918,1.31677,1.29419,1.27147,1.24862,1.22568,1.20266,1.1796,1.15651,1.13342,1.11035,1.08733,1.06436,1.04148,1.01869,0.996009,0.973451,0.951025,0.928738,0.906598,0.884606,0.862765,0.841073,0.819529,0.798127,0.776861,0.755723,0.734702,0.713788,0.692966,0.672223,0.651543,0.630909,0.610302,0.589705,0.569096,0.548454,0.527759,0.506986,0.486113,0.465115,0.443965,0.422639,0.401108,0.379343,0.357314,0.334991,0.31234,0.289327,0.265914,0.242065,0.217737,0.192887,0.167469,0.141433,0.114727,0.087294,0.0590726,0.029998,0
2,1.98781,1.97556,1.96322,1.95078,1.93824,1.92557,1.91276,1.8998,1.88667,1.87336,1.85986,1.84615,1.83222,1.81805,1.80364,1.78896,1.77401,1.75877,1.74324,1.72739,1.71123,1.69474,1.67791,1.66074,1.64322,1.62535,1.60712,1.58854,1.5696,1.55032,1.53068,1.5107,1.4904,1.46977,1.44883,1.4276,1.40609,1.38432,1.36231,1.34008,1.31765,1.29505,1.27231,1.24944,1.22647,1.20342,1.18033,1.15721,1.13409,1.111,1.08794,1.06495,1.04203,1.01922,0.996508,0.973925,0.951474,0.929165,0.907003,0.884991,0.863132,0.841424,0.819865,0.798451,0.777174,0.756026,0.734997,0.714076,0.693249,0.672502,0.651819,0.631182,0.610574,0.589976,0.569367,0.548726,0.528031,0.50726,0.486388,0.465391,0.444243,0.422918,0.401388,0.379624,0.357595,0.335271,0.312618,0.289602,0.266185,0.242329,0.217992,0.19313,0.167697,0.141641,0.11491,0.0874444,0.059183,0.0300589,0
2,1.98786,1.97566,1.96336,1.95097,1.93847,1.92584,1.91307,1.90015,1.88706,1.87379,1.86032,1.84665,1.83275,1.81862,1.80424,1.78959,1.77467,1.75946,1.74396,1.72814,1.712,1.69554,1.67873,1.66159,1.64409,1.62624,1.60803,1.58947,1.57055,1.55127,1.53165,1.51168,1.49138,1.47075,1.44982,1.42858,1.40707,1.38529,1.36327,1.34103,1.31859,1.29598,1.27321,1.25032,1.22733,1.20426,1.18114,1.15799,1.13485,1.11172,1.08864,1.06562,1.04268,1.01983,0.997098,0.974489,0.952015,0.929683,0.907499,0.885468,0.863591,0.841866,0.820292,0.798864,0.777574,0.756416,0.735377,0.714448,0.693614,0.67286,0.652171,0.63153,0.610919,0.590317,0.569705,0.549062,0.528365,0.507592,0.486719,0.46572,0.444571,0.423244,0.401711,0.379944,0.357913,0.335585,0.312927,0.289904,0.26648,0.242614,0.218265,0.193388,0.167936,0.141858,0.115098,0.0875989,0.0592958,0.0301207,0
2,1.98791,1.97575,1.9635,1.95115,1.93869,1.9261,1.91337,1.90049,1.88744,1.87421,1.86078,1.84714,1.83328,1.81918,1.80483,1.79022,1.77533,1.76015,1.74467,1.72889,1.71278,1.69634,1.67956,1.66244,1.64497,1.62714,1.60896,1.59041,1.57151,1.55225,1.53264,1.51268,1.49239,1.47177,1.45084,1.42961,1.40809,1.38631,1.36428,1.34204,1.31958,1.29696,1.27417,1.25127,1.22825,1.20516,1.18202,1.15885,1.13568,1.11253,1.08942,1.06638,1.04341,1.02054,0.997782,0.975149,0.952652,0.930298,0.908094,0.886043,0.864147,0.842405,0.820815,0.799372,0.778069,0.756898,0.735849,0.714909,0.694065,0.673303,0.652607,0.631958,0.61134,0.590733,0.570115,0.549467,0.528765,0.507987,0.487108,0.466105,0.44495,0.423618,0.40208,0.380307,0.358268,0.335933,0.313266,0.290234,0.266798,0.242919,0.218555,0.19366,0.168187,0.142083,0.115293,0.0877571,0.0594104,0.0301832,0
2,1.98796,1.97584,1.96364,1.95133,1.93891,1.92636,1.91367,1.90083,1.88781,1.87462,1.86123,1.84762,1.8338,1.81973,1.80541,1.79083,1.77598,1.76083,1.74539,1.72963,1.71355,1.69714,1.68039,1.66329,1.64585,1.62804,1.60988,1.59136,1.57248,1.55324,1.53364,1.5137,1.49342,1.47281,1.45189,1.43066,1.40915,1.38737,1.36534,1.34309,1.32063,1.29799,1.2752,1.25228,1.22925,1.20614,1.18298,1.1598,1.1366,1.11343,1.0903,1.06723,1.04424,1.02134,0.998564,0.975909,0.95339,0.931015,0.90879,0.88672,0.864805,0.843046,0.821439,0.79998,0.778663,0.757478,0.736415,0.715463,0.694608,0.673835,0.653128,0.63247,0.611843,0.591226,0.5706,0.549942,0.529232,0.508446,0.487559,0.466546,0.445383,0.424042,0.402494,0.380711,0.358662,0.336315,0.313637,0.290591,0.26714,0.243245,0.218862,0.193946,0.168448,0.142316,0.115493,0.0879185,0.0595266,0.0302461,0
2,1.988,1.97593,1.96376,1.9515,1.93912,1.92661,1.91396,1.90115,1.88818,1.87502,1.86166,1.84809,1.8343,1.82027,1.80598,1.79144,1.77661,1.7615,1.74608,1.73036,1.71431,1.69793,1.68121,1.66414,1.64672,1.62895,1.61081,1.59231,1.57345,1.55423,1.53466,1.51473,1.49447,1.47388,1.45296,1.43175,1.41024,1.38847,1.36644,1.34419,1.32173,1.29909,1.27629,1.25335,1.23032,1.2072,1.18402,1.16082,1.13761,1.11442,1.09126,1.06817,1.04516,1.02225,0.999449,0.976773,0.954233,0.931838,0.909593,0.887503,0.86557,0.843793,0.822169,0.800693,0.77936,0.758159,0.737082,0.716115,0.695246,0.67446,0.65374,0.633069,0.612429,0.5918,0.571162,0.550492,0.52977,0.508971,0.488072,0.467047,0.445871,0.424517,0.402956,0.381159,0.359095,0.336733,0.314038,0.290975,0.267506,0.24359,0.219185,0.194244,0.168719,0.142556,0.115698,0.0880826,0.0596439,0.0303092,0
2,1.98804,1.97601,1.96389,1.95166,1.93932,1.92685,1.91423,1.90146,1.88852,1.8754,1.86207,1.84854,1.83478,1.82078,1.80654,1.79202,1.77723,1.76215,1.74677,1.73107,1.71505,1.6987,1.68202,1.66498,1.64759,1.62984,1.61173,1.59326,1.57442,1.55523,1.53568,1.51578,1.49553,1.47496,1.45406,1.43286,1.41136,1.3896,1.36758,1.34533,1.32288,1.30023,1.27743,1.2545,1.23145,1.20832,1.18514,1.16192,1.1387,1.11549,1.09232,1.06922,1.04619,1.02326,1.00044,0.977743,0.955184,0.93277,0.910506,0.888398,0.866446,0.84465,0.823008,0.801515,0.780164,0.758947,0.737852,0.716869,0.695984,0.675181,0.654445,0.633759,0.613103,0.592458,0.571804,0.551119,0.53038,0.509565,0.48865,0.467608,0.446415,0.425044,0.403465,0.38165,0.359568,0.337186,0.314471,0.291387,0.267895,0.243955,0.219524,0.194556,0.169,0.142802,0.115906,0.0882489,0.0597621,0.0303724,0
2,1.98808,1.97609,1.964,1.95181,1.9395,1.92707,1.91449,1.90175,1.88885,1.87576,1.86247,1.84897,1.83525,1.82128,1.80706,1.79258,1.77782,1.76278,1.74743,1.73176,1.71578,1.69946,1.6828,1.6658,1.64844,1.63072,1.61264,1.5942,1.57539,1.55623,1.5367,1.51683,1.49661,1.47605,1.45517,1.43399,1.41251,1.39076,1.36876,1.34652,1.32407,1.30143,1.27863,1.2557,1.23265,1.20952,1.18633,1.16311,1.13988,1.11666,1.09348,1.07036,1.04732,1.02437,1.00153,0.978822,0.956246,0.933814,0.911533,0.889406,0.867436,0.845622,0.823961,0.802449,0.781079,0.759843,0.73873,0.717728,0.696824,0.676002,0.655247,0.634541,0.613866,0.593202,0.572528,0.551823,0.531065,0.510229,0.489293,0.468231,0.447017,0.425624,0.404023,0.382185,0.36008,0.337675,0.314935,0.291825,0.268307,0.244339,0.219879,0.194879,0.169289,0.143055,0.116119,0.0884169,0.0598806,0.0304353,0
2,1.98812,1.97616,1.9641,1.95195,1.93968,1.92728,1.91473,1.90203,1.88916,1.8761,1.86284,1.84938,1.83568,1.82175,1.80757,1.79312,1.77839,1.76338,1.74806,1.73243,1.71648,1.7002,1.68357,1.6666,1.64927,1.63159,1.61354,1.59513,1.57635,1.55722,1.53772,1.51787,1.49768,1.47715,1.4563,1.43514,1.41369,1.39195,1.36997,1.34774,1.32531,1.30268,1.27989,1.25696,1.23392,1.21079,1.1876,1.16438,1.14114,1.11792,1.09473,1.0716,1.04855,1.02559,1.00274,0.980013,0.957422,0.934974,0.912675,0.890531,0.868543,0.84671,0.82503,0.803498,0.782108,0.760851,0.739717,0.718694,0.697768,0.676925,0.656148,0.63542,0.614721,0.594034,0.573336,0.552608,0.531825,0.510965,0.490004,0.468916,0.447677,0.426257,0.40463,0.382765,0.360632,0.338199,0.31543,0.292291,0.268742,0.244742,0.220248,0.195213,0.169586,0.143313,0.116334,0.088586,0.0599991,0.0304978,0
2,1.98815,1.97622,1.9642,1.95208,1.93984,1.92747,1.91495,1.90228,1.88944,1.87642,1.86319,1.84976,1.83609,1.8222,1.80804,1.79363,1.77893,1.76395,1.74867,1.73307,1.71715,1.7009,1.68431,1.66737,1.65008,1.63243,1.61442,1.59604,1.5773,1.5582,1.53874,1.51892,1.49876,1.47826,1.45744,1.43631,1.41488,1.39317,1.37121,1.349,1.32659,1.30398,1.2812,1.25829,1.23525,1.21213,1.18895,1.16573,1.14249,1.11927,1.09608,1.07294,1.04988,1.02691,1.00405,0.981317,0.958713,0.93625,0.913936,0.891774,0.869768,0.847916,0.826217,0.804664,0.783253,0.761974,0.740817,0.71977,0.69882,0.677952,0.657149,0.636395,0.61567,0.594955,0.57423,0.553473,0.532662,0.511773,0.490782,0.469665,0.448395,0.426944,0.405286,0.383389,0.361224,0.338758,0.315956,0.292782,0.269198,0.245162,0.220632,0.195558,0.169891,0.143575,0.116552,0.0887558,0.0601172,0.0305596,0
2,1.98818,1.97628,1.96429,1.95219,1.93998,1.92764,1.91516,1.90252,1.8897,1.87671,1.86351,1.85011,1.83648,1.82261,1.80849,1.7941,1.77944,1.76449,1.74924,1.73368,1.71779,1.70158,1.68502,1.66812,1.65086,1.63325,1.61527,1.59693,1.57823,1.55916,1.53974,1.51996,1.49983,1.47937,1.45858,1.43748,1.41609,1.39441,1.37248,1.3503,1.32791,1.30532,1.28257,1.25967,1.23665,1.21354,1.19037,1.16716,1.14393,1.12071,1.09752,1.07438,1.05132,1.02835,1.00548,0.982735,0.960119,0.937644,0.915316,0.893138,0.871114,0.849244,0.827523,0.80595,0.784515,0.763212,0.74203,0.720958,0.69998,0.679084,0.658253,0.637469,0.616713,0.595968,0.575211,0.554421,0.533577,0.512654,0.491629,0.470477,0.449171,0.427685,0.405991,0.384058,0.361855,0.339351,0.316511,0.293299,0.269676,0.2456,0.221028,0.195913,0.170202,0.143842,0.116771,0.0889257,0.0602345,0.0306206,0
2,1.9882,1.97633,1.96436,1.9523,1.94011,1.9278,1.91534,1.90272,1.88994,1.87697,1.8638,1.85043,1.83682,1.82298,1.80889,1.79454,1.77991,1.76499,1.74977,1.73424,1.71839,1.70221,1.68569,1.66883,1.65161,1.63404,1.6161,1.5978,1.57914,1.56011,1.54073,1.52099,1.5009,1.48048,1.45973,1.43867,1.41731,1.39567,1.37377,1.35163,1.32926,1.30671,1.28398,1.26111,1.23811,1.21502,1.19187,1.16867,1.14545,1.12224,1.09906,1.07593,1.05286,1.02989,1.00702,0.984268,0.961643,0.939157,0.916816,0.894623,0.872582,0.850693,0.828952,0.807355,0.785897,0.764568,0.743359,0.722258,0.701251,0.680323,0.65946,0.638642,0.617853,0.597072,0.576278,0.555452,0.53457,0.513609,0.492545,0.471353,0.450007,0.428481,0.406745,0.38477,0.362526,0.33998,0.317097,0.293841,0.270174,0.246055,0.221438,0.196277,0.17052,0.144112,0.116992,0.0890952,0.0603506,0.0306804,0
2,1.98822,1.97637,1.96443,1.95238,1.94022,1.92793,1.9155,1.90291,1.89015,1.8772,1.86406,1.85071,1.83714,1.82332,1.80926,1.79494,1.78034,1.76545,1.75027,1.73477,1.71896,1.70281,1.68633,1.6695,1.65233,1.63479,1.6169,1.59864,1.58002,1.56103,1.54169,1.522,1.50196,1.48158,1.46088,1.43986,1.41854,1.39694,1.37508,1.35298,1.33066,1.30813,1.28544,1.2626,1.23963,1.21657,1.19344,1.17026,1.14706,1.12386,1.10069,1.07757,1.05451,1.03154,1.00867,0.985914,0.963284,0.940789,0.918436,0.89623,0.874172,0.852264,0.830502,0.808882,0.787398,0.766042,0.744804,0.723671,0.702632,0.68167,0.660771,0.639916,0.619088,0.598268,0.577434,0.556566,0.535641,0.514637,0.493529,0.472293,0.450902,0.429329,0.407547,0.385526,0.363235,0.340642,0.317711,0.294408,0.270693,0.246525,0.22186,0.196649,0.170843,0.144384,0.117213,0.0892639,0.0604653,0.030739,0
2,1.98824,1.97641,1.96448,1.95246,1.94031,1.92804,1.91563,1.90306,1.89032,1.8774,1.86429,1.85096,1.83741,1.82363,1.80959,1.7953,1.78073,1.76587,1.75072,1.73526,1.71948,1.70337,1.68693,1.67014,1.653,1.63551,1.61766,1.59944,1.58087,1.56193,1.54264,1.523,1.503,1.48267,1.46202,1.44105,1.41978,1.39823,1.37642,1.35436,1.33208,1.3096,1.28694,1.26414,1.24121,1.21818,1.19508,1.17192,1.14875,1.12557,1.10242,1.07931,1.05626,1.0333,1.01043,0.987675,0.965041,0.94254,0.920177,0.897958,0.875885,0.853957,0.832174,0.81053,0.78902,0.767634,0.746365,0.725199,0.704123,0.683125,0.662186,0.641291,0.62042,0.599556,0.578678,0.557763,0.536792,0.515739,0.494583,0.473296,0.451855,0.430232,0.408398,0.386326,0.363983,0.341337,0.318354,0.294999,0.271231,0.247011,0.222293,0.19703,0.17117,0.144658,0.117434,0.0894313,0.0605781,0.0307962,0
2,1.98825,1.97643,1.96452,1.95251,1.94039,1.92813,1.91574,1.90319,1.89047,1.87757,1.86448,1.85117,1.83765,1.82389,1.80988,1.79561,1.78107,1.76625,1.75113,1.7357,1.71996,1.70389,1.68748,1.67073,1.65364,1.63619,1.61838,1.60022,1.58169,1.56281,1.54356,1.52397,1.50403,1.48376,1.46315,1.44224,1.42102,1.39953,1.37777,1.35576,1.33353,1.3111,1.28849,1.26573,1.24284,1.21985,1.19678,1.17366,1.15052,1.12737,1.10424,1.08115,1.05811,1.03516,1.0123,0.989548,0.966914,0.944408,0.922038,0.899807,0.877719,0.855773,0.833968,0.812299,0.790761,0.769345,0.748042,0.72684,0.705726,0.684687,0.663706,0.642766,0.621849,0.600937,0.580009,0.559044,0.538021,0.516915,0.495704,0.474364,0.452867,0.431187,0.409298,0.387168,0.364768,0.342065,0.319025,0.295613,0.271788,0.247511,0.222736,0.197417,0.171502,0.144935,0.117655,0.089597,0.0606888,0.0308517,0
2,1.98826,1.97645,1.96455,1.95255,1.94044,1.9282,1.91582,1.90329,1.89058,1.8777,1.86463,1.85135,1.83784,1.82411,1.81012,1.79588,1.78137,1.76658,1.75149,1.73609,1.72039,1.70435,1.68799,1.67128,1.65423,1.63683,1.61907,1.60095,1.58248,1.56365,1.54446,1.52492,1.50504,1.48482,1.46428,1.44342,1.42227,1.40083,1.37913,1.35718,1.33501,1.31263,1.29008,1.26737,1.24453,1.22158,1.19856,1.17548,1.15237,1.12925,1.10614,1.08308,1.06007,1.03713,1.01428,0.991532,0.968901,0.946393,0.924017,0.901776,0.879673,0.857709,0.835882,0.814188,0.792621,0.771173,0.749834,0.728594,0.70744,0.686357,0.665329,0.644341,0.623375,0.60241,0.581428,0.560408,0.539328,0.518164,0.496894,0.475494,0.453936,0.432196,0.410244,0.388053,0.36559,0.342825,0.319724,0.296249,0.272363,0.248025,0.22319,0.197811,0.171837,0.145212,0.117875,0.0897606,0.060797,0.0309055,0
2,1.98827,1.97646,1.96457,1.95258,1.94047,1.92824,1.91588,1.90335,1.89067,1.8778,1.86474,1.85148,1.838,1.82428,1.81032,1.79611,1.78162,1.76686,1.7518,1.73644,1.72077,1.70477,1.68845,1.67178,1.65478,1.63742,1.61971,1.60165,1.58323,1.56445,1.54532,1.52585,1.50603,1.48587,1.46539,1.4446,1.42351,1.40214,1.3805,1.35862,1.33651,1.31419,1.2917,1.26905,1.24626,1.22337,1.20039,1.17736,1.15429,1.13121,1.10814,1.0851,1.06211,1.0392,1.01636,0.993626,0.971,0.948493,0.926112,0.903863,0.881747,0.859765,0.837916,0.816196,0.794599,0.773117,0.751742,0.730461,0.709263,0.688133,0.667056,0.646016,0.624995,0.603975,0.582934,0.561854,0.540712,0.519486,0.498152,0.476686,0.455063,0.433256,0.411238,0.388979,0.366449,0.343617,0.320449,0.296907,0.272956,0.248552,0.223653,0.198211,0.172175,0.145489,0.118093,0.0899219,0.0609027,0.0309574,0
2,1.98827,1.97646,1.96457,1.95259,1.94049,1.92826,1.9159,1.90339,1.89072,1.87786,1.86482,1.85157,1.83811,1.82441,1.81047,1.79628,1.78182,1.76709,1.75206,1.73673,1.7211,1.70514,1.68886,1.67224,1.65528,1.63797,1.62031,1.6023,1.58394,1.56522,1.54616,1.52674,1.50699,1.4869,1.46649,1.44577,1.42475,1.40345,1.38188,1.36007,1.33803,1.31578,1.29335,1.27077,1.24804,1.22521,1.20229,1.17931,1.15629,1.13325,1.11022,1.08721,1.06426,1.04136,1.01855,0.995826,0.973208,0.950705,0.928322,0.906065,0.883937,0.861939,0.840068,0.818322,0.796694,0.775177,0.753762,0.732439,0.711194,0.690015,0.668886,0.64779,0.626711,0.60563,0.584527,0.563382,0.542174,0.520879,0.499477,0.477941,0.456246,0.434368,0.412277,0.389946,0.367344,0.34444,0.321199,0.297587,0.273565,0.249092,0.224125,0.198616,0.172515,0.145767,0.11831,0.0900804,0.0610055,0.0310073,0
2,1.98826,1.97645,1.96456,1.95258,1.94048,1.92826,1.9159,1.9034,1.89073,1.87789,1.86485,1.85162,1.83817,1.82449,1.81058,1.79641,1.78197,1.76726,1.75227,1.73697,1.72137,1.70546,1.68921,1.67264,1.65573,1.63847,1.62087,1.60292,1.58461,1.56596,1.54696,1.52761,1.50793,1.48791,1.46758,1.44693,1.42599,1.40476,1.38327,1.36153,1.33957,1.3174,1.29504,1.27253,1.24987,1.2271,1.20424,1.18132,1.15835,1.13536,1.11238,1.08941,1.06649,1.04363,1.02083,0.998129,0.975523,0.953026,0.930643,0.908381,0.886243,0.864228,0.842335,0.820562,0.798903,0.77735,0.755894,0.734526,0.713233,0.692001,0.670816,0.649661,0.62852,0.607374,0.586204,0.56499,0.543711,0.522344,0.500867,0.479256,0.457486,0.43553,0.413362,0.390954,0.368274,0.345293,0.321976,0.298288,0.274191,0.249644,0.224605,0.199027,0.172858,0.146044,0.118525,0.0902361,0.0611054,0.0310551,0
2,1.98825,1.97644,1.96454,1.95255,1.94045,1.92823,1.91587,1.90337,1.89071,1.87787,1.86485,1.85163,1.83819,1.82453,1.81063,1.79648,1.78207,1.76739,1.75242,1.73716,1.7216,1.70572,1.68952,1.67299,1.65613,1.63892,1.62138,1.60348,1.58524,1.56665,1.54772,1.52845,1.50884,1.4889,1.46864,1.44807,1.42721,1.40607,1.38466,1.36301,1.34112,1.31903,1.29676,1.27432,1.25174,1.22904,1.20625,1.18339,1.16048,1.13755,1.11462,1.0917,1.06881,1.04598,1.02322,1.00053,0.977942,0.955453,0.933073,0.910808,0.88866,0.866629,0.844715,0.822915,0.801224,0.779633,0.758136,0.736721,0.715376,0.694089,0.672845,0.651628,0.630421,0.609207,0.587966,0.566678,0.545323,0.523879,0.502323,0.480631,0.45878,0.436742,0.414492,0.392001,0.369239,0.346176,0.322777,0.299008,0.274832,0.250208,0.225094,0.199442,0.173202,0.146321,0.118738,0.0903887,0.0612021,0.0311009,0
2,1.98824,1.97641,1.9645,1.9525,1.9404,1.92817,1.91582,1.90331,1.89065,1.87782,1.8648,1.85159,1.83817,1.82452,1.81064,1.79651,1.78212,1.76747,1.75253,1.7373,1.72177,1.70593,1.68977,1.67329,1.65648,1.63933,1.62184,1.60401,1.58583,1.56731,1.54845,1.52925,1.50972,1.48986,1.46969,1.4492,1.42843,1.40737,1.38605,1.36449,1.34269,1.32069,1.2985,1.27614,1.25364,1.23103,1.20831,1.18552,1.16268,1.13981,1.11693,1.09406,1.07122,1.04842,1.02569,1.00303,0.980461,0.957984,0.935609,0.913341,0.891185,0.86914,0.847205,0.825378,0.803654,0.782025,0.760484,0.739021,0.717623,0.696278,0.674972,0.653689,0.632413,0.611126,0.58981,0.568444,0.547009,0.525483,0.503843,0.482066,0.460128,0.438004,0.415666,0.393087,0.370238,0.347087,0.323602,0.299749,0.275489,0.250784,0.22559,0.199861,0.173548,0.146597,0.118948,0.090538,0.0612957,0.0311444,0
2,1.98822,1.97637,1.96445,1.95244,1.94032,1.92809,1.91573,1.90322,1.89056,1.87773,1.86472,1.85151,1.8381,1.82446,1.8106,1.79649,1.78212,1.76749,1.75258,1.73738,1.72189,1.70609,1.68997,1.67354,1.65678,1.63968,1.62225,1.60448,1.58638,1.56793,1.54914,1.53002,1.51057,1.4908,1.47071,1.45032,1.42963,1.40867,1.38744,1.36597,1.34427,1.32236,1.30026,1.278,1.25559,1.23305,1.21042,1.1877,1.16493,1.14213,1.11931,1.0965,1.07371,1.05095,1.02826,1.00563,0.983076,0.960613,0.938245,0.915978,0.893815,0.871756,0.849802,0.827948,0.80619,0.784523,0.762937,0.741423,0.71997,0.698565,0.677194,0.655842,0.634493,0.61313,0.591735,0.570287,0.548767,0.527154,0.505426,0.483559,0.46153,0.439313,0.416883,0.394211,0.37127,0.348027,0.324452,0.300508,0.276161,0.25137,0.226093,0.200285,0.173896,0.146872,0.119156,0.0906842,0.0613861,0.0311858,0
2,1.9882,1.97633,1.96439,1.95236,1.94023,1.92798,1.91561,1.9031,1.89044,1.8776,1.86459,1.85139,1.83798,1.82436,1.8105,1.79641,1.78206,1.76746,1.75257,1.73741,1.72195,1.70619,1.69012,1.67373,1.65702,1.63999,1.62262,1.60492,1.58688,1.5685,1.54979,1.53076,1.51139,1.49171,1.47171,1.45141,1.43082,1.40996,1.38883,1.36746,1.34586,1.32405,1.30205,1.27988,1.25756,1.23511,1.21257,1.18994,1.16724,1.14451,1.12176,1.09901,1.07627,1.05356,1.03091,1.00831,0.985782,0.963337,0.940979,0.918714,0.896546,0.874475,0.8525,0.83062,0.808829,0.787122,0.76549,0.743924,0.722414,0.700946,0.679508,0.658085,0.63666,0.615218,0.593739,0.572205,0.550596,0.528892,0.50707,0.485109,0.462983,0.44067,0.418142,0.395373,0.372334,0.348995,0.325324,0.301287,0.276847,0.251967,0.226603,0.200712,0.174244,0.147147,0.119362,0.0908271,0.0614733,0.0312251,0
2,1.98817,1.97627,1.96431,1.95226,1.94011,1.92785,1.91547,1.90295,1.89027,1.87744,1.86443,1.85122,1.83782,1.8242,1.81036,1.79629,1.78196,1.76737,1.75252,1.73738,1.72196,1.70624,1.69021,1.67388,1.65722,1.64024,1.62294,1.6053,1.58733,1.56904,1.55041,1.53146,1.51218,1.49259,1.47269,1.45249,1.432,1.41124,1.39022,1.36895,1.34745,1.32574,1.30385,1.28178,1.25956,1.23721,1.21476,1.19221,1.16961,1.14695,1.12427,1.10158,1.0789,1.05625,1.03363,1.01107,0.988576,0.966151,0.943806,0.921545,0.899374,0.877291,0.855298,0.833392,0.811567,0.78982,0.768141,0.746522,0.724953,0.703421,0.681913,0.660415,0.638911,0.617386,0.59582,0.574196,0.552494,0.530694,0.508775,0.486714,0.464488,0.442073,0.419443,0.396572,0.373431,0.349991,0.326219,0.302084,0.277548,0.252574,0.227121,0.201143,0.174594,0.14742,0.119565,0.0909669,0.0615574,0.0312622,0
2,1.98813,1.97621,1.96422,1.95214,1.93997,1.9277,1.9153,1.90276,1.89008,1.87723,1.86422,1.85102,1.83762,1.82401,1.81017,1.79611,1.7818,1.76724,1.75241,1.7373,1.72192,1.70624,1.69026,1.67397,1.65737,1.64045,1.62321,1.60564,1.58775,1.56953,1.55099,1.53212,1.51294,1.49344,1.47364,1.45354,1.43316,1.41251,1.39159,1.37044,1.34905,1.32745,1.30566,1.2837,1.26159,1.23934,1.21698,1.19453,1.17201,1.14944,1.12684,1.10422,1.0816,1.05901,1.03644,1.01392,0.991452,0.969051,0.94672,0.924467,0.902293,0.880201,0.85819,0.836258,0.814401,0.792613,0.770886,0.749213,0.727583,0.705985,0.684405,0.66283,0.641244,0.619632,0.597976,0.576258,0.55446,0.53256,0.510539,0.488374,0.466043,0.443522,0.420785,0.397807,0.374559,0.351013,0.327137,0.302899,0.278263,0.253192,0.227645,0.201579,0.174945,0.147693,0.119766,0.0911036,0.0616385,0.0312974,0
2,1.98809,1.97614,1.96411,1.95201,1.93981,1.92751,1.91509,1.90254,1.88985,1.87699,1.86397,1.85076,1.83737,1.82376,1.80994,1.79589,1.78159,1.76705,1.75225,1.73718,1.72182,1.70618,1.69025,1.67401,1.65746,1.64061,1.62343,1.60594,1.58812,1.56998,1.55153,1.53275,1.51366,1.49427,1.47457,1.45458,1.43431,1.41376,1.39296,1.37192,1.35065,1.32917,1.30749,1.28564,1.26364,1.2415,1.21924,1.19689,1.17447,1.15198,1.12946,1.10692,1.08437,1.06183,1.03932,1.01684,0.994407,0.972031,0.949719,0.927474,0.905301,0.8832,0.861172,0.839215,0.817325,0.795496,0.773722,0.751994,0.730302,0.708635,0.686981,0.665327,0.643656,0.621955,0.600205,0.57839,0.556491,0.534488,0.512361,0.490088,0.467647,0.445015,0.422167,0.399077,0.375718,0.352062,0.328077,0.303732,0.278992,0.25382,0.228177,0.202018,0.175297,0.147965,0.119965,0.0912375,0.0617168,0.0313306,0
2,1.98805,1.97606,1.964,1.95186,1.93963,1.92731,1.91486,1.90229,1.88958,1.87671,1.86368,1.85047,1.83707,1.82347,1.80965,1.79561,1.78134,1.76682,1.75204,1.737,1.72168,1.70608,1.69019,1.674,1.65751,1.64072,1.62361,1.60619,1.58845,1.5704,1.55203,1.53335,1.51436,1.49507,1.47548,1.4556,1.43544,1.41501,1.39433,1.3734,1.35225,1.33089,1.30933,1.2876,1.26571,1.24368,1.22154,1.19929,1.17696,1.15457,1.13213,1.10967,1.08719,1.06472,1.04226,1.01983,0.997433,0.975087,0.952795,0.930561,0.90839,0.886283,0.86424,0.842258,0.820335,0.798466,0.776643,0.754859,0.733105,0.711369,0.689639,0.667902,0.646145,0.624351,0.602505,0.58059,0.558586,0.536476,0.514238,0.491853,0.469299,0.446551,0.423588,0.400382,0.376908,0.353137,0.329039,0.304584,0.279736,0.254459,0.228715,0.202461,0.175652,0.148237,0.120162,0.0913689,0.0617925,0.031362,0
2,1.988,1.97596,1.96386,1.95169,1.93943,1.92708,1.91461,1.90201,1.88928,1.8764,1.86336,1.85014,1.83674,1.82314,1.80933,1.7953,1.78103,1.76653,1.75178,1.73677,1.72148,1.70592,1.69008,1.67395,1.65752,1.64078,1.62374,1.6064,1.58874,1.57077,1.5525,1.53391,1.51502,1.49584,1.47636,1.45659,1.43655,1.41624,1.39568,1.37488,1.35385,1.33261,1.31118,1.28957,1.2678,1.24589,1.22385,1.20171,1.17949,1.15719,1.13485,1.11247,1.09007,1.06766,1.04526,1.02288,1.00053,0.978214,0.955945,0.933725,0.911558,0.889445,0.867388,0.845383,0.823428,0.801518,0.779647,0.757807,0.735988,0.714181,0.692374,0.670554,0.648707,0.626819,0.604874,0.582854,0.560743,0.538522,0.516171,0.493669,0.470997,0.448131,0.425047,0.401721,0.378127,0.354237,0.330023,0.305453,0.280493,0.255109,0.229261,0.202909,0.176008,0.148508,0.120358,0.091498,0.0618658,0.0313918,0
2,1.98795,1.97586,1.96372,1.95151,1.93921,1.92682,1.91432,1.9017,1.88895,1.87605,1.863,1.84977,1.83636,1.82276,1.80895,1.79493,1.78068,1.7662,1.75147,1.73649,1.72124,1.70572,1.68993,1.67384,1.65747,1.6408,1.62384,1.60657,1.58899,1.57111,1.55293,1.53444,1.51566,1.49658,1.47721,1.45756,1.43764,1.41746,1.39702,1.37635,1.35545,1.33434,1.31303,1.29155,1.2699,1.24811,1.22619,1.20417,1.18205,1.15986,1.13761,1.11531,1.09299,1.07065,1.04832,1.02599,1.00368,0.981406,0.959162,0.936958,0.914797,0.892681,0.870611,0.848584,0.826598,0.804648,0.782728,0.760831,0.738948,0.71707,0.695184,0.673278,0.65134,0.629355,0.607308,0.585182,0.56296,0.540624,0.518156,0.495535,0.472741,0.449751,0.426544,0.403094,0.379376,0.355364,0.331028,0.30634,0.281265,0.255769,0.229815,0.203362,0.176366,0.14878,0.120552,0.0916251,0.061937,0.0314201,0
2,1.9879,1.97576,1.96356,1.9513,1.93897,1.92654,1.91401,1.90136,1.88859,1.87567,1.8626,1.84936,1.83594,1.82234,1.80854,1.79452,1.78029,1.76582,1.75112,1.73616,1.72095,1.70548,1.68973,1.6737,1.65738,1.64078,1.62389,1.60669,1.5892,1.57141,1.55333,1.53494,1.51627,1.4973,1.47805,1.45852,1.43872,1.41866,1.39835,1.37781,1.35704,1.33606,1.31489,1.29353,1.27202,1.25035,1.22855,1.20664,1.18464,1.16255,1.1404,1.1182,1.09596,1.0737,1.05143,1.02916,1.0069,0.984658,0.962442,0.940256,0.918104,0.895987,0.873905,0.851857,0.829841,0.807851,0.785883,0.763929,0.741981,0.72003,0.698064,0.676072,0.654041,0.631957,0.609805,0.587569,0.565234,0.542781,0.520192,0.497448,0.474529,0.451412,0.428077,0.404499,0.380654,0.356515,0.332055,0.307244,0.282051,0.25644,0.230376,0.20382,0.176728,0.149054,0.120746,0.0917508,0.0620065,0.031447,0
2,1.98784,1.97564,1.96339,1.95109,1.93871,1.92624,1.91368,1.901,1.88819,1.87525,1.86216,1.84891,1.83549,1.82188,1.80808,1.79407,1.77985,1.7654,1.75072,1.7358,1.72062,1.70519,1.68948,1.67351,1.65726,1.64072,1.6239,1.60678,1.58938,1.57168,1.55369,1.53541,1.51684,1.49799,1.47886,1.45945,1.43978,1.41985,1.39967,1.37926,1.35863,1.33779,1.31675,1.29553,1.27414,1.2526,1.23093,1.20914,1.18725,1.16527,1.14322,1.12111,1.09896,1.07678,1.05458,1.03237,1.01016,0.987965,0.96578,0.943614,0.921472,0.899356,0.877264,0.855197,0.833151,0.811123,0.789106,0.767096,0.745083,0.723058,0.701011,0.678931,0.656806,0.634621,0.612362,0.590016,0.567564,0.544991,0.522279,0.499408,0.47636,0.453113,0.429647,0.405937,0.381961,0.357692,0.333104,0.308167,0.282851,0.257123,0.230947,0.204284,0.177093,0.149328,0.12094,0.0918754,0.0620745,0.0314729,0
2,1.98777,1.97551,1.96321,1.95085,1.93843,1.92592,1.91331,1.9006,1.88777,1.8748,1.86169,1.84843,1.835,1.82138,1.80758,1.79358,1.77937,1.76494,1.75028,1.73539,1.72025,1.70485,1.6892,1.67328,1.65709,1.64062,1.62387,1.60684,1.58952,1.57192,1.55403,1.53585,1.51739,1.49866,1.47964,1.46036,1.44082,1.42102,1.40098,1.38071,1.36021,1.33951,1.31861,1.29752,1.27627,1.25487,1.23332,1.21166,1.18988,1.16802,1.14607,1.12406,1.102,1.0799,1.05778,1.03563,1.01348,0.99132,0.969169,0.947027,0.924898,0.902783,0.880683,0.858598,0.836524,0.814458,0.792394,0.770327,0.748249,0.72615,0.704022,0.681853,0.659632,0.637344,0.614978,0.592517,0.569948,0.547252,0.524413,0.501413,0.478233,0.454853,0.431252,0.407407,0.383296,0.358894,0.334174,0.309108,0.283666,0.257817,0.231525,0.204754,0.177462,0.149605,0.121135,0.0919995,0.0621415,0.0314979,0
2,1.9877,1.97538,1.96302,1.95061,1.93813,1.92557,1.91293,1.90018,1.88732,1.87432,1.86119,1.84791,1.83447,1.82085,1.80705,1.79305,1.77885,1.76444,1.74981,1.73494,1.71983,1.70448,1.68888,1.67301,1.65688,1.64048,1.62381,1.60686,1.58963,1.57212,1.55433,1.53626,1.51792,1.4993,1.48041,1.46125,1.44184,1.42218,1.40228,1.38214,1.36179,1.34123,1.32046,1.29952,1.27841,1.25714,1.23572,1.21419,1.19253,1.17078,1.14895,1.12704,1.10507,1.08306,1.06101,1.03893,1.01683,0.99472,0.972605,0.950488,0.928374,0.906263,0.884157,0.862055,0.839954,0.817851,0.795741,0.773618,0.751475,0.729303,0.707093,0.684834,0.662516,0.640125,0.617649,0.595073,0.572382,0.549561,0.526594,0.503462,0.480147,0.45663,0.432891,0.408908,0.384659,0.36012,0.335265,0.310067,0.284497,0.258524,0.232114,0.205231,0.177835,0.149884,0.12133,0.0921236,0.0622079,0.0315223,0
2,1.98763,1.97524,1.96281,1.95034,1.93781,1.92521,1.91252,1.89973,1.88684,1.87382,1.86066,1.84736,1.8339,1.82028,1.80648,1.79249,1.7783,1.7639,1.74929,1.73445,1.71938,1.70407,1.68852,1.67271,1.65664,1.64031,1.62371,1.60685,1.58971,1.57229,1.55461,1.53665,1.51842,1.49992,1.48115,1.46213,1.44285,1.42333,1.40356,1.38357,1.36336,1.34294,1.32232,1.30152,1.28054,1.25941,1.23813,1.21672,1.1952,1.17357,1.15184,1.13004,1.10817,1.08624,1.06427,1.04226,1.02022,0.998159,0.976082,0.953993,0.931896,0.909792,0.887681,0.865564,0.843438,0.821299,0.799143,0.776965,0.754757,0.732511,0.710219,0.687871,0.665454,0.642959,0.620371,0.597678,0.574866,0.551918,0.528819,0.505552,0.4821,0.458444,0.434564,0.41044,0.38605,0.361371,0.336378,0.311044,0.285343,0.259243,0.232712,0.205715,0.178214,0.150166,0.121528,0.0922482,0.0622742,0.0315463,0
2,1.98755,1.97509,1.9626,1.95007,1.93748,1.92483,1.91209,1.89926,1.88633,1.87328,1.8601,1.84678,1.83331,1.81968,1.80587,1.79189,1.77771,1.76333,1.74874,1.73393,1.7189,1.70363,1.68812,1.67237,1.65637,1.64011,1.62359,1.6068,1.58976,1.57244,1.55486,1.53701,1.51889,1.50051,1.48188,1.46298,1.44384,1.42445,1.40483,1.38498,1.36492,1.34464,1.32417,1.30351,1.28268,1.26169,1.24055,1.21927,1.19787,1.17636,1.15475,1.13305,1.11128,1.08945,1.06756,1.04562,1.02364,1.00163,0.979595,0.957536,0.935458,0.913362,0.89125,0.869119,0.846969,0.824796,0.802596,0.780363,0.758091,0.735772,0.713398,0.690959,0.668444,0.645843,0.623144,0.600332,0.577396,0.554319,0.531087,0.507684,0.484092,0.460294,0.436271,0.412003,0.387469,0.362646,0.337512,0.312041,0.286205,0.259976,0.233321,0.206208,0.178598,0.150453,0.121727,0.092374,0.0623407,0.0315701,0
2,1.98747,1.97493,1.96237,1.94978,1.93713,1.92442,1.91164,1.89877,1.8858,1.87272,1.85951,1.84617,1.83269,1.81904,1.80524,1.79125,1.77708,1.76272,1.74815,1.73338,1.71838,1.70315,1.6877,1.672,1.65606,1.63987,1.62343,1.60673,1.58978,1.57256,1.55508,1.53735,1.51935,1.50109,1.48258,1.46382,1.44481,1.42557,1.40609,1.38638,1.36646,1.34634,1.32601,1.3055,1.28481,1.26396,1.24296,1.22182,1.20055,1.17916,1.15767,1.13608,1.11441,1.09267,1.07086,1.049,1.02709,1.00513,0.983138,0.961112,0.939056,0.916971,0.894857,0.872716,0.850543,0.828337,0.806093,0.783807,0.761472,0.73908,0.716624,0.694095,0.671482,0.648775,0.625963,0.603032,0.57997,0.556763,0.533396,0.509854,0.48612,0.462178,0.438009,0.413594,0.388914,0.363946,0.338668,0.313056,0.287083,0.260722,0.233941,0.206709,0.17899,0.150744,0.12193,0.0925015,0.0624079,0.0315941,0
2,1.98739,1.97477,1.96214,1.94948,1.93677,1.924,1.91117,1.89826,1.88525,1.87213,1.8589,1.84553,1.83203,1.81838,1.80457,1.79059,1.77643,1.76208,1.74754,1.73279,1.71783,1.70265,1.68724,1.67161,1.65573,1.63961,1.62325,1.60664,1.58978,1.57266,1.55529,1.53766,1.51978,1.50165,1.48327,1.46464,1.44577,1.42667,1.40733,1.38777,1.368,1.34802,1.32785,1.30748,1.28694,1.26624,1.24538,1.22437,1.20323,1.18197,1.1606,1.13912,1.11756,1.09591,1.07419,1.0524,1.03055,1.00865,0.986707,0.964716,0.942683,0.920611,0.898499,0.876348,0.854155,0.831917,0.809632,0.787293,0.764895,0.742432,0.719895,0.697275,0.674564,0.651751,0.628825,0.605774,0.582586,0.559248,0.535744,0.512062,0.488185,0.464096,0.439779,0.415216,0.390386,0.36527,0.339846,0.314091,0.287978,0.261482,0.234574,0.207221,0.179389,0.151041,0.122137,0.0926314,0.0624763,0.0316185,0
2,1.9873,1.9746,1.96189,1.94916,1.93639,1.92357,1.91068,1.89772,1.88467,1.87152,1.85826,1.84487,1.83135,1.81769,1.80388,1.7899,1.77575,1.76142,1.7469,1.73218,1.71725,1.70212,1.68676,1.67118,1.65537,1.63933,1.62304,1.60652,1.58975,1.57273,1.55547,1.53795,1.52019,1.50219,1.48394,1.46544,1.44671,1.42775,1.40856,1.38915,1.36953,1.3497,1.32967,1.30946,1.28907,1.26851,1.24779,1.22692,1.20591,1.18478,1.16353,1.14216,1.1207,1.09915,1.07752,1.05581,1.03404,1.0122,0.990297,0.968342,0.946336,0.924278,0.90217,0.880011,0.857799,0.835532,0.813206,0.790817,0.768358,0.745823,0.723206,0.700497,0.677688,0.654768,0.631729,0.608557,0.585242,0.561771,0.53813,0.514306,0.490283,0.466047,0.44158,0.416866,0.391885,0.366619,0.341046,0.315145,0.288891,0.262258,0.235218,0.207742,0.179796,0.151344,0.122348,0.0927643,0.0625465,0.0316436,0
2,1.98721,1.97443,1.96164,1.94884,1.936,1.92312,1.91018,1.89717,1.88407,1.87089,1.85759,1.84419,1.83065,1.81698,1.80316,1.78918,1.77504,1.76073,1.74623,1.73154,1.71665,1.70156,1.68625,1.67073,1.65499,1.63902,1.62282,1.60638,1.5897,1.57279,1.55563,1.53823,1.52059,1.50271,1.48459,1.46623,1.44764,1.42882,1.40978,1.39051,1.37104,1.35136,1.33149,1.31142,1.29118,1.27077,1.25019,1.22946,1.20859,1.18758,1.16645,1.14521,1.12386,1.10241,1.08086,1.05924,1.03753,1.01575,0.993901,0.971986,0.950008,0.927967,0.905865,0.8837,0.861472,0.839177,0.816812,0.794373,0.771855,0.74925,0.726553,0.703755,0.680848,0.657823,0.63467,0.611378,0.587935,0.564331,0.540552,0.516584,0.492415,0.468029,0.443411,0.418544,0.39341,0.367992,0.342268,0.316219,0.289821,0.263049,0.235876,0.208275,0.180212,0.151655,0.122565,0.0929008,0.0626188,0.0316696,0
2,1.98712,1.97425,1.96138,1.9485,1.93559,1.92265,1.90965,1.89659,1.88346,1.87023,1.85691,1.84348,1.82992,1.81624,1.80242,1.78844,1.77431,1.76001,1.74553,1.73088,1.71603,1.70098,1.68573,1.67026,1.65459,1.63869,1.62257,1.60622,1.58964,1.57282,1.55577,1.53849,1.52097,1.50321,1.48522,1.467,1.44855,1.42987,1.41098,1.39186,1.37254,1.35301,1.33329,1.31338,1.29328,1.27302,1.25258,1.232,1.21126,1.19038,1.16938,1.14825,1.12701,1.10566,1.08421,1.06266,1.04103,1.01931,0.997516,0.975642,0.953694,0.931673,0.909579,0.887411,0.865167,0.842847,0.820445,0.797958,0.775381,0.752708,0.729933,0.707047,0.684043,0.660913,0.637646,0.614233,0.590663,0.566925,0.543007,0.518896,0.494579,0.470042,0.445271,0.420249,0.394961,0.369388,0.343512,0.317313,0.290769,0.263855,0.236548,0.208819,0.180638,0.151973,0.122787,0.0930416,0.0626938,0.0316969,0
2,1.98702,1.97406,1.96111,1.94815,1.93518,1.92217,1.90912,1.89601,1.88282,1.86956,1.85621,1.84275,1.82918,1.81548,1.80165,1.78768,1.77356,1.75927,1.74482,1.73019,1.71538,1.70038,1.68518,1.66978,1.65416,1.63834,1.6223,1.60604,1.58955,1.57284,1.5559,1.53873,1.52133,1.5037,1.48584,1.46775,1.44944,1.43091,1.41216,1.3932,1.37402,1.35465,1.33508,1.31532,1.29537,1.27525,1.25497,1.23452,1.21392,1.19317,1.17229,1.15128,1.13015,1.1089,1.08755,1.06609,1.04453,1.02288,1.00114,0.979306,0.95739,0.93539,0.913306,0.891137,0.868881,0.846536,0.8241,0.801567,0.778933,0.756193,0.733341,0.710368,0.687269,0.664034,0.640654,0.617121,0.593423,0.569551,0.545493,0.521238,0.496773,0.472084,0.447159,0.421982,0.396537,0.370809,0.344779,0.318428,0.291735,0.264679,0.237234,0.209376,0.181075,0.1523,0.123016,0.0931872,0.0627719,0.0317256,0
2,1.98692,1.97387,1.96083,1.9478,1.93475,1.92168,1.90857,1.8954,1.88218,1.86887,1.85549,1.842,1.82841,1.81471,1.80087,1.7869,1.77279,1.75852,1.74409,1.72949,1.71472,1.69976,1.68461,1.66927,1.65372,1.63798,1.62202,1.60584,1.58945,1.57284,1.55601,1.53895,1.52167,1.50417,1.48644,1.46849,1.45032,1.43193,1.41333,1.39451,1.37549,1.35627,1.33685,1.31724,1.29745,1.27747,1.25733,1.23703,1.21656,1.19595,1.1752,1.15431,1.13329,1.11214,1.09088,1.06951,1.04803,1.02644,1.00476,0.982972,0.961091,0.939114,0.917042,0.894874,0.872608,0.850241,0.827772,0.805195,0.782507,0.759701,0.736773,0.713715,0.690521,0.667182,0.643691,0.620037,0.596213,0.572207,0.54801,0.52361,0.498996,0.474155,0.449075,0.423741,0.398139,0.372253,0.346067,0.319563,0.29272,0.265519,0.237936,0.209946,0.181523,0.152636,0.123253,0.0933383,0.0628535,0.0317562,0
2,1.98682,1.97367,1.96055,1.94744,1.93432,1.92117,1.908,1.89479,1.88151,1.86817,1.85475,1.84124,1.82763,1.81391,1.80007,1.78611,1.772,1.75775,1.74334,1.72877,1.71404,1.69912,1.68403,1.66875,1.65327,1.6376,1.62172,1.60563,1.58934,1.57283,1.5561,1.53916,1.522,1.50463,1.48703,1.46922,1.45118,1.43294,1.41448,1.39582,1.37694,1.35787,1.33861,1.31915,1.2995,1.27968,1.25968,1.23952,1.21919,1.19871,1.17808,1.15731,1.13641,1.11537,1.0942,1.07292,1.05152,1.03,1.00837,0.986635,0.964791,0.94284,0.920782,0.898617,0.876343,0.853957,0.831456,0.808838,0.786097,0.763228,0.740226,0.717084,0.693797,0.670356,0.646753,0.622981,0.59903,0.574891,0.550554,0.52601,0.501247,0.476253,0.451017,0.425525,0.399765,0.373721,0.347378,0.320718,0.293725,0.266377,0.238653,0.21053,0.181982,0.152982,0.123497,0.0934954,0.0629392,0.0317887,0
2,1.98672,1.97347,1.96026,1.94707,1.93387,1.92066,1.90743,1.89416,1.88084,1.86746,1.854,1.84047,1.82684,1.81311,1.79926,1.7853,1.7712,1.75696,1.74258,1.72804,1.71334,1.69848,1.68343,1.66821,1.6528,1.6372,1.62141,1.60541,1.58921,1.5728,1.55619,1.53936,1.52232,1.50507,1.4876,1.46992,1.45203,1.43393,1.41562,1.3971,1.37838,1.35946,1.34034,1.32103,1.30154,1.28186,1.26201,1.24199,1.2218,1.20145,1.18095,1.1603,1.13951,1.11858,1.09751,1.07632,1.05499,1.03355,1.01198,0.990291,0.968486,0.946563,0.924521,0.902362,0.880081,0.857678,0.835149,0.812491,0.789699,0.766769,0.743695,0.720472,0.697092,0.67355,0.649838,0.625947,0.601871,0.5776,0.553124,0.528435,0.503523,0.478376,0.452984,0.427335,0.401415,0.375212,0.34871,0.321895,0.294748,0.267252,0.239386,0.211129,0.182455,0.153338,0.12375,0.093659,0.0630294,0.0318235,0
2,1.98661,1.97327,1.95997,1.94669,1.93342,1.92014,1.90685,1.89352,1.88015,1.86673,1.85324,1.83968,1.82603,1.81229,1.79844,1.78447,1.77038,1.75616,1.74181,1.7273,1.71264,1.69782,1.68283,1.66767,1.65232,1.6368,1.62108,1.60517,1.58907,1.57276,1.55626,1.53954,1.52262,1.5055,1.48816,1.47062,1.45286,1.4349,1.41673,1.39836,1.37979,1.36102,1.34205,1.3229,1.30355,1.28402,1.26432,1.24444,1.22439,1.20417,1.1838,1.16327,1.14259,1.12177,1.1008,1.07969,1.05845,1.03708,1.01557,0.993934,0.97217,0.950277,0.928254,0.906102,0.883818,0.8614,0.838845,0.816149,0.793309,0.770319,0.747176,0.723873,0.700404,0.676762,0.652942,0.628935,0.604734,0.580331,0.555718,0.530885,0.505824,0.480524,0.454976,0.429168,0.403088,0.376725,0.350065,0.323092,0.295792,0.268146,0.240136,0.211742,0.18294,0.153706,0.124013,0.0938298,0.0631244,0.0318607,0
2,1.9865,1.97307,1.95967,1.94631,1.93296,1.91961,1.90625,1.89287,1.87946,1.86599,1.85247,1.83888,1.82521,1.81146,1.7976,1.78364,1.76956,1.75536,1.74102,1.72655,1.71192,1.69715,1.68221,1.66711,1.65183,1.63638,1.62075,1.60493,1.58892,1.57272,1.55631,1.53971,1.52291,1.50591,1.4887,1.47129,1.45368,1.43586,1.41783,1.39961,1.38118,1.36256,1.34375,1.32474,1.30554,1.28616,1.2666,1.24686,1.22694,1.20686,1.18662,1.16621,1.14565,1.12493,1.10406,1.08305,1.06189,1.04059,1.01914,0.997561,0.975839,0.953978,0.931976,0.909834,0.887548,0.865118,0.842539,0.819808,0.796922,0.773876,0.750665,0.727284,0.703727,0.679988,0.656061,0.631939,0.607616,0.583082,0.558332,0.533356,0.508147,0.482695,0.45699,0.431024,0.404785,0.378261,0.351441,0.32431,0.296854,0.269058,0.240903,0.212371,0.18344,0.154086,0.124285,0.0940082,0.0632246,0.0319007,0
2,1.98639,1.97286,1.95937,1.94592,1.93249,1.91908,1.90565,1.89222,1.87875,1.86525,1.85169,1.83808,1.82439,1.81062,1.79676,1.7828,1.76873,1.75454,1.74023,1.72579,1.7112,1.69647,1.68159,1.66655,1.65134,1.63596,1.62041,1.60467,1.58876,1.57266,1.55636,1.53987,1.52319,1.50631,1.48923,1.47195,1.45447,1.43679,1.41891,1.40083,1.38256,1.36408,1.34541,1.32655,1.3075,1.28827,1.26885,1.24925,1.22947,1.20952,1.18941,1.16912,1.14867,1.12806,1.1073,1.08637,1.0653,1.04407,1.02269,1.00116,0.979487,0.95766,0.935682,0.913552,0.891267,0.868827,0.846226,0.823463,0.800534,0.777433,0.754157,0.730701,0.707059,0.683225,0.659193,0.634958,0.610513,0.585851,0.560965,0.535847,0.510491,0.484887,0.459027,0.432902,0.406503,0.379818,0.352838,0.325548,0.297937,0.269989,0.241688,0.213016,0.183953,0.154478,0.124568,0.0941946,0.0633304,0.0319436,0
2,1.98629,1.97265,1.95906,1.94553,1.93202,1.91854,1.90505,1.89156,1.87804,1.8645,1.85091,1.83726,1.82356,1.80977,1.79591,1.78195,1.76789,1.75372,1.73943,1.72502,1.71047,1.69579,1.68096,1.66597,1.65083,1.63553,1.62006,1.60441,1.58859,1.57259,1.5564,1.54002,1.52346,1.5067,1.48974,1.4726,1.45525,1.43771,1.41997,1.40203,1.3839,1.36557,1.34705,1.32834,1.30944,1.29035,1.27107,1.25161,1.23197,1.21215,1.19216,1.172,1.15166,1.13116,1.1105,1.08967,1.06868,1.04752,1.02621,1.00474,0.983111,0.961319,0.939367,0.917251,0.89497,0.872522,0.849903,0.82711,0.80414,0.780987,0.757649,0.73412,0.710394,0.686468,0.662334,0.637988,0.613424,0.588634,0.563614,0.538356,0.512853,0.487098,0.461083,0.434801,0.408242,0.381397,0.354256,0.326807,0.299039,0.270938,0.242489,0.213676,0.184481,0.154883,0.124861,0.0943894,0.0634421,0.0319896,0
2,1.98618,1.97243,1.95876,1.94514,1.93155,1.91799,1.90444,1.89089,1.87733,1.86374,1.85012,1.83645,1.82272,1.80892,1.79505,1.7811,1.76705,1.75289,1.73863,1.72425,1.70974,1.6951,1.68032,1.6654,1.65032,1.63509,1.6197,1.60414,1.58841,1.57251,1.55642,1.54016,1.52371,1.50707,1.49024,1.47322,1.45601,1.43861,1.42101,1.40321,1.38522,1.36704,1.34866,1.3301,1.31134,1.29239,1.27325,1.25393,1.23443,1.21474,1.19488,1.17483,1.15462,1.13422,1.11366,1.09292,1.07202,1.05094,1.0297,1.00829,0.986704,0.96495,0.943025,0.920926,0.898652,0.876198,0.853563,0.830743,0.807735,0.784533,0.761135,0.737536,0.71373,0.689713,0.66548,0.641025,0.616343,0.591429,0.566276,0.540879,0.515231,0.489327,0.463158,0.436719,0.410001,0.382995,0.355693,0.328086,0.300161,0.271906,0.243309,0.214354,0.185024,0.155301,0.125165,0.094593,0.0635599,0.0320388,0
2,1.98606,1.97222,1.95845,1.94474,1.93108,1.91744,1.90383,1.89022,1.87661,1.86298,1.84932,1.83563,1.82188,1.80807,1.7942,1.78024,1.7662,1.75206,1.73782,1.72347,1.709,1.69441,1.67968,1.66482,1.64981,1.63465,1.61934,1.60386,1.58823,1.57242,1.55644,1.54028,1.52395,1.50743,1.49072,1.47383,1.45675,1.43948,1.42202,1.40436,1.38652,1.36848,1.35025,1.33182,1.31321,1.2944,1.2754,1.25622,1.23685,1.21729,1.19755,1.17763,1.15753,1.13724,1.11678,1.09614,1.07532,1.05432,1.03315,1.01179,0.990262,0.968548,0.946653,0.924573,0.902306,0.87985,0.857202,0.834358,0.811314,0.788067,0.764612,0.740945,0.717062,0.692957,0.668627,0.644066,0.619269,0.594232,0.568949,0.543415,0.517624,0.491571,0.46525,0.438655,0.411778,0.384613,0.357151,0.329383,0.301301,0.272892,0.244146,0.215047,0.185582,0.155733,0.125481,0.0948057,0.0636842,0.0320915,0
2,1.98595,1.972,1.95814,1.94434,1.9306,1.91689,1.90322,1.88955,1.87589,1.86222,1.84853,1.8348,1.82104,1.80722,1.79334,1.77939,1.76535,1.75123,1.73702,1.7227,1.70827,1.69372,1.67904,1.66424,1.64929,1.63421,1.61897,1.60358,1.58803,1.57232,1.55644,1.5404,1.52417,1.50777,1.49119,1.47442,1.45747,1.44033,1.42301,1.40549,1.38778,1.36988,1.35179,1.33351,1.31504,1.29637,1.27751,1.25846,1.23923,1.2198,1.20018,1.18038,1.16039,1.14022,1.11986,1.09931,1.07858,1.05766,1.03655,1.01526,0.993779,0.972108,0.950244,0.928185,0.905929,0.883474,0.860815,0.837949,0.814873,0.791582,0.768074,0.744342,0.720385,0.696196,0.671771,0.647107,0.622198,0.59704,0.571629,0.54596,0.520029,0.493829,0.467357,0.440607,0.413572,0.386248,0.358626,0.3307,0.30246,0.273897,0.245,0.215758,0.186155,0.156178,0.125808,0.0950277,0.0638152,0.0321476,0
2,1.98584,1.97179,1.95783,1.94394,1.93012,1.91635,1.9026,1.88889,1.87517,1.86146,1.84774,1.83398,1.8202,1.80637,1.79248,1.77853,1.76451,1.75041,1.73621,1.72192,1.70753,1.69302,1.6784,1.66365,1.64877,1.63376,1.6186,1.60329,1.58783,1.57222,1.55644,1.5405,1.52438,1.5081,1.49164,1.47499,1.45817,1.44116,1.42397,1.40659,1.38902,1.37126,1.35331,1.33516,1.31683,1.2983,1.27958,1.26066,1.24156,1.22226,1.20277,1.18308,1.16321,1.14314,1.12288,1.10243,1.08178,1.06094,1.03991,1.01868,0.997252,0.975624,0.953793,0.931758,0.909516,0.887063,0.864396,0.841511,0.818406,0.795075,0.771516,0.747724,0.723694,0.699424,0.674908,0.650143,0.625125,0.59985,0.574314,0.548512,0.522442,0.496098,0.469476,0.442573,0.415382,0.3879,0.360119,0.332034,0.303637,0.274919,0.245872,0.216484,0.186744,0.156636,0.126147,0.0952593,0.063953,0.0322075,0
2,1.98573,1.97157,1.95752,1.94355,1.92964,1.9158,1.90199,1.88822,1.87446,1.8607,1.84694,1.83316,1.81936,1.80552,1.79163,1.77768,1.76367,1.74958,1.73541,1.72115,1.70679,1.69233,1.67776,1.66307,1.64825,1.63331,1.61822,1.603,1.58763,1.57211,1.55643,1.54059,1.52458,1.50841,1.49207,1.47555,1.45885,1.44197,1.42491,1.40766,1.39022,1.3726,1.35479,1.33678,1.31858,1.30019,1.2816,1.26282,1.24384,1.22467,1.2053,1.18573,1.16597,1.14601,1.12585,1.1055,1.08494,1.06418,1.04322,1.02205,1.00067,0.979092,0.957297,0.935287,0.91306,0.890612,0.86794,0.84504,0.821908,0.798541,0.774934,0.751084,0.726986,0.702638,0.678034,0.653172,0.628048,0.602658,0.576999,0.551068,0.524861,0.498375,0.471606,0.444551,0.417206,0.389567,0.361628,0.333385,0.304831,0.275959,0.246761,0.217227,0.187347,0.157109,0.126499,0.0955005,0.0640977,0.0322711,0
2,1.98562,1.97136,1.95721,1.94315,1.92917,1.91525,1.90138,1.88755,1.87374,1.85995,1.84615,1.83235,1.81852,1.80467,1.79077,1.77683,1.76283,1.74875,1.73461,1.72038,1.70606,1.69164,1.67712,1.66248,1.64773,1.63285,1.61785,1.6027,1.58742,1.57199,1.55641,1.54067,1.52477,1.50871,1.49248,1.47608,1.4595,1.44275,1.42582,1.4087,1.3914,1.37391,1.35622,1.33835,1.32029,1.30203,1.28357,1.26492,1.24607,1.22702,1.20778,1.18833,1.16868,1.14882,1.12877,1.1085,1.08803,1.06735,1.04646,1.02536,1.00404,0.982506,0.960748,0.938766,0.916557,0.894117,0.871442,0.848529,0.825374,0.801973,0.778322,0.754417,0.730255,0.705832,0.681144,0.656188,0.630961,0.60546,0.579682,0.553624,0.527283,0.500658,0.473744,0.44654,0.419042,0.391248,0.363152,0.334752,0.306041,0.277015,0.247666,0.217986,0.187966,0.157595,0.126862,0.0957515,0.0642495,0.0323385,0
2,1.98551,1.97115,1.9569,1.94276,1.9287,1.91471,1.90078,1.88689,1.87303,1.8592,1.84537,1.83154,1.8177,1.80383,1.78993,1.77599,1.76199,1.74794,1.73381,1.71961,1.70533,1.69095,1.67648,1.6619,1.64721,1.6324,1.61747,1.6024,1.5872,1.57186,1.55637,1.54074,1.52494,1.50899,1.49287,1.47659,1.46013,1.4435,1.4267,1.40971,1.39253,1.37517,1.35762,1.33988,1.32195,1.30382,1.2855,1.26697,1.24825,1.22932,1.2102,1.19086,1.17132,1.15157,1.13162,1.11145,1.09107,1.07047,1.04965,1.02861,1.00735,0.985862,0.964143,0.942191,0.920002,0.897572,0.874897,0.851975,0.828799,0.805368,0.781676,0.75772,0.733497,0.709002,0.684234,0.659188,0.633861,0.608252,0.582358,0.556176,0.529705,0.502943,0.475887,0.448536,0.420888,0.39294,0.364689,0.336133,0.307267,0.278087,0.248587,0.21876,0.188599,0.158095,0.127237,0.0960123,0.0644084,0.0324098,0
2,1.9854,1.97094,1.9566,1.94237,1.92823,1.91417,1.90017,1.88623,1.87233,1.85845,1.84459,1.83074,1.81687,1.80299,1.78909,1.77515,1.76116,1.74712,1.73302,1.71885,1.70461,1.69027,1.67585,1.66132,1.64669,1.63194,1.61708,1.6021,1.58698,1.57173,1.55633,1.54079,1.5251,1.50926,1.49325,1.47708,1.46074,1.44423,1.42755,1.41068,1.39363,1.3764,1.35898,1.34137,1.32357,1.30557,1.28737,1.26897,1.25037,1.23156,1.21255,1.19333,1.1739,1.15426,1.1344,1.11433,1.09403,1.07351,1.05277,1.0318,1.01059,0.989154,0.967476,0.945555,0.923389,0.900971,0.8783,0.85537,0.832177,0.808719,0.784989,0.760986,0.736705,0.712144,0.687298,0.662165,0.636744,0.61103,0.585024,0.558722,0.532124,0.505228,0.478033,0.450537,0.422741,0.394641,0.366237,0.337527,0.308506,0.279173,0.249523,0.21955,0.189247,0.158608,0.127624,0.0962829,0.0645744,0.032485,0
2,1.98529,1.97073,1.9563,1.94198,1.92776,1.91364,1.89958,1.88558,1.87163,1.85771,1.84382,1.82994,1.81606,1.80217,1.78826,1.77432,1.76034,1.74632,1.73224,1.7181,1.70389,1.68959,1.67521,1.66074,1.64617,1.63149,1.6167,1.60179,1.58675,1.57158,1.55628,1.54084,1.52525,1.5095,1.49361,1.47755,1.46132,1.44493,1.42836,1.41162,1.3947,1.37759,1.3603,1.34281,1.32513,1.30726,1.28918,1.27091,1.25243,1.23374,1.21485,1.19574,1.17642,1.15688,1.13712,1.11714,1.09693,1.07649,1.05582,1.03491,1.01377,0.992378,0.970742,0.948855,0.926712,0.90431,0.881644,0.85871,0.835504,0.812021,0.788258,0.764211,0.739876,0.715251,0.690332,0.665117,0.639604,0.61379,0.587675,0.561257,0.534535,0.507508,0.480177,0.452541,0.424599,0.396351,0.367795,0.338932,0.309759,0.280273,0.250473,0.220353,0.189909,0.159134,0.128022,0.0965632,0.0647476,0.0325641,0
2,1.98518,1.97052,1.956,1.9416,1.92731,1.91311,1.89899,1.88494,1.87094,1.85699,1.84306,1.82915,1.81525,1.80135,1.78744,1.7735,1.75953,1.74552,1.73147,1.71735,1.70317,1.68892,1.67459,1.66017,1.64565,1.63104,1.61631,1.60148,1.58652,1.57144,1.55622,1.54087,1.52538,1.50973,1.49394,1.47799,1.46188,1.4456,1.42915,1.41253,1.39572,1.37874,1.36156,1.3442,1.32665,1.3089,1.29094,1.27279,1.25443,1.23586,1.21707,1.19808,1.17886,1.15942,1.13976,1.11987,1.09975,1.07939,1.05879,1.03795,1.01687,0.995529,0.973937,0.952084,0.929968,0.907583,0.884925,0.86199,0.838772,0.815269,0.791475,0.767388,0.743004,0.718319,0.693331,0.668037,0.642436,0.616527,0.590307,0.563776,0.536934,0.509782,0.482318,0.454544,0.426459,0.398065,0.36936,0.340346,0.311022,0.281386,0.251436,0.22117,0.190584,0.159673,0.128432,0.096853,0.0649279,0.0326471,0
2,1.98508,1.97032,1.9557,1.94122,1.92685,1.91259,1.89841,1.8843,1.87026,1.85627,1.84231,1.82838,1.81446,1.80055,1.78663,1.77269,1.75873,1.74474,1.7307,1.71662,1.70247,1.68825,1.67397,1.6596,1.64514,1.63058,1.61593,1.60116,1.58628,1.57128,1.55615,1.54089,1.52549,1.50995,1.49426,1.47841,1.46241,1.44624,1.4299,1.41339,1.39671,1.37984,1.36279,1.34555,1.32811,1.31048,1.29264,1.27461,1.25636,1.2379,1.21923,1.20034,1.18123,1.16189,1.14233,1.12253,1.10249,1.08221,1.06169,1.04091,1.01989,0.998603,0.977055,0.955239,0.933151,0.910785,0.888137,0.865203,0.841978,0.818457,0.794637,0.770513,0.746082,0.721342,0.696289,0.670921,0.645237,0.619235,0.592915,0.566276,0.539319,0.512044,0.484451,0.456542,0.428319,0.399781,0.370931,0.341768,0.312294,0.282509,0.252411,0.221999,0.191272,0.160224,0.128853,0.0971521,0.0651151,0.032734,0
2,1.98497,1.97012,1.95541,1.94085,1.92641,1.91208,1.89784,1.88368,1.86959,1.85556,1.84157,1.82761,1.81368,1.79975,1.78583,1.7719,1.75794,1.74396,1.72995,1.71589,1.70177,1.6876,1.67335,1.65903,1.64463,1.63013,1.61554,1.60085,1.58604,1.57112,1.55607,1.5409,1.52559,1.51014,1.49455,1.47881,1.46291,1.44685,1.43062,1.41423,1.39765,1.3809,1.36396,1.34684,1.32952,1.312,1.29428,1.27636,1.25823,1.23988,1.22132,1.20253,1.18352,1.16429,1.14481,1.1251,1.10515,1.08495,1.0645,1.04379,1.02283,1.00159,0.980092,0.958313,0.936255,0.913911,0.891276,0.868346,0.845115,0.82158,0.797736,0.77358,0.749107,0.724315,0.699201,0.673764,0.648001,0.621912,0.595496,0.568753,0.541684,0.51429,0.486573,0.458534,0.430174,0.401497,0.372503,0.343195,0.313574,0.283641,0.253397,0.22284,0.191971,0.160787,0.129285,0.0974604,0.0653091,0.0328247,0
2,1.98487,1.96992,1.95513,1.94049,1.92597,1.91157,1.89728,1.88307,1.86893,1.85486,1.84084,1.82686,1.81291,1.79897,1.78504,1.77111,1.75717,1.7432,1.72921,1.71517,1.70109,1.68695,1.67275,1.65847,1.64412,1.62968,1.61515,1.60053,1.58579,1.57095,1.55598,1.5409,1.52568,1.51032,1.49483,1.47918,1.46338,1.44743,1.43131,1.41502,1.39856,1.38192,1.36509,1.34808,1.33087,1.31347,1.29586,1.27805,1.26003,1.24179,1.22333,1.20465,1.18574,1.1666,1.14722,1.12759,1.10772,1.0876,1.06722,1.04658,1.02568,1.0045,0.983043,0.961303,0.939276,0.916955,0.894335,0.871412,0.848179,0.824633,0.800769,0.776583,0.752072,0.727233,0.702063,0.67656,0.650722,0.62455,0.598043,0.571201,0.544025,0.516518,0.48868,0.460514,0.432023,0.403209,0.374076,0.344625,0.314859,0.284781,0.254391,0.223691,0.192681,0.16136,0.129726,0.0977774,0.0655099,0.0329192,0
2,1.98477,1.96973,1.95485,1.94013,1.92554,1.91108,1.89673,1.88247,1.86829,1.85418,1.84013,1.82613,1.81215,1.79821,1.78427,1.77034,1.75641,1.74245,1.72848,1.71446,1.70041,1.68631,1.67215,1.65792,1.64362,1.62924,1.61477,1.60021,1.58554,1.57077,1.55589,1.54088,1.52575,1.51048,1.49508,1.47953,1.46383,1.44797,1.43196,1.41577,1.39942,1.38288,1.36617,1.34926,1.33217,1.31487,1.29738,1.27967,1.26176,1.24362,1.22527,1.20669,1.18787,1.16882,1.14953,1.13,1.11021,1.09017,1.06986,1.04929,1.02844,1.00731,0.985904,0.964204,0.942209,0.919913,0.897311,0.874396,0.851164,0.82761,0.803729,0.779518,0.754973,0.73009,0.704868,0.679304,0.653397,0.627146,0.600552,0.573616,0.546338,0.518721,0.490768,0.46248,0.433861,0.404915,0.375645,0.346055,0.316148,0.285926,0.255394,0.224551,0.193401,0.161943,0.130177,0.0981027,0.065717,0.0330173,0
2,1.98467,1.96954,1.95458,1.93978,1.92512,1.9106,1.89619,1.88188,1.86766,1.85351,1.83943,1.8254,1.81142,1.79746,1.78352,1.76959,1.75566,1.74172,1.72776,1.71377,1.69975,1.68568,1.67156,1.65737,1.64312,1.6288,1.61439,1.59989,1.58529,1.57059,1.55578,1.54085,1.5258,1.51062,1.49531,1.47985,1.46425,1.44849,1.43257,1.41649,1.40024,1.38381,1.3672,1.3504,1.33341,1.31622,1.29883,1.28123,1.26341,1.24538,1.22713,1.20864,1.18992,1.17097,1.15177,1.13231,1.1126,1.09264,1.0724,1.05189,1.0311,1.01003,0.988671,0.967012,0.945051,0.922781,0.900197,0.877294,0.854065,0.830506,0.806612,0.782379,0.757803,0.732881,0.707611,0.68199,0.656018,0.629694,0.603019,0.575993,0.548618,0.520897,0.492832,0.464427,0.435685,0.406611,0.377209,0.347482,0.317437,0.287075,0.256401,0.225419,0.194129,0.162535,0.130637,0.0984359,0.0659303,0.033119,0
2,1.98458,1.96936,1.95431,1.93944,1.92472,1.91013,1.89566,1.8813,1.86704,1.85286,1.83875,1.8247,1.81069,1.79673,1.78278,1.76885,1.75493,1.741,1.72706,1.71309,1.69909,1.68506,1.67097,1.65683,1.64263,1.62836,1.614,1.59957,1.58503,1.5704,1.55567,1.54082,1.52585,1.51075,1.49552,1.48015,1.46464,1.44898,1.43315,1.41717,1.40101,1.38469,1.36818,1.35148,1.33459,1.3175,1.30021,1.28271,1.265,1.24707,1.22891,1.21052,1.19189,1.17302,1.15391,1.13454,1.11491,1.09501,1.07484,1.0544,1.03367,1.01265,0.99134,0.969722,0.947795,0.925554,0.90299,0.8801,0.856877,0.833315,0.809411,0.78516,0.760557,0.7356,0.710287,0.684614,0.658582,0.63219,0.605438,0.578327,0.55086,0.52304,0.494868,0.466351,0.437491,0.408293,0.378763,0.348904,0.318724,0.288225,0.257413,0.226292,0.194865,0.163135,0.131105,0.0987765,0.0661494,0.0332241,0
2,1.98449,1.96918,1.95406,1.93911,1.92432,1.90967,1.89515,1.88075,1.86644,1.85223,1.83809,1.82401,1.80999,1.79601,1.78206,1.76813,1.75421,1.7403,1.72637,1.71243,1.69846,1.68445,1.6704,1.65631,1.64215,1.62792,1.61362,1.59924,1.58478,1.57021,1.55554,1.54077,1.52587,1.51086,1.49571,1.48043,1.465,1.44943,1.4337,1.41781,1.40175,1.38552,1.3691,1.3525,1.33571,1.31872,1.30153,1.28413,1.26651,1.24867,1.23061,1.21231,1.19377,1.17499,1.15596,1.13666,1.11711,1.09729,1.07719,1.05681,1.03614,1.01517,0.993907,0.972331,0.95044,0.928227,0.905685,0.88281,0.859595,0.836034,0.812123,0.787856,0.763231,0.738243,0.71289,0.68717,0.661082,0.634627,0.607803,0.580613,0.55306,0.525145,0.496873,0.468248,0.439274,0.409958,0.380304,0.350318,0.320006,0.289374,0.258426,0.227169,0.195606,0.163742,0.131581,0.0991239,0.066374,0.0333324,0
2,1.9844,1.96901,1.95381,1.93879,1.92393,1.90923,1.89465,1.8802,1.86586,1.85161,1.83744,1.82335,1.80931,1.79532,1.78136,1.76743,1.75352,1.73961,1.7257,1.71178,1.69783,1.68386,1.66985,1.65579,1.64167,1.6275,1.61325,1.59893,1.58452,1.57002,1.55541,1.54071,1.52589,1.51095,1.49588,1.48068,1.46534,1.44985,1.43421,1.41841,1.40244,1.3863,1.36998,1.35347,1.33678,1.31988,1.30278,1.28547,1.26795,1.2502,1.23223,1.21401,1.19556,1.17686,1.15791,1.1387,1.11922,1.09947,1.07943,1.05911,1.0385,1.01759,0.996369,0.974835,0.952979,0.930796,0.908278,0.88542,0.862215,0.838657,0.814741,0.790463,0.765818,0.740803,0.715415,0.689653,0.663514,0.637,0.61011,0.582846,0.555211,0.527208,0.498841,0.470113,0.441032,0.411601,0.381829,0.351719,0.32128,0.290518,0.259439,0.228048,0.196352,0.164355,0.132062,0.0994772,0.0666036,0.0334438,0
2,1.98431,1.96884,1.95357,1.93848,1.92356,1.9088,1.89417,1.87968,1.8653,1.85101,1.83682,1.8227,1.80864,1.79464,1.78068,1.76675,1.75284,1.73895,1.72505,1.71115,1.69723,1.68328,1.6693,1.65528,1.64121,1.62708,1.61288,1.59861,1.58426,1.56982,1.55528,1.54064,1.52589,1.51102,1.49603,1.48091,1.46565,1.45024,1.43469,1.41897,1.40309,1.38704,1.37081,1.35439,1.33778,1.32098,1.30397,1.28675,1.26931,1.25165,1.23376,1.21564,1.19727,1.17865,1.15977,1.14063,1.12123,1.10154,1.08157,1.06131,1.04076,1.0199,0.998724,0.977231,0.955411,0.933259,0.910765,0.887925,0.864732,0.841179,0.817262,0.792975,0.768314,0.743276,0.717857,0.692057,0.665872,0.639304,0.612354,0.585021,0.55731,0.529224,0.500767,0.471943,0.442759,0.41322,0.383333,0.353106,0.322544,0.291656,0.260448,0.228927,0.197099,0.164971,0.132548,0.0998358,0.0668376,0.0335579,0
2,1.98423,1.96868,1.95333,1.93818,1.9232,1.90838,1.89371,1.87917,1.86475,1.85044,1.83621,1.82207,1.808,1.79399,1.78002,1.76609,1.75219,1.7383,1.72442,1.71053,1.69663,1.68272,1.66877,1.65478,1.64075,1.62666,1.61251,1.59829,1.584,1.56961,1.55514,1.54056,1.52588,1.51108,1.49616,1.48112,1.46593,1.4506,1.43513,1.41949,1.4037,1.38773,1.37158,1.35525,1.33873,1.32201,1.30509,1.28795,1.2706,1.25302,1.23522,1.21717,1.19888,1.18034,1.16154,1.14247,1.12313,1.10351,1.08361,1.06341,1.04291,1.02209,1.00097,0.979516,0.957732,0.935611,0.913143,0.890322,0.867142,0.843597,0.819681,0.795388,0.770715,0.745657,0.720211,0.694377,0.668151,0.641535,0.614528,0.587133,0.559352,0.531188,0.502646,0.473732,0.44445,0.414809,0.384814,0.354473,0.323793,0.292784,0.261451,0.229803,0.197847,0.16559,0.133039,0.100199,0.0670757,0.0336746,0
2,1.98415,1.96852,1.95311,1.93789,1.92285,1.90798,1.89326,1.87868,1.86423,1.84988,1.83563,1.82147,1.80738,1.79336,1.77939,1.76546,1.75156,1.73768,1.72381,1.70994,1.69606,1.68217,1.66825,1.6543,1.6403,1.62626,1.61215,1.59798,1.58374,1.56941,1.55499,1.54048,1.52586,1.51113,1.49628,1.4813,1.46619,1.45094,1.43554,1.41998,1.40426,1.38837,1.37231,1.35606,1.33962,1.32298,1.30614,1.28909,1.27181,1.25432,1.23659,1.21862,1.2004,1.18193,1.16321,1.14421,1.12493,1.10538,1.08553,1.06539,1.04494,1.02418,1.0031,0.981687,0.959939,0.937849,0.915407,0.892607,0.869442,0.845906,0.821993,0.797697,0.773014,0.747941,0.722473,0.696608,0.670346,0.643686,0.616629,0.589176,0.56133,0.533095,0.504475,0.475475,0.446102,0.416364,0.386266,0.355817,0.325025,0.293898,0.262445,0.230674,0.198593,0.16621,0.133531,0.100565,0.0673169,0.0337934,0
2,1.98407,1.96837,1.95289,1.93762,1.92252,1.9076,1.89284,1.87821,1.86372,1.84935,1.83507,1.82089,1.80679,1.79275,1.77878,1.76484,1.75095,1.73707,1.72322,1.70936,1.69551,1.68164,1.66775,1.65383,1.63987,1.62586,1.6118,1.59768,1.58348,1.5692,1.55484,1.54039,1.52583,1.51116,1.49637,1.48146,1.46642,1.45124,1.43591,1.42043,1.40478,1.38897,1.37298,1.35681,1.34045,1.32389,1.30712,1.29015,1.27295,1.25553,1.23788,1.21998,1.20184,1.18344,1.16478,1.14584,1.12663,1.10714,1.08735,1.06726,1.04687,1.02615,1.00511,0.983742,0.96203,0.93997,0.917555,0.894776,0.871628,0.848103,0.824195,0.799899,0.775209,0.750123,0.724636,0.698746,0.672452,0.645753,0.61865,0.591145,0.56324,0.534939,0.506246,0.477168,0.44771,0.41788,0.387685,0.357134,0.326235,0.294996,0.263428,0.231538,0.199335,0.166828,0.134025,0.100933,0.0675607,0.0339141,0
2,1.984,1.96823,1.95269,1.93735,1.92221,1.90724,1.89243,1.87777,1.86324,1.84883,1.83454,1.82034,1.80622,1.79217,1.77819,1.76426,1.75036,1.7365,1.72265,1.70881,1.69498,1.68113,1.66727,1.65338,1.63945,1.62548,1.61146,1.59738,1.58323,1.569,1.55469,1.54029,1.52579,1.51118,1.49645,1.48161,1.46663,1.45151,1.43625,1.42084,1.40527,1.38953,1.37361,1.35751,1.34122,1.32474,1.30804,1.29114,1.27402,1.25667,1.23908,1.22126,1.20318,1.18485,1.16625,1.14738,1.12823,1.10879,1.08906,1.06902,1.04868,1.02801,1.00701,0.985678,0.964002,0.941973,0.919584,0.896827,0.873696,0.850183,0.826283,0.801988,0.777295,0.752199,0.726697,0.700786,0.674464,0.647731,0.620588,0.593035,0.565077,0.536716,0.507956,0.478805,0.449268,0.419353,0.389067,0.358419,0.327419,0.296074,0.264395,0.23239,0.20007,0.167443,0.134518,0.101303,0.0678062,0.0340362,0
2,1.98393,1.9681,1.9525,1.9371,1.92191,1.90689,1.89204,1.87734,1.86278,1.84835,1.83403,1.81981,1.80568,1.79162,1.77763,1.76369,1.7498,1.73594,1.72211,1.70828,1.69447,1.68064,1.6668,1.65294,1.63905,1.62511,1.61113,1.59708,1.58298,1.5688,1.55454,1.54019,1.52574,1.51118,1.49652,1.48173,1.46681,1.45176,1.43657,1.42122,1.40571,1.39004,1.37419,1.35816,1.34194,1.32552,1.3089,1.29206,1.27501,1.25772,1.24021,1.22244,1.20443,1.18616,1.16762,1.14881,1.12972,1.11034,1.09066,1.07067,1.05037,1.02975,1.00879,0.987495,0.965852,0.943854,0.921491,0.898757,0.875644,0.852145,0.828253,0.803962,0.779268,0.754166,0.728651,0.702722,0.676377,0.649615,0.622436,0.594842,0.566835,0.538419,0.5096,0.480382,0.450772,0.420778,0.390407,0.359669,0.328573,0.297127,0.265343,0.233229,0.200795,0.168052,0.135007,0.101671,0.0680524,0.0341593,0
2,1.98386,1.96797,1.95231,1.93687,1.92162,1.90656,1.89167,1.87694,1.86235,1.84789,1.83354,1.81931,1.80516,1.7911,1.7771,1.76316,1.74927,1.73542,1.72159,1.70778,1.69398,1.68017,1.66636,1.65252,1.63866,1.62475,1.6108,1.5968,1.58274,1.5686,1.55438,1.54008,1.52568,1.51118,1.49657,1.48184,1.46698,1.45199,1.43685,1.42156,1.40612,1.39051,1.37472,1.35876,1.3426,1.32625,1.30969,1.29292,1.27592,1.2587,1.24125,1.22355,1.20559,1.18738,1.1689,1.15015,1.13111,1.11178,1.09214,1.0722,1.05195,1.03137,1.01045,0.98919,0.967581,0.945611,0.923275,0.900563,0.877469,0.853984,0.830102,0.805817,0.781124,0.756018,0.730495,0.704552,0.678187,0.651399,0.624189,0.596558,0.568509,0.540045,0.511171,0.481892,0.452216,0.422149,0.3917,0.360878,0.329692,0.298152,0.266268,0.23405,0.201508,0.168652,0.135492,0.102038,0.0682982,0.0342827,0
2,1.9838,1.96785,1.95214,1.93664,1.92135,1.90625,1.89132,1.87656,1.86194,1.84745,1.83309,1.81883,1.80467,1.7906,1.7766,1.76266,1.74877,1.73492,1.7211,1.7073,1.69352,1.67973,1.66593,1.65212,1.63829,1.62441,1.6105,1.59653,1.5825,1.5684,1.55423,1.53997,1.52562,1.51117,1.49661,1.48193,1.46712,1.45218,1.4371,1.42187,1.40649,1.39094,1.37521,1.3593,1.34321,1.32691,1.31041,1.2937,1.27677,1.25961,1.24221,1.22456,1.20667,1.18851,1.17008,1.15138,1.13239,1.11311,1.09352,1.07362,1.05341,1.03287,1.01199,0.990763,0.969185,0.947244,0.924933,0.902244,0.879168,0.855698,0.831828,0.80755,0.78286,0.757752,0.732223,0.706269,0.679888,0.65308,0.625844,0.598181,0.570094,0.541587,0.512664,0.483331,0.453594,0.423461,0.392941,0.362041,0.330772,0.299144,0.267166,0.234849,0.202204,0.169241,0.13597,0.1024,0.0685425,0.034406,0
2,1.98375,1.96774,1.95198,1.93644,1.9211,1.90596,1.891,1.8762,1.86155,1.84705,1.83266,1.81839,1.80422,1.79013,1.77613,1.76218,1.7483,1.73445,1.72064,1.70685,1.69308,1.67931,1.66554,1.65175,1.63793,1.62409,1.6102,1.59627,1.58227,1.56822,1.55408,1.53986,1.52556,1.51115,1.49663,1.482,1.46725,1.45236,1.43733,1.42215,1.40682,1.39132,1.37565,1.3598,1.34376,1.32752,1.31108,1.29442,1.27754,1.26043,1.24309,1.22549,1.20765,1.18954,1.17116,1.15251,1.13357,1.11433,1.09478,1.07493,1.05475,1.03425,1.0134,0.992211,0.970663,0.94875,0.926464,0.903797,0.880739,0.857285,0.833427,0.809158,0.784472,0.759365,0.733832,0.707871,0.681477,0.654652,0.627394,0.599704,0.571585,0.543041,0.514075,0.484693,0.454902,0.424709,0.394123,0.363153,0.331807,0.300097,0.268032,0.235623,0.202881,0.169815,0.136437,0.102757,0.0687837,0.0345283,0
2,1.98369,1.96764,1.95183,1.93624,1.92087,1.90569,1.8907,1.87587,1.8612,1.84667,1.83226,1.81798,1.80379,1.7897,1.77569,1.76174,1.74786,1.73402,1.72021,1.70643,1.69267,1.67892,1.66516,1.65139,1.6376,1.62378,1.60993,1.59602,1.58206,1.56803,1.55394,1.53976,1.52549,1.51112,1.49665,1.48206,1.46735,1.45251,1.43753,1.4224,1.40712,1.39167,1.37605,1.36025,1.34426,1.32807,1.31168,1.29507,1.27824,1.26118,1.24389,1.22634,1.20854,1.19048,1.17215,1.15354,1.13464,1.11544,1.09594,1.07612,1.05598,1.03551,1.0147,0.993536,0.972016,0.950129,0.927867,0.90522,0.882181,0.858742,0.834897,0.810637,0.785958,0.760853,0.735319,0.709352,0.68295,0.656111,0.628835,0.601123,0.572976,0.544399,0.515396,0.485972,0.456133,0.425887,0.395242,0.364207,0.332792,0.301007,0.268861,0.236367,0.203533,0.170371,0.136892,0.103105,0.0690204,0.0346489,0
2,1.98364,1.96755,1.95169,1.93607,1.92066,1.90545,1.89042,1.87557,1.86087,1.84632,1.8319,1.8176,1.8034,1.7893,1.77528,1.76134,1.74745,1.73361,1.71981,1.70605,1.6923,1.67855,1.66481,1.65106,1.63729,1.6235,1.60967,1.59579,1.58186,1.56786,1.5538,1.53965,1.52542,1.51109,1.49666,1.48211,1.46744,1.45264,1.43771,1.42262,1.40738,1.39198,1.37641,1.36065,1.34471,1.32856,1.31222,1.29566,1.27887,1.26186,1.24461,1.22711,1.20935,1.19133,1.17304,1.15447,1.1356,1.11644,1.09698,1.0772,1.05709,1.03665,1.01587,0.994735,0.973241,0.951379,0.929139,0.906512,0.883491,0.860068,0.836235,0.811986,0.787313,0.762213,0.73668,0.71071,0.684302,0.657452,0.630162,0.602431,0.574262,0.545658,0.516623,0.487161,0.45728,0.426987,0.39629,0.365198,0.333721,0.301867,0.269648,0.237075,0.204156,0.170905,0.13733,0.103442,0.0692508,0.034767,0
2,1.9836,1.96746,1.95157,1.93591,1.92046,1.90522,1.89017,1.87529,1.86057,1.846,1.83157,1.81725,1.80305,1.78894,1.77491,1.76097,1.74708,1.73324,1.71945,1.70569,1.69195,1.67822,1.66449,1.65076,1.63701,1.62324,1.60943,1.59557,1.58167,1.5677,1.55367,1.53955,1.52535,1.51106,1.49666,1.48215,1.46752,1.45276,1.43786,1.42282,1.40762,1.39225,1.37672,1.36101,1.3451,1.329,1.3127,1.29618,1.27943,1.26246,1.24525,1.22779,1.21007,1.19209,1.17383,1.1553,1.13647,1.11734,1.09791,1.07816,1.05808,1.03767,1.01692,0.995808,0.974339,0.952499,0.93028,0.907673,0.884669,0.861261,0.83744,0.813201,0.788537,0.763442,0.737911,0.711941,0.685528,0.658672,0.631371,0.603625,0.575438,0.546811,0.517748,0.488256,0.458339,0.428005,0.397263,0.36612,0.334586,0.302672,0.270387,0.237742,0.204746,0.171412,0.137748,0.103765,0.0694728,0.0348814,0
2,1.98356,1.96738,1.95145,1.93576,1.92029,1.90502,1.88994,1.87504,1.8603,1.84572,1.83127,1.81694,1.80273,1.78861,1.77458,1.76063,1.74674,1.73291,1.71912,1.70537,1.69164,1.67792,1.66421,1.65049,1.63675,1.623,1.60921,1.59538,1.58149,1.56755,1.55354,1.53946,1.52529,1.51102,1.49666,1.48218,1.46758,1.45285,1.43799,1.42298,1.40782,1.39249,1.37699,1.36132,1.34545,1.32939,1.31312,1.29663,1.27993,1.26299,1.24581,1.22838,1.2107,1.19275,1.17453,1.15603,1.13723,1.11813,1.09873,1.07901,1.05896,1.03857,1.01784,0.996756,0.975309,0.95349,0.93129,0.9087,0.885712,0.862318,0.83851,0.814281,0.789625,0.764536,0.739009,0.71304,0.686626,0.659764,0.632456,0.604699,0.576497,0.547852,0.518767,0.489249,0.459302,0.428933,0.398151,0.366965,0.335383,0.303415,0.271071,0.238362,0.205297,0.171887,0.138142,0.104071,0.0696842,0.0349909,0
2,1.98352,1.96731,1.95136,1.93563,1.92013,1.90484,1.88974,1.87482,1.86007,1.84547,1.831,1.81667,1.80244,1.78832,1.77429,1.76034,1.74645,1.73262,1.71883,1.70508,1.69136,1.67765,1.66395,1.65024,1.63652,1.62278,1.60901,1.5952,1.58134,1.56742,1.55343,1.53937,1.52522,1.51099,1.49665,1.4822,1.46763,1.45293,1.4381,1.42312,1.40799,1.39269,1.37723,1.36158,1.34575,1.32972,1.31348,1.29703,1.28035,1.26344,1.2463,1.2289,1.21125,1.19333,1.17513,1.15666,1.13789,1.11882,1.09944,1.07974,1.05971,1.03935,1.01864,0.997578,0.97615,0.95435,0.932167,0.909593,0.88662,0.863239,0.839443,0.815224,0.790576,0.765494,0.739971,0.714004,0.68759,0.660726,0.633412,0.605648,0.577435,0.548775,0.519673,0.490133,0.460161,0.429764,0.39895,0.367726,0.336102,0.304088,0.271693,0.238928,0.205802,0.172325,0.138506,0.104356,0.0698823,0.0350943,0
2,1.98349,1.96725,1.95127,1.93552,1.92,1.90469,1.88957,1.87463,1.85986,1.84525,1.83078,1.81643,1.8022,1.78807,1.77404,1.76008,1.74619,1.73237,1.71858,1.70484,1.69112,1.67742,1.66373,1.65003,1.63633,1.6226,1.60884,1.59504,1.5812,1.5673,1.55333,1.53929,1.52517,1.51095,1.49664,1.48221,1.46767,1.45299,1.43819,1.42324,1.40813,1.39286,1.37742,1.36181,1.346,1.32999,1.31378,1.29736,1.28071,1.26383,1.24671,1.22934,1.21171,1.19381,1.17564,1.15719,1.13844,1.1194,1.10004,1.08036,1.06035,1.04001,1.01932,0.998274,0.976863,0.955078,0.93291,0.910351,0.88739,0.864022,0.840236,0.816027,0.791387,0.766311,0.740794,0.71483,0.688417,0.661553,0.634236,0.606466,0.578245,0.549575,0.520459,0.490903,0.460911,0.430491,0.399649,0.368395,0.336737,0.304684,0.272246,0.239433,0.206254,0.172719,0.138837,0.104616,0.0700641,0.0351898,0
2,1.98347,1.96721,1.9512,1.93543,1.91989,1.90456,1.88943,1.87448,1.8597,1.84507,1.83059,1.81623,1.802,1.78786,1.77383,1.75987,1.74598,1.73215,1.71837,1.70463,1.69092,1.67723,1.66354,1.64986,1.63616,1.62244,1.6087,1.59491,1.58108,1.5672,1.55325,1.53922,1.52512,1.51092,1.49662,1.48222,1.46769,1.45304,1.43826,1.42333,1.40824,1.393,1.37758,1.36199,1.3462,1.33022,1.31403,1.29763,1.281,1.26414,1.24704,1.22969,1.21209,1.19421,1.17606,1.15763,1.1389,1.11987,1.10053,1.08087,1.06088,1.04055,1.01987,0.998844,0.977447,0.955675,0.93352,0.910973,0.888024,0.864665,0.840889,0.816689,0.792056,0.766987,0.741474,0.715514,0.689103,0.662239,0.634921,0.607148,0.578922,0.550244,0.521119,0.49155,0.461543,0.431105,0.400243,0.368964,0.337278,0.305194,0.272722,0.239869,0.206647,0.173063,0.139126,0.104845,0.0702259,0.0352757,0
2,1.98345,1.96717,1.95114,1.93536,1.9198,1.90446,1.88931,1.87435,1.85956,1.84493,1.83044,1.81608,1.80184,1.7877,1.77366,1.7597,1.74581,1.73199,1.71821,1.70447,1.69076,1.67707,1.66339,1.64971,1.63603,1.62232,1.60858,1.59481,1.58099,1.56712,1.55318,1.53917,1.52508,1.51089,1.49661,1.48222,1.46771,1.45308,1.43831,1.4234,1.40833,1.3931,1.37771,1.36213,1.34636,1.33039,1.31422,1.29784,1.28123,1.26439,1.2473,1.22997,1.21238,1.19452,1.17638,1.15796,1.13925,1.12024,1.10091,1.08126,1.06128,1.04097,1.02031,0.999287,0.977901,0.956141,0.933996,0.911458,0.888518,0.865168,0.8414,0.817206,0.792581,0.767516,0.742008,0.716052,0.689644,0.662781,0.635463,0.607689,0.579459,0.550777,0.521645,0.492067,0.46205,0.431598,0.40072,0.369424,0.337717,0.30561,0.27311,0.240227,0.20697,0.173348,0.139368,0.105038,0.0703634,0.0353495,0
2,1.98343,1.96714,1.9511,1.93531,1.91974,1.90439,1.88923,1.87426,1.85946,1.84482,1.83033,1.81596,1.80172,1.78758,1.77354,1.75958,1.74569,1.73186,1.71809,1.70435,1.69065,1.67696,1.66329,1.64961,1.63593,1.62223,1.6085,1.59473,1.58092,1.56706,1.55313,1.53913,1.52505,1.51087,1.4966,1.48222,1.46773,1.45311,1.43835,1.42345,1.40839,1.39318,1.37779,1.36223,1.34647,1.33052,1.31436,1.29799,1.28139,1.26456,1.24749,1.23017,1.21259,1.19474,1.17661,1.15821,1.1395,1.1205,1.10118,1.08154,1.06158,1.04127,1.02062,0.999604,0.978227,0.956474,0.934336,0.911805,0.888872,0.865529,0.841767,0.817579,0.792958,0.767898,0.742394,0.716441,0.690035,0.663174,0.635856,0.608082,0.579851,0.551166,0.52203,0.492447,0.462422,0.431962,0.401074,0.369765,0.338044,0.305919,0.273401,0.240496,0.207215,0.173565,0.139553,0.105187,0.0704711,0.0354083,0
2,1.98342,1.96712,1.95108,1.93527,1.9197,1.90434,1.88918,1.87421,1.85941,1.84476,1.83026,1.8159,1.80165,1.78751,1.77346,1.7595,1.74562,1.73179,1.71801,1.70428,1.69058,1.67689,1.66322,1.64955,1.63587,1.62217,1.60845,1.59469,1.58088,1.56702,1.5531,1.5391,1.52503,1.51086,1.4966,1.48222,1.46774,1.45312,1.43837,1.42348,1.40843,1.39322,1.37784,1.36229,1.34654,1.33059,1.31444,1.29808,1.28149,1.26466,1.2476,1.23029,1.21271,1.19487,1.17675,1.15835,1.13965,1.12065,1.10134,1.08171,1.06175,1.04145,1.0208,0.999794,0.978422,0.956674,0.934541,0.912014,0.889085,0.865746,0.841988,0.817803,0.793186,0.768129,0.742627,0.716676,0.690272,0.663413,0.636096,0.608321,0.58009,0.551404,0.522266,0.49268,0.462651,0.432187,0.401292,0.369977,0.338247,0.306113,0.273583,0.240666,0.20737,0.173703,0.139673,0.105284,0.0705421,0.0354479,0
2,1.98342,1.96711,1.95107,1.93526,1.91969,1.90433,1.88916,1.87419,1.85939,1.84474,1.83024,1.81587,1.80162,1.78748,1.77344,1.75948,1.74559,1.73176,1.71799,1.70426,1.69055,1.67687,1.6632,1.64953,1.63585,1.62215,1.60843,1.59467,1.58087,1.56701,1.55309,1.53909,1.52502,1.51086,1.4966,1.48223,1.46774,1.45313,1.43838,1.42349,1.40844,1.39324,1.37786,1.36231,1.34656,1.33062,1.31447,1.29811,1.28152,1.2647,1.24764,1.23033,1.21275,1.19492,1.1768,1.1584,1.1397,1.12071,1.1014,1.08177,1.06181,1.04151,1.02086,0.999858,0.978487,0.95674,0.934609,0.912084,0.889156,0.865818,0.842061,0.817878,0.793262,0.768206,0.742705,0.716755,0.690352,0.663492,0.636176,0.608401,0.58017,0.551484,0.522345,0.492758,0.462729,0.432262,0.401366,0.370048,0.338316,0.306179,0.273645,0.240724,0.207423,0.173751,0.139714,0.105318,0.0705668,0.0354618,0
