0,-0.00946416,-0.0189195,-0.0283736,-0.0378321,-0.0472989,-0.0567772,-0.0662691,-0.0757756,-0.0852971,-0.094833,-0.104382,-0.113942,-0.123509,-0.133081,-0.142651,-0.152215,-0.161765,-0.171294,-0.180793,-0.190253,-0.199662,-0.20901,-0.218283,-0.227469,-0.236553,-0.24552,-0.254354,-0.263039,-0.271557,-0.279891,-0.288024,-0.295937,-0.303612,-0.311031,-0.318177,-0.325031,-0.331578,-0.337801,-0.343684,-0.349212,-0.354373,-0.359154,-0.363542,-0.367529,-0.371106,-0.374264,-0.376998,-0.379303,-0.381176,-0.382613,-0.383615,-0.384181,-0.384313,-0.384013,-0.383284,-0.382129,-0.380555,-0.378565,-0.376167,-0.373365,-0.370167,-0.36658,-0.362609,-0.358263,-0.353547,-0.348468,-0.343032,-0.337246,-0.331115,-0.324645,-0.31784,-0.310706,-0.303245,-0.295463,-0.287362,-0.278945,-0.270215,-0.261174,-0.251824,-0.242165,-0.2322,-0.221929,-0.211352,-0.20047,-0.189282,-0.177788,-0.165988,-0.153879,-0.141462,-0.128735,-0.115697,-0.102345,-0.0886779,-0.0746947,-0.0603935,-0.0457733,-0.0308336,-0.0155751,0
0,-0.00946118,-0.0189154,-0.0283693,-0.0378281,-0.0472958,-0.0567753,-0.0662687,-0.0757771,-0.0853006,-0.0948389,-0.104391,-0.113953,-0.123524,-0.133099,-0.142673,-0.15224,-0.161794,-0.171327,-0.18083,-0.190294,-0.199708,-0.209061,-0.218339,-0.22753,-0.236619,-0.245591,-0.25443,-0.26312,-0.271644,-0.279983,-0.288121,-0.296039,-0.303719,-0.311144,-0.318294,-0.325154,-0.331705,-0.337932,-0.343819,-0.349351,-0.354515,-0.359299,-0.36369,-0.36768,-0.371258,-0.374418,-0.377153,-0.379459,-0.381332,-0.38277,-0.383772,-0.384337,-0.384468,-0.384166,-0.383436,-0.382279,-0.380703,-0.378711,-0.37631,-0.373506,-0.370305,-0.366714,-0.362741,-0.358391,-0.353671,-0.348589,-0.34315,-0.337361,-0.331227,-0.324753,-0.317945,-0.310807,-0.303343,-0.295557,-0.287453,-0.279033,-0.2703,-0.261256,-0.251902,-0.242241,-0.232273,-0.221998,-0.211419,-0.200533,-0.189342,-0.177845,-0.166042,-0.15393,-0.14151,-0.12878,-0.115737,-0.102382,-0.0887114,-0.0747242,-0.0604186,-0.0457935,-0.0308483,-0.0155832,0
0,-0.00945503,-0.0189065,-0.0283599,-0.0378199,-0.0472901,-0.0567732,-0.0662711,-0.0757849,-0.0853146,-0.0948598,-0.104419,-0.11399,-0.12357,-0.133154,-0.142738,-0.152316,-0.161882,-0.171427,-0.180942,-0.190419,-0.199847,-0.209213,-0.218506,-0.227711,-0.236816,-0.245803,-0.254658,-0.263363,-0.271903,-0.280258,-0.288412,-0.296345,-0.304041,-0.31148,-0.318645,-0.325518,-0.332083,-0.338323,-0.344222,-0.349765,-0.35494,-0.359733,-0.364132,-0.368129,-0.371714,-0.374879,-0.377618,-0.379926,-0.381801,-0.383239,-0.38424,-0.384804,-0.384932,-0.384627,-0.383891,-0.38273,-0.381147,-0.379148,-0.37674,-0.373927,-0.370718,-0.367118,-0.363136,-0.358776,-0.354047,-0.348955,-0.343506,-0.337706,-0.331562,-0.325078,-0.31826,-0.311111,-0.303638,-0.295842,-0.287728,-0.279298,-0.270555,-0.261501,-0.252138,-0.242468,-0.23249,-0.222207,-0.211617,-0.200723,-0.189523,-0.178016,-0.166203,-0.154082,-0.141652,-0.128911,-0.115859,-0.102492,-0.0888104,-0.0748109,-0.060492,-0.0458522,-0.0308905,-0.0156063,0
0,-0.00944766,-0.0188958,-0.028349,-0.0378111,-0.0472856,-0.0567746,-0.06628,-0.0758026,-0.0853424,-0.094899,-0.104471,-0.114055,-0.12365,-0.13325,-0.14285,-0.152446,-0.16203,-0.171595,-0.181131,-0.190629,-0.200079,-0.209468,-0.218785,-0.228014,-0.237143,-0.246156,-0.255036,-0.263767,-0.272332,-0.280713,-0.288893,-0.296852,-0.304572,-0.312036,-0.319225,-0.326122,-0.332708,-0.338969,-0.344888,-0.35045,-0.355641,-0.36045,-0.364863,-0.368872,-0.372467,-0.37564,-0.378386,-0.380699,-0.382576,-0.384015,-0.385015,-0.385577,-0.3857,-0.385389,-0.384646,-0.383476,-0.381883,-0.379873,-0.377452,-0.374627,-0.371404,-0.36779,-0.363792,-0.359416,-0.354671,-0.349563,-0.344097,-0.338281,-0.33212,-0.325619,-0.318784,-0.311619,-0.304128,-0.296316,-0.288186,-0.27974,-0.270981,-0.261911,-0.252532,-0.242846,-0.232852,-0.222553,-0.211949,-0.201038,-0.189822,-0.1783,-0.166471,-0.154334,-0.141887,-0.129129,-0.116059,-0.102674,-0.0889727,-0.0749524,-0.060611,-0.0459467,-0.0309577,-0.0156424,0
0,-0.00944029,-0.0188854,-0.0283391,-0.0378048,-0.0472852,-0.0567826,-0.0662984,-0.0758331,-0.085387,-0.0949591,-0.104548,-0.114151,-0.123766,-0.133388,-0.143011,-0.152632,-0.162242,-0.171833,-0.181397,-0.190925,-0.200405,-0.209826,-0.219175,-0.228438,-0.2376,-0.246647,-0.255563,-0.264329,-0.27293,-0.281347,-0.289562,-0.297556,-0.305311,-0.312809,-0.320031,-0.326959,-0.333576,-0.339866,-0.345812,-0.3514,-0.356615,-0.361444,-0.365877,-0.369902,-0.373511,-0.376696,-0.379451,-0.381771,-0.383652,-0.385093,-0.386092,-0.38665,-0.386768,-0.386449,-0.385696,-0.384514,-0.382907,-0.380882,-0.378445,-0.375601,-0.372359,-0.368725,-0.364706,-0.360309,-0.355542,-0.350411,-0.344922,-0.339083,-0.332898,-0.326375,-0.319516,-0.312328,-0.304815,-0.296979,-0.288826,-0.280357,-0.271576,-0.262484,-0.253083,-0.243374,-0.233359,-0.223038,-0.212411,-0.201479,-0.190241,-0.178696,-0.166844,-0.154684,-0.142214,-0.129432,-0.116336,-0.102925,-0.0891962,-0.0751465,-0.0607737,-0.0460751,-0.0310482,-0.0156906,0
0,-0.00943374,-0.0188767,-0.0283322,-0.037803,-0.0472916,-0.0567998,-0.0663288,-0.0758791,-0.0854507,-0.0950427,-0.104653,-0.11428,-0.12392,-0.13357,-0.143223,-0.152874,-0.162516,-0.172142,-0.181742,-0.191307,-0.200825,-0.210286,-0.219675,-0.22898,-0.238186,-0.247277,-0.256237,-0.265048,-0.273694,-0.282156,-0.290415,-0.298454,-0.306253,-0.313793,-0.321057,-0.328026,-0.334682,-0.341008,-0.346989,-0.352609,-0.357854,-0.362711,-0.367168,-0.371214,-0.374841,-0.378041,-0.380808,-0.383136,-0.385023,-0.386466,-0.387464,-0.388017,-0.388129,-0.3878,-0.387035,-0.385838,-0.384214,-0.38217,-0.379712,-0.376846,-0.37358,-0.36992,-0.365875,-0.361451,-0.356656,-0.351496,-0.345979,-0.34011,-0.333896,-0.327343,-0.320455,-0.313237,-0.305694,-0.29783,-0.289647,-0.28115,-0.272339,-0.263219,-0.253789,-0.244052,-0.234008,-0.223659,-0.213004,-0.202043,-0.190776,-0.179203,-0.167321,-0.155131,-0.14263,-0.129817,-0.116689,-0.103244,-0.089479,-0.0753914,-0.060978,-0.0462355,-0.0311607,-0.01575,0
0,-0.00942861,-0.0188709,-0.0283298,-0.0378076,-0.0473065,-0.0568281,-0.0663733,-0.0759425,-0.0855355,-0.0951514,-0.104788,-0.114444,-0.124115,-0.133797,-0.143485,-0.153173,-0.162854,-0.172521,-0.182164,-0.191773,-0.201338,-0.210847,-0.220286,-0.229641,-0.238898,-0.248042,-0.257055,-0.26592,-0.27462,-0.283136,-0.291449,-0.299541,-0.307393,-0.314985,-0.322299,-0.329316,-0.336019,-0.342389,-0.348412,-0.354071,-0.359352,-0.364242,-0.368728,-0.372801,-0.37645,-0.379668,-0.382449,-0.384788,-0.386681,-0.388127,-0.389124,-0.389673,-0.389777,-0.389436,-0.388657,-0.387442,-0.385799,-0.383732,-0.381249,-0.378356,-0.375061,-0.371371,-0.367294,-0.362838,-0.358009,-0.352815,-0.347263,-0.341359,-0.33511,-0.328521,-0.321597,-0.314344,-0.306765,-0.298866,-0.290648,-0.282115,-0.273269,-0.264114,-0.254649,-0.244877,-0.234799,-0.224415,-0.213725,-0.202729,-0.191427,-0.179818,-0.167901,-0.155674,-0.143135,-0.130283,-0.117115,-0.103628,-0.0898193,-0.0756853,-0.0612225,-0.0464268,-0.0312941,-0.0158201,0
0,-0.00942531,-0.0188688,-0.028333,-0.03782,-0.0473316,-0.0568692,-0.0664336,-0.076025,-0.085643,-0.0952867,-0.104954,-0.114643,-0.124349,-0.13407,-0.143798,-0.15353,-0.163256,-0.172971,-0.182663,-0.192325,-0.201943,-0.211507,-0.221003,-0.230417,-0.239735,-0.248939,-0.258014,-0.266942,-0.275704,-0.284283,-0.292659,-0.300813,-0.308726,-0.316378,-0.32375,-0.330824,-0.337581,-0.344003,-0.350075,-0.35578,-0.361103,-0.366031,-0.370552,-0.374654,-0.37833,-0.38157,-0.384368,-0.386719,-0.388621,-0.39007,-0.391066,-0.391611,-0.391705,-0.391352,-0.390556,-0.389321,-0.387654,-0.385562,-0.38305,-0.380126,-0.376798,-0.373073,-0.36896,-0.364466,-0.359598,-0.354364,-0.348772,-0.342827,-0.336536,-0.329906,-0.32294,-0.315646,-0.308025,-0.300084,-0.291824,-0.28325,-0.274364,-0.265167,-0.255661,-0.245849,-0.235729,-0.225304,-0.214573,-0.203536,-0.192192,-0.180541,-0.168581,-0.15631,-0.143726,-0.130828,-0.117612,-0.104076,-0.0902153,-0.0760266,-0.0615056,-0.0466476,-0.0314477,-0.0159004,0
0,-0.00942418,-0.018871,-0.0283426,-0.0378411,-0.0473679,-0.0569243,-0.0665108,-0.0761277,-0.0857743,-0.0954497,-0.105152,-0.114878,-0.124625,-0.134389,-0.144164,-0.153944,-0.163722,-0.17349,-0.183239,-0.192959,-0.202639,-0.212266,-0.221826,-0.231307,-0.240692,-0.249966,-0.259111,-0.268109,-0.276943,-0.285593,-0.29404,-0.302265,-0.310247,-0.317967,-0.325405,-0.332543,-0.339362,-0.345843,-0.35197,-0.357727,-0.363098,-0.36807,-0.37263,-0.376768,-0.380473,-0.383738,-0.386556,-0.388922,-0.390833,-0.392287,-0.393283,-0.393822,-0.393906,-0.393539,-0.392725,-0.391468,-0.389775,-0.387653,-0.385109,-0.38215,-0.378785,-0.375021,-0.370866,-0.366329,-0.361418,-0.356139,-0.3505,-0.344509,-0.338172,-0.331494,-0.324481,-0.317138,-0.309471,-0.301482,-0.293175,-0.284553,-0.275619,-0.266375,-0.256823,-0.246963,-0.236797,-0.226324,-0.215546,-0.204461,-0.193069,-0.181368,-0.169358,-0.157037,-0.144402,-0.13145,-0.11818,-0.104586,-0.0906654,-0.0764137,-0.061826,-0.0468969,-0.0316205,-0.0159905,0
0,-0.00942542,-0.0188779,-0.0283594,-0.0378717,-0.0474164,-0.0569942,-0.0666059,-0.0762515,-0.0859303,-0.0956411,-0.105382,-0.11515,-0.124943,-0.134755,-0.144581,-0.154415,-0.164251,-0.174079,-0.183891,-0.193676,-0.203423,-0.21312,-0.222753,-0.232307,-0.241768,-0.251118,-0.260341,-0.269418,-0.278331,-0.28706,-0.295587,-0.303889,-0.311949,-0.319745,-0.327257,-0.334467,-0.341354,-0.347901,-0.35409,-0.359905,-0.36533,-0.370351,-0.374956,-0.379132,-0.382871,-0.386164,-0.389005,-0.391388,-0.39331,-0.394769,-0.395766,-0.396299,-0.396373,-0.395991,-0.395156,-0.393875,-0.392154,-0.389999,-0.38742,-0.384422,-0.381016,-0.377208,-0.373008,-0.368423,-0.363463,-0.358134,-0.352444,-0.346401,-0.340011,-0.333281,-0.326215,-0.318819,-0.311098,-0.303056,-0.294696,-0.286021,-0.277034,-0.267737,-0.258131,-0.248218,-0.237998,-0.227472,-0.21664,-0.205501,-0.194054,-0.182299,-0.170232,-0.157853,-0.14516,-0.132148,-0.118814,-0.105156,-0.0911678,-0.0768451,-0.0621823,-0.0471735,-0.0318118,-0.01609,0
0,-0.00942922,-0.0188898,-0.0283837,-0.0379125,-0.0474775,-0.0570798,-0.0667196,-0.0763971,-0.0861114,-0.0958614,-0.105645,-0.11546,-0.125301,-0.135166,-0.145049,-0.154943,-0.164841,-0.174735,-0.184615,-0.194472,-0.204293,-0.214067,-0.223778,-0.233414,-0.242957,-0.252392,-0.2617,-0.270863,-0.279863,-0.28868,-0.297292,-0.305681,-0.313826,-0.321705,-0.329298,-0.336587,-0.34355,-0.350169,-0.356426,-0.362305,-0.36779,-0.372865,-0.377519,-0.381738,-0.385515,-0.388839,-0.391705,-0.394107,-0.396042,-0.397508,-0.398505,-0.399034,-0.399097,-0.398698,-0.397842,-0.396534,-0.394782,-0.392593,-0.389975,-0.386935,-0.383484,-0.379628,-0.375378,-0.370742,-0.365727,-0.360344,-0.354598,-0.348498,-0.342051,-0.335262,-0.328137,-0.320683,-0.312903,-0.304802,-0.296383,-0.287649,-0.278603,-0.269247,-0.259583,-0.24961,-0.239332,-0.228746,-0.217854,-0.206654,-0.195146,-0.183329,-0.1712,-0.158757,-0.145997,-0.132918,-0.119515,-0.105784,-0.0917207,-0.0773192,-0.0625733,-0.0474764,-0.0320209,-0.0161985,0
0,-0.00943567,-0.018907,-0.0284158,-0.0379637,-0.0475519,-0.0571813,-0.0668523,-0.0765647,-0.0863179,-0.0961106,-0.105941,-0.115805,-0.125701,-0.135623,-0.145567,-0.155525,-0.165491,-0.175457,-0.185411,-0.195345,-0.205247,-0.215103,-0.2249,-0.234623,-0.244256,-0.253782,-0.263183,-0.27244,-0.281534,-0.290444,-0.299151,-0.307633,-0.315869,-0.323839,-0.331521,-0.338895,-0.34594,-0.352638,-0.35897,-0.364918,-0.370468,-0.375602,-0.38031,-0.384577,-0.388395,-0.391754,-0.394648,-0.397071,-0.399021,-0.400495,-0.401493,-0.402016,-0.402068,-0.401652,-0.400773,-0.399438,-0.397653,-0.395426,-0.392766,-0.389682,-0.386182,-0.382275,-0.377971,-0.373278,-0.368206,-0.362763,-0.356956,-0.350794,-0.344284,-0.337432,-0.330244,-0.322726,-0.314882,-0.306716,-0.298233,-0.289434,-0.280324,-0.270903,-0.261174,-0.251137,-0.240793,-0.230142,-0.219183,-0.207917,-0.196342,-0.184456,-0.172258,-0.159744,-0.146912,-0.133758,-0.120279,-0.106468,-0.0923224,-0.0778344,-0.0629976,-0.0478047,-0.0322471,-0.0163156,0
0,-0.00944486,-0.0189296,-0.028456,-0.0380256,-0.0476397,-0.057299,-0.0670041,-0.0767546,-0.0865499,-0.0963887,-0.106269,-0.116187,-0.126141,-0.136125,-0.146134,-0.156162,-0.166201,-0.176242,-0.186277,-0.196294,-0.206281,-0.216226,-0.226115,-0.235932,-0.245661,-0.255284,-0.264784,-0.274142,-0.283336,-0.292348,-0.301156,-0.309738,-0.318073,-0.32614,-0.333916,-0.341382,-0.348516,-0.355298,-0.361711,-0.367735,-0.373354,-0.378553,-0.383318,-0.387637,-0.3915,-0.394897,-0.397821,-0.400268,-0.402234,-0.403717,-0.404718,-0.405236,-0.405277,-0.404843,-0.40394,-0.402576,-0.400756,-0.39849,-0.395786,-0.392653,-0.389101,-0.38514,-0.380778,-0.376025,-0.370891,-0.365384,-0.359512,-0.353284,-0.346706,-0.339786,-0.332529,-0.324942,-0.317028,-0.308793,-0.30024,-0.291372,-0.282192,-0.272701,-0.262901,-0.252793,-0.242378,-0.231656,-0.220626,-0.209287,-0.197638,-0.185678,-0.173404,-0.160813,-0.147902,-0.134667,-0.121104,-0.107207,-0.092971,-0.0783891,-0.0634539,-0.0481571,-0.0324895,-0.0164409,0
0,-0.00945682,-0.0189576,-0.0285043,-0.0380983,-0.047741,-0.0574331,-0.067175,-0.0769666,-0.0868072,-0.0966953,-0.106629,-0.116605,-0.126621,-0.13667,-0.146749,-0.15685,-0.166966,-0.177089,-0.187208,-0.197314,-0.207392,-0.217432,-0.227418,-0.237334,-0.247165,-0.256893,-0.266498,-0.275962,-0.285264,-0.294383,-0.303298,-0.311987,-0.320427,-0.328597,-0.336475,-0.344039,-0.351267,-0.358141,-0.364639,-0.370743,-0.376438,-0.381706,-0.386533,-0.390908,-0.394819,-0.398257,-0.401215,-0.403688,-0.405672,-0.407166,-0.408169,-0.408684,-0.408713,-0.408261,-0.407334,-0.405939,-0.404083,-0.401775,-0.399025,-0.395841,-0.392235,-0.388215,-0.383792,-0.378976,-0.373776,-0.3682,-0.362259,-0.35596,-0.349311,-0.342318,-0.334988,-0.327326,-0.319339,-0.311029,-0.302401,-0.293458,-0.284202,-0.274636,-0.26476,-0.254576,-0.244085,-0.233285,-0.222177,-0.21076,-0.199032,-0.186991,-0.174635,-0.16196,-0.148964,-0.135641,-0.121988,-0.107998,-0.0936647,-0.0789818,-0.0639408,-0.0485327,-0.0327475,-0.0165741,0
0,-0.00947157,-0.0189912,-0.0285607,-0.0381818,-0.0478558,-0.0575834,-0.067365,-0.0772006,-0.0870894,-0.0970301,-0.10702,-0.117058,-0.127138,-0.137258,-0.14741,-0.157589,-0.167787,-0.177995,-0.188204,-0.198402,-0.208577,-0.218716,-0.228805,-0.238826,-0.248765,-0.258602,-0.268318,-0.277895,-0.28731,-0.296543,-0.305571,-0.314372,-0.322924,-0.331203,-0.339188,-0.346855,-0.354184,-0.361153,-0.367743,-0.373933,-0.379707,-0.385049,-0.389943,-0.394377,-0.39834,-0.401822,-0.404817,-0.407318,-0.409322,-0.410828,-0.411836,-0.412347,-0.412365,-0.411895,-0.410943,-0.409516,-0.407622,-0.405272,-0.402473,-0.399237,-0.395573,-0.391492,-0.387005,-0.382122,-0.376852,-0.371205,-0.365191,-0.358817,-0.352091,-0.345021,-0.337613,-0.329873,-0.321807,-0.313417,-0.304709,-0.295686,-0.28635,-0.276703,-0.266746,-0.256481,-0.245908,-0.235025,-0.223834,-0.212333,-0.20052,-0.188392,-0.175948,-0.163184,-0.150095,-0.136679,-0.122928,-0.108838,-0.0944015,-0.0796106,-0.0644569,-0.0489304,-0.0330204,-0.0167147,0
0,-0.0094891,-0.0190302,-0.0286254,-0.0382762,-0.047984,-0.0577497,-0.0675738,-0.0774562,-0.0873961,-0.0973923,-0.107443,-0.117544,-0.127693,-0.137886,-0.148115,-0.158376,-0.168659,-0.178957,-0.189259,-0.199555,-0.209831,-0.220074,-0.23027,-0.240402,-0.250453,-0.260405,-0.270238,-0.279932,-0.289466,-0.298818,-0.307965,-0.316884,-0.325553,-0.333947,-0.342044,-0.349821,-0.357255,-0.364325,-0.371011,-0.377292,-0.383151,-0.38857,-0.393535,-0.398032,-0.402051,-0.40558,-0.408614,-0.411146,-0.413172,-0.414692,-0.415705,-0.416214,-0.416221,-0.415733,-0.414755,-0.413296,-0.411364,-0.408969,-0.40612,-0.402829,-0.399106,-0.394962,-0.390408,-0.385455,-0.380112,-0.37439,-0.368299,-0.361846,-0.35504,-0.347889,-0.340399,-0.332576,-0.324426,-0.315953,-0.307161,-0.298052,-0.288631,-0.278898,-0.268855,-0.258504,-0.247843,-0.236873,-0.225593,-0.214002,-0.202097,-0.189878,-0.177339,-0.164479,-0.151293,-0.137776,-0.123923,-0.109726,-0.0951794,-0.080274,-0.0650007,-0.049349,-0.0333072,-0.0168623,0
0,-0.0095094,-0.0190747,-0.0286981,-0.0383812,-0.0481255,-0.057932,-0.0678011,-0.0777329,-0.0877267,-0.0977812,-0.107894,-0.118063,-0.128284,-0.138553,-0.148863,-0.159208,-0.169581,-0.179973,-0.190372,-0.200769,-0.21115,-0.221502,-0.23181,-0.242056,-0.252225,-0.262296,-0.27225,-0.282067,-0.291724,-0.3012,-0.310471,-0.319514,-0.328304,-0.336819,-0.345033,-0.352924,-0.360469,-0.367645,-0.374431,-0.380807,-0.386754,-0.392256,-0.397295,-0.40186,-0.405937,-0.409517,-0.412592,-0.415157,-0.417208,-0.418744,-0.419764,-0.42027,-0.420268,-0.419762,-0.418759,-0.417268,-0.415297,-0.412856,-0.409956,-0.406608,-0.402824,-0.398615,-0.393991,-0.388965,-0.383547,-0.377747,-0.371575,-0.36504,-0.358151,-0.350915,-0.343339,-0.335429,-0.327191,-0.31863,-0.309749,-0.300551,-0.29104,-0.281216,-0.271083,-0.260639,-0.249886,-0.238823,-0.227449,-0.215762,-0.203761,-0.191444,-0.178806,-0.165845,-0.152555,-0.138932,-0.124969,-0.11066,-0.0959963,-0.08097,-0.0655707,-0.0497873,-0.0336072,-0.0170166,0
0,-0.00953242,-0.0191246,-0.0287787,-0.0384967,-0.04828,-0.0581298,-0.0680465,-0.0780303,-0.0880806,-0.098196,-0.108375,-0.118614,-0.128909,-0.139257,-0.149651,-0.160084,-0.17055,-0.181038,-0.191539,-0.202041,-0.212531,-0.222995,-0.233418,-0.243783,-0.254073,-0.264268,-0.274348,-0.284291,-0.294077,-0.303681,-0.31308,-0.322251,-0.331168,-0.339806,-0.348143,-0.356153,-0.363812,-0.371098,-0.37799,-0.384465,-0.390505,-0.396092,-0.40121,-0.405845,-0.409984,-0.413618,-0.416738,-0.419339,-0.421416,-0.422969,-0.423997,-0.424504,-0.424493,-0.42397,-0.422942,-0.421418,-0.419407,-0.41692,-0.413968,-0.410563,-0.406716,-0.402439,-0.397745,-0.392644,-0.387147,-0.381267,-0.375012,-0.368392,-0.361415,-0.354091,-0.346425,-0.338425,-0.330095,-0.321442,-0.312467,-0.303176,-0.29357,-0.283652,-0.273422,-0.262882,-0.252032,-0.240871,-0.229397,-0.217611,-0.205508,-0.193087,-0.180345,-0.167276,-0.153877,-0.140142,-0.126064,-0.111636,-0.0968501,-0.0816968,-0.0661655,-0.0502442,-0.0339196,-0.0171771,0
0,-0.00955815,-0.0191798,-0.0288672,-0.0386225,-0.0484473,-0.0583427,-0.0683095,-0.0783477,-0.0884569,-0.0986357,-0.108882,-0.119194,-0.129567,-0.139996,-0.150477,-0.161001,-0.171562,-0.18215,-0.192755,-0.203365,-0.213967,-0.224547,-0.235089,-0.245576,-0.255991,-0.266313,-0.276522,-0.286597,-0.296514,-0.306251,-0.315782,-0.325084,-0.334132,-0.342899,-0.351362,-0.359494,-0.367272,-0.374673,-0.381673,-0.388252,-0.394388,-0.400065,-0.405265,-0.409973,-0.414178,-0.417868,-0.421035,-0.423674,-0.42578,-0.427352,-0.428391,-0.428899,-0.42888,-0.428341,-0.427289,-0.425733,-0.423683,-0.42115,-0.418145,-0.414681,-0.410771,-0.406425,-0.401658,-0.39648,-0.390904,-0.38494,-0.378599,-0.371891,-0.364825,-0.357409,-0.349651,-0.341556,-0.333132,-0.324382,-0.31531,-0.305921,-0.296217,-0.286199,-0.27587,-0.265229,-0.254276,-0.243012,-0.231435,-0.219543,-0.207334,-0.194804,-0.181951,-0.16877,-0.155256,-0.141403,-0.127205,-0.112653,-0.0977386,-0.0824526,-0.0667834,-0.0507184,-0.0342436,-0.0173432,0
0,-0.00958652,-0.0192402,-0.0289634,-0.0387585,-0.0486271,-0.0585705,-0.0685896,-0.0786845,-0.0888548,-0.0990994,-0.109416,-0.119803,-0.130255,-0.140769,-0.151339,-0.161957,-0.172615,-0.183306,-0.194017,-0.204738,-0.215455,-0.226153,-0.236817,-0.24743,-0.257972,-0.268424,-0.278766,-0.288975,-0.299027,-0.308899,-0.318567,-0.328004,-0.337185,-0.346085,-0.354676,-0.362935,-0.370836,-0.378354,-0.385467,-0.392152,-0.398389,-0.404158,-0.409443,-0.414228,-0.418501,-0.42225,-0.425468,-0.428147,-0.430285,-0.431878,-0.432929,-0.43344,-0.433415,-0.432861,-0.431786,-0.430198,-0.428109,-0.42553,-0.422473,-0.41895,-0.414975,-0.410561,-0.405719,-0.400463,-0.394805,-0.388757,-0.382328,-0.37553,-0.368372,-0.360862,-0.353008,-0.344816,-0.336293,-0.327443,-0.318272,-0.308781,-0.298974,-0.288853,-0.278419,-0.267673,-0.256614,-0.245242,-0.233556,-0.221554,-0.209233,-0.19659,-0.183622,-0.170323,-0.156689,-0.142713,-0.128389,-0.113707,-0.0986596,-0.0832354,-0.0674228,-0.0512086,-0.0345781,-0.0175147,0
0,-0.00961751,-0.0193057,-0.0290672,-0.0389043,-0.048819,-0.0588127,-0.0688863,-0.07904,-0.0892736,-0.099586,-0.109975,-0.120439,-0.130973,-0.141573,-0.152234,-0.162947,-0.173706,-0.184501,-0.195322,-0.206155,-0.216989,-0.227808,-0.238596,-0.249336,-0.260009,-0.270594,-0.281071,-0.291416,-0.301606,-0.311617,-0.321423,-0.330998,-0.340316,-0.34935,-0.358074,-0.366462,-0.374488,-0.382128,-0.389356,-0.39615,-0.40249,-0.408355,-0.413728,-0.418593,-0.422937,-0.426748,-0.430018,-0.432741,-0.434912,-0.43653,-0.437595,-0.438111,-0.438082,-0.437514,-0.436417,-0.434799,-0.432672,-0.430048,-0.426938,-0.423357,-0.419318,-0.414833,-0.409917,-0.404582,-0.398842,-0.392707,-0.386189,-0.379299,-0.372047,-0.36444,-0.356488,-0.348196,-0.339572,-0.330619,-0.321344,-0.311748,-0.301835,-0.291607,-0.281065,-0.270209,-0.25904,-0.247556,-0.235757,-0.22364,-0.211203,-0.198442,-0.185353,-0.171932,-0.158173,-0.144069,-0.129614,-0.114797,-0.0996108,-0.0840431,-0.0680821,-0.0517137,-0.0349224,-0.017691,0
0,-0.00965107,-0.0193762,-0.0291783,-0.0390598,-0.0490228,-0.0590689,-0.069199,-0.0794136,-0.0897124,-0.100095,-0.110558,-0.121101,-0.131718,-0.142407,-0.15316,-0.163971,-0.174832,-0.185733,-0.196664,-0.207612,-0.218565,-0.229506,-0.240421,-0.25129,-0.262095,-0.272815,-0.283428,-0.293912,-0.304242,-0.314393,-0.324339,-0.334054,-0.343511,-0.352683,-0.361542,-0.370061,-0.378215,-0.385977,-0.393324,-0.40023,-0.406675,-0.412639,-0.418102,-0.42305,-0.427467,-0.431344,-0.434669,-0.437438,-0.439645,-0.441289,-0.442371,-0.442894,-0.442863,-0.442284,-0.441166,-0.43952,-0.437356,-0.434687,-0.431526,-0.427887,-0.423784,-0.41923,-0.414239,-0.408825,-0.403001,-0.396779,-0.390171,-0.383188,-0.37584,-0.368135,-0.360082,-0.351688,-0.34296,-0.333902,-0.32452,-0.314816,-0.304794,-0.294455,-0.283801,-0.272832,-0.261548,-0.249949,-0.238032,-0.225796,-0.213238,-0.200355,-0.187141,-0.173593,-0.159704,-0.145467,-0.130876,-0.11592,-0.10059,-0.0848739,-0.0687595,-0.0522322,-0.0352756,-0.0178716,0
0,-0.00968714,-0.0194517,-0.0292967,-0.0392248,-0.0492382,-0.0593386,-0.0695271,-0.0798044,-0.0901703,-0.100624,-0.111163,-0.121786,-0.132489,-0.143267,-0.154114,-0.165024,-0.175988,-0.186997,-0.19804,-0.209104,-0.220177,-0.231242,-0.242284,-0.253284,-0.264222,-0.275078,-0.285829,-0.296453,-0.306924,-0.317217,-0.327305,-0.337161,-0.346759,-0.356069,-0.365064,-0.373717,-0.382001,-0.389888,-0.397354,-0.404375,-0.410928,-0.416992,-0.422548,-0.427581,-0.432075,-0.436018,-0.439402,-0.442219,-0.444465,-0.446138,-0.447239,-0.447771,-0.44774,-0.447152,-0.446016,-0.444343,-0.442144,-0.439433,-0.436222,-0.432527,-0.42836,-0.423737,-0.418673,-0.41318,-0.407272,-0.400963,-0.394264,-0.387187,-0.379741,-0.371937,-0.363782,-0.355284,-0.34645,-0.337284,-0.327792,-0.317978,-0.307843,-0.29739,-0.286621,-0.275535,-0.264133,-0.252414,-0.240376,-0.228017,-0.215335,-0.202324,-0.188981,-0.175302,-0.161278,-0.146905,-0.132172,-0.117072,-0.101594,-0.0857255,-0.0694534,-0.0527628,-0.0356366,-0.018056,0
0,-0.0097257,-0.019532,-0.0294222,-0.0393989,-0.0494647,-0.0596214,-0.0698702,-0.0802118,-0.0906463,-0.101173,-0.11179,-0.122494,-0.133283,-0.144152,-0.155094,-0.166104,-0.177172,-0.18829,-0.199445,-0.210627,-0.22182,-0.23301,-0.244179,-0.25531,-0.266383,-0.277375,-0.288265,-0.299029,-0.309642,-0.320077,-0.330308,-0.340306,-0.350045,-0.359495,-0.368628,-0.377415,-0.385829,-0.393843,-0.40143,-0.408567,-0.415229,-0.421396,-0.427048,-0.432167,-0.436739,-0.440752,-0.444196,-0.447064,-0.449351,-0.451056,-0.452179,-0.452724,-0.452695,-0.4521,-0.450949,-0.449252,-0.44702,-0.444268,-0.44101,-0.437259,-0.433031,-0.428341,-0.423203,-0.417632,-0.411642,-0.405246,-0.398456,-0.391284,-0.38374,-0.375836,-0.367578,-0.358974,-0.350032,-0.340757,-0.331154,-0.321226,-0.310976,-0.300407,-0.289519,-0.278314,-0.26679,-0.254948,-0.242785,-0.230299,-0.217487,-0.204346,-0.19087,-0.177054,-0.162892,-0.148377,-0.1335,-0.118252,-0.102621,-0.0865958,-0.070162,-0.0533041,-0.0360046,-0.0182438,0
0,-0.00976671,-0.0196171,-0.0295545,-0.0395821,-0.0497022,-0.0599169,-0.0702276,-0.0806352,-0.0911397,-0.10174,-0.112436,-0.123223,-0.134099,-0.14506,-0.156098,-0.167208,-0.178381,-0.189607,-0.200876,-0.212175,-0.223489,-0.234803,-0.246101,-0.257363,-0.268569,-0.279698,-0.290727,-0.301631,-0.312385,-0.322963,-0.333336,-0.343477,-0.353357,-0.362946,-0.372217,-0.381139,-0.389684,-0.397825,-0.405535,-0.412789,-0.419562,-0.425832,-0.431581,-0.436789,-0.441442,-0.445526,-0.449033,-0.451954,-0.454285,-0.456025,-0.457172,-0.457732,-0.457709,-0.457111,-0.455946,-0.454228,-0.451967,-0.449177,-0.445873,-0.44207,-0.437782,-0.433026,-0.427817,-0.422169,-0.416097,-0.409615,-0.402734,-0.395468,-0.387827,-0.379821,-0.37146,-0.36275,-0.353699,-0.344313,-0.334596,-0.324553,-0.314186,-0.303497,-0.292488,-0.28116,-0.269512,-0.257543,-0.245252,-0.232636,-0.219692,-0.206415,-0.192802,-0.178847,-0.164543,-0.149882,-0.134856,-0.119456,-0.103669,-0.0874827,-0.0708834,-0.0538547,-0.0363785,-0.0184344,0
0,-0.00981012,-0.0197068,-0.0296937,-0.0397739,-0.0499502,-0.0602246,-0.0705988,-0.0810737,-0.0916494,-0.102325,-0.1131,-0.123971,-0.134936,-0.145988,-0.157123,-0.168333,-0.179611,-0.190947,-0.202328,-0.213744,-0.225178,-0.236617,-0.248042,-0.259434,-0.270774,-0.282039,-0.293205,-0.304249,-0.315144,-0.325863,-0.336378,-0.34666,-0.356681,-0.366409,-0.375817,-0.384874,-0.39355,-0.401819,-0.409651,-0.417022,-0.423906,-0.430282,-0.436128,-0.441426,-0.446161,-0.45032,-0.453891,-0.456868,-0.459246,-0.461022,-0.462198,-0.462776,-0.462761,-0.462163,-0.460989,-0.459252,-0.456964,-0.45414,-0.450794,-0.446941,-0.442597,-0.437778,-0.432499,-0.426777,-0.420625,-0.414057,-0.407088,-0.399728,-0.39199,-0.383883,-0.375418,-0.366601,-0.357441,-0.347942,-0.338111,-0.32795,-0.317464,-0.306654,-0.295523,-0.284069,-0.272294,-0.260195,-0.247773,-0.235023,-0.221943,-0.208528,-0.194774,-0.180676,-0.166225,-0.151416,-0.136238,-0.120681,-0.104734,-0.0883839,-0.0716158,-0.0544132,-0.0367573,-0.0186274,0
0,-0.0098559,-0.0198012,-0.0298396,-0.0399744,-0.0502085,-0.0605442,-0.0709833,-0.0815267,-0.0921748,-0.102927,-0.113782,-0.124737,-0.13579,-0.146935,-0.158166,-0.169477,-0.180859,-0.192303,-0.203797,-0.215329,-0.226883,-0.238445,-0.249996,-0.261518,-0.272989,-0.284388,-0.295691,-0.306872,-0.317906,-0.328765,-0.339421,-0.349843,-0.360003,-0.36987,-0.379413,-0.388603,-0.39741,-0.405805,-0.41376,-0.421248,-0.428243,-0.434724,-0.440669,-0.446059,-0.450877,-0.455111,-0.45875,-0.461785,-0.464212,-0.466028,-0.467235,-0.467834,-0.467832,-0.467237,-0.466057,-0.464306,-0.461995,-0.45914,-0.455755,-0.451856,-0.447458,-0.44258,-0.437235,-0.43144,-0.42521,-0.41856,-0.411503,-0.404051,-0.396217,-0.388011,-0.379442,-0.370518,-0.361248,-0.351636,-0.341689,-0.331411,-0.320804,-0.309871,-0.298614,-0.287033,-0.275128,-0.262898,-0.250341,-0.237454,-0.224235,-0.210679,-0.196782,-0.182536,-0.167937,-0.152974,-0.13764,-0.121924,-0.105814,-0.0892971,-0.0723574,-0.0549781,-0.0371401,-0.0188221,0
0,-0.00990403,-0.0199,-0.0299919,-0.0401832,-0.0504768,-0.0608753,-0.0713805,-0.0819936,-0.0927149,-0.103544,-0.11448,-0.12552,-0.13666,-0.147897,-0.159225,-0.170636,-0.182122,-0.193674,-0.205279,-0.216925,-0.228598,-0.240281,-0.251957,-0.263606,-0.275207,-0.286738,-0.298175,-0.309492,-0.320663,-0.33166,-0.342453,-0.353013,-0.36331,-0.373312,-0.38299,-0.392312,-0.401248,-0.409768,-0.417844,-0.425448,-0.432555,-0.439141,-0.445185,-0.450666,-0.45557,-0.459881,-0.463588,-0.466684,-0.469162,-0.471022,-0.472262,-0.472886,-0.4729,-0.472312,-0.471131,-0.469369,-0.46704,-0.464158,-0.460738,-0.456797,-0.45235,-0.447415,-0.442008,-0.436144,-0.42984,-0.423109,-0.415967,-0.408425,-0.400497,-0.392191,-0.38352,-0.37449,-0.36511,-0.355386,-0.345323,-0.334926,-0.324197,-0.31314,-0.301756,-0.290046,-0.278009,-0.265644,-0.25295,-0.239925,-0.226564,-0.212864,-0.198819,-0.184424,-0.169672,-0.154554,-0.139061,-0.123183,-0.106907,-0.0902201,-0.0731062,-0.0555479,-0.0375258,-0.019018,0
0,-0.00995448,-0.0200033,-0.0301507,-0.0404001,-0.0507549,-0.0612175,-0.07179,-0.0824736,-0.0932689,-0.104175,-0.115192,-0.126317,-0.137546,-0.148874,-0.160298,-0.171808,-0.183397,-0.195055,-0.20677,-0.218529,-0.230318,-0.24212,-0.253918,-0.265692,-0.277421,-0.289081,-0.300649,-0.312099,-0.323403,-0.334534,-0.345462,-0.356157,-0.366588,-0.376724,-0.386533,-0.395984,-0.405046,-0.413689,-0.421885,-0.429604,-0.436821,-0.443512,-0.449655,-0.455229,-0.460217,-0.464606,-0.468384,-0.471543,-0.474076,-0.475981,-0.477258,-0.477911,-0.477945,-0.477368,-0.47619,-0.474423,-0.472079,-0.469175,-0.465725,-0.461746,-0.457255,-0.452268,-0.446802,-0.440873,-0.434498,-0.42769,-0.420466,-0.412837,-0.404816,-0.396414,-0.387641,-0.378507,-0.369018,-0.359181,-0.349002,-0.338486,-0.327635,-0.316453,-0.304941,-0.293099,-0.280929,-0.268428,-0.255595,-0.242428,-0.228923,-0.215076,-0.200882,-0.186335,-0.171428,-0.156151,-0.140497,-0.124454,-0.10801,-0.0911506,-0.0738602,-0.0561211,-0.0379134,-0.0192147,0
0,-0.0100072,-0.0201111,-0.0303157,-0.0406251,-0.0510424,-0.0615704,-0.0722112,-0.0829662,-0.093836,-0.10482,-0.115918,-0.127127,-0.138444,-0.149864,-0.161381,-0.17299,-0.18468,-0.196442,-0.208265,-0.220135,-0.232038,-0.243957,-0.255874,-0.26777,-0.279622,-0.291408,-0.303104,-0.314682,-0.326117,-0.337378,-0.348437,-0.359263,-0.369824,-0.380089,-0.390026,-0.399603,-0.408789,-0.417553,-0.425866,-0.433698,-0.441024,-0.447819,-0.454059,-0.459725,-0.4648,-0.469268,-0.473118,-0.47634,-0.47893,-0.480884,-0.482202,-0.482888,-0.482946,-0.482384,-0.481214,-0.479445,-0.477093,-0.474172,-0.470697,-0.466686,-0.462154,-0.45712,-0.4516,-0.445611,-0.439169,-0.432289,-0.424986,-0.417273,-0.409162,-0.400666,-0.391795,-0.382557,-0.37296,-0.363012,-0.352718,-0.342082,-0.331109,-0.319802,-0.308161,-0.296187,-0.283882,-0.271243,-0.25827,-0.244959,-0.231308,-0.217312,-0.202967,-0.188265,-0.173199,-0.157763,-0.141945,-0.125734,-0.10912,-0.092086,-0.0746175,-0.0566962,-0.0383018,-0.0194115,0
0,-0.0100622,-0.0202231,-0.030487,-0.0408578,-0.0513391,-0.0619336,-0.0726436,-0.0834706,-0.0944153,-0.105478,-0.116656,-0.127949,-0.139353,-0.150863,-0.162474,-0.174178,-0.185968,-0.197833,-0.209761,-0.221739,-0.233753,-0.245785,-0.257818,-0.269831,-0.281804,-0.293712,-0.305531,-0.317234,-0.328794,-0.340181,-0.351367,-0.362319,-0.373006,-0.383396,-0.393457,-0.403156,-0.412462,-0.421343,-0.429769,-0.437712,-0.445145,-0.452041,-0.458379,-0.464136,-0.469297,-0.473845,-0.477767,-0.481056,-0.483705,-0.485711,-0.487073,-0.487795,-0.487881,-0.48734,-0.486182,-0.484418,-0.482062,-0.479129,-0.475635,-0.471597,-0.467031,-0.461956,-0.456387,-0.450343,-0.443838,-0.43689,-0.429512,-0.421719,-0.413523,-0.404936,-0.395968,-0.386629,-0.376926,-0.366868,-0.35646,-0.345706,-0.334611,-0.323178,-0.311408,-0.299302,-0.28686,-0.274083,-0.260968,-0.247512,-0.233713,-0.219566,-0.205066,-0.190208,-0.174983,-0.159383,-0.143399,-0.12702,-0.110233,-0.0930239,-0.0753762,-0.0572717,-0.03869,-0.019608,0
0,-0.0101195,-0.0203394,-0.0306643,-0.0410982,-0.0516447,-0.0623068,-0.0730869,-0.0839864,-0.0950062,-0.106146,-0.117405,-0.128781,-0.140271,-0.15187,-0.163573,-0.175372,-0.187259,-0.199223,-0.211254,-0.223337,-0.235458,-0.2476,-0.259744,-0.271872,-0.283959,-0.295984,-0.307921,-0.319744,-0.331424,-0.342933,-0.35424,-0.365313,-0.37612,-0.386631,-0.39681,-0.406627,-0.416048,-0.425042,-0.433579,-0.441629,-0.449165,-0.456162,-0.462595,-0.468443,-0.473689,-0.478316,-0.482313,-0.48567,-0.48838,-0.49044,-0.491849,-0.492611,-0.49273,-0.492215,-0.491074,-0.48932,-0.486966,-0.484028,-0.480521,-0.476462,-0.471868,-0.466757,-0.461145,-0.455051,-0.44849,-0.441478,-0.434031,-0.426162,-0.417884,-0.409209,-0.400148,-0.390711,-0.380906,-0.370739,-0.360218,-0.349348,-0.338131,-0.326573,-0.314673,-0.302435,-0.289857,-0.27694,-0.263682,-0.25008,-0.236132,-0.221832,-0.207177,-0.19216,-0.176774,-0.16101,-0.144858,-0.128309,-0.111348,-0.0939621,-0.0761341,-0.0578459,-0.0390768,-0.0198035,0
0,-0.010179,-0.0204599,-0.0308475,-0.041346,-0.051959,-0.0626897,-0.0735404,-0.0845128,-0.0956078,-0.106825,-0.118164,-0.129623,-0.141197,-0.152884,-0.164676,-0.176567,-0.188549,-0.20061,-0.21274,-0.224924,-0.237149,-0.249396,-0.261648,-0.273884,-0.286082,-0.298218,-0.310268,-0.322205,-0.334,-0.345623,-0.357045,-0.368233,-0.379156,-0.38978,-0.400073,-0.410001,-0.419533,-0.428636,-0.437279,-0.445433,-0.453069,-0.460163,-0.466689,-0.472626,-0.477957,-0.482664,-0.486736,-0.490161,-0.492934,-0.495052,-0.496512,-0.497318,-0.497474,-0.496988,-0.495871,-0.494132,-0.491787,-0.488849,-0.485335,-0.481262,-0.476646,-0.471506,-0.465858,-0.45972,-0.453108,-0.446039,-0.438527,-0.430587,-0.422232,-0.413474,-0.404324,-0.394792,-0.384886,-0.374614,-0.363983,-0.352997,-0.34166,-0.329977,-0.31795,-0.305579,-0.292865,-0.279807,-0.266405,-0.252657,-0.238558,-0.224105,-0.209293,-0.194116,-0.178567,-0.162638,-0.146318,-0.129597,-0.112461,-0.0948978,-0.0768892,-0.0584173,-0.0394612,-0.0199975,0
0,-0.0102407,-0.0205846,-0.0310366,-0.0416011,-0.0522817,-0.0630817,-0.0740037,-0.0850492,-0.0962193,-0.107514,-0.118932,-0.130472,-0.14213,-0.153902,-0.165782,-0.177762,-0.189835,-0.20199,-0.214215,-0.226497,-0.238821,-0.251168,-0.263522,-0.275862,-0.288165,-0.300407,-0.312564,-0.324608,-0.336511,-0.348242,-0.359773,-0.37107,-0.382101,-0.392833,-0.403233,-0.413267,-0.422903,-0.432109,-0.440854,-0.449107,-0.45684,-0.464027,-0.470644,-0.476669,-0.482083,-0.48687,-0.491016,-0.494512,-0.49735,-0.499527,-0.501041,-0.501894,-0.502092,-0.501642,-0.500552,-0.498835,-0.496504,-0.493574,-0.49006,-0.485979,-0.481349,-0.476186,-0.470508,-0.464333,-0.457677,-0.450557,-0.442986,-0.434981,-0.426554,-0.417717,-0.408482,-0.398859,-0.388856,-0.378482,-0.367742,-0.356643,-0.345189,-0.333383,-0.321228,-0.308725,-0.295875,-0.282677,-0.269132,-0.255235,-0.240986,-0.226379,-0.211409,-0.196072,-0.180359,-0.164263,-0.147774,-0.13088,-0.11357,-0.0958286,-0.0776395,-0.0589843,-0.0398421,-0.0201895,0
0,-0.0103045,-0.0207134,-0.0312315,-0.0418632,-0.0526125,-0.0634827,-0.0744763,-0.085595,-0.09684,-0.108211,-0.119708,-0.131327,-0.143067,-0.154922,-0.166887,-0.178955,-0.191116,-0.203361,-0.215677,-0.228052,-0.24047,-0.252913,-0.265363,-0.2778,-0.290202,-0.302544,-0.3148,-0.326945,-0.338949,-0.350782,-0.362414,-0.373812,-0.384944,-0.395777,-0.406277,-0.416411,-0.426146,-0.43545,-0.44429,-0.452637,-0.460463,-0.46774,-0.474445,-0.480555,-0.48605,-0.490916,-0.495137,-0.498703,-0.501608,-0.503847,-0.505418,-0.506323,-0.506567,-0.506156,-0.505101,-0.503411,-0.501101,-0.498185,-0.494677,-0.490596,-0.485958,-0.48078,-0.47508,-0.468875,-0.462182,-0.455016,-0.447393,-0.439329,-0.430835,-0.421925,-0.41261,-0.4029,-0.392805,-0.382331,-0.371487,-0.360277,-0.348707,-0.33678,-0.324499,-0.311865,-0.29888,-0.285543,-0.271854,-0.25781,-0.243409,-0.228647,-0.21352,-0.198021,-0.182144,-0.165881,-0.149222,-0.132156,-0.114671,-0.0967519,-0.0783829,-0.0595454,-0.0402185,-0.0203788,0
0,-0.0103705,-0.0208461,-0.0314319,-0.0421322,-0.0529512,-0.0638921,-0.0749576,-0.0861496,-0.097469,-0.108916,-0.120489,-0.132188,-0.144007,-0.155943,-0.167991,-0.180142,-0.192388,-0.204719,-0.217122,-0.229585,-0.242091,-0.254625,-0.267166,-0.279694,-0.292188,-0.304622,-0.316972,-0.32921,-0.341307,-0.353234,-0.36496,-0.376452,-0.387677,-0.398604,-0.409197,-0.419423,-0.42925,-0.438644,-0.447574,-0.45601,-0.463923,-0.471287,-0.478075,-0.484268,-0.489843,-0.494786,-0.499082,-0.50272,-0.505692,-0.507995,-0.509625,-0.510586,-0.51088,-0.510515,-0.509498,-0.507842,-0.505559,-0.502664,-0.49917,-0.495096,-0.490458,-0.485272,-0.479557,-0.473329,-0.466605,-0.459402,-0.451734,-0.443616,-0.435062,-0.426085,-0.416695,-0.406903,-0.396719,-0.386151,-0.375205,-0.363888,-0.352205,-0.340159,-0.327753,-0.31499,-0.301871,-0.288396,-0.274564,-0.260373,-0.245821,-0.230905,-0.21562,-0.19996,-0.183919,-0.167488,-0.150659,-0.133421,-0.115761,-0.0976652,-0.0791173,-0.0600988,-0.0405892,-0.020565,0
0,-0.0104386,-0.0209828,-0.0316377,-0.0424078,-0.0532973,-0.0643096,-0.0754472,-0.0867122,-0.0981056,-0.109627,-0.121277,-0.133051,-0.144949,-0.156963,-0.16909,-0.181321,-0.193648,-0.206061,-0.218547,-0.231092,-0.243682,-0.256299,-0.268925,-0.281538,-0.294117,-0.306636,-0.319071,-0.331395,-0.343578,-0.355591,-0.367402,-0.378979,-0.390291,-0.401302,-0.41198,-0.422291,-0.432202,-0.441681,-0.450695,-0.459214,-0.467209,-0.474654,-0.481523,-0.487794,-0.493448,-0.498466,-0.502836,-0.506545,-0.509586,-0.511955,-0.513648,-0.514667,-0.515016,-0.5147,-0.513729,-0.512112,-0.509863,-0.506994,-0.503522,-0.499462,-0.494831,-0.489645,-0.483923,-0.47768,-0.470933,-0.463699,-0.455993,-0.447829,-0.439221,-0.430182,-0.420723,-0.410856,-0.400588,-0.389929,-0.378886,-0.367465,-0.355672,-0.34351,-0.330983,-0.318093,-0.304841,-0.291229,-0.277255,-0.262918,-0.248216,-0.233145,-0.217702,-0.201882,-0.185677,-0.169079,-0.152081,-0.134671,-0.116838,-0.0985659,-0.0798405,-0.060643,-0.0409531,-0.0207474,0
0,-0.0105088,-0.0211233,-0.0318487,-0.0426898,-0.0536506,-0.0647346,-0.0759445,-0.0872822,-0.0987488,-0.110344,-0.122068,-0.133918,-0.14589,-0.15798,-0.170183,-0.182491,-0.194895,-0.207384,-0.219948,-0.232571,-0.245239,-0.257933,-0.270637,-0.283328,-0.295984,-0.308581,-0.321094,-0.333495,-0.345755,-0.357845,-0.369733,-0.381388,-0.392776,-0.403864,-0.414619,-0.425007,-0.434995,-0.44455,-0.453641,-0.462237,-0.470309,-0.47783,-0.484775,-0.491122,-0.49685,-0.501943,-0.506385,-0.510166,-0.513277,-0.515712,-0.51747,-0.518551,-0.518958,-0.518697,-0.517776,-0.516205,-0.513995,-0.511161,-0.507717,-0.503679,-0.499063,-0.493885,-0.488163,-0.481913,-0.475151,-0.467894,-0.460157,-0.451954,-0.443299,-0.434205,-0.424683,-0.414744,-0.404399,-0.393654,-0.382518,-0.370998,-0.359098,-0.346823,-0.334177,-0.321162,-0.307781,-0.294033,-0.279919,-0.265437,-0.250586,-0.235362,-0.219763,-0.203782,-0.187414,-0.170651,-0.153484,-0.135903,-0.117897,-0.0994513,-0.0805504,-0.0611765,-0.0413092,-0.0209256,0
0,-0.0105809,-0.0212674,-0.0320648,-0.0429779,-0.0540107,-0.0651668,-0.0764488,-0.0878589,-0.0993979,-0.111066,-0.122862,-0.134784,-0.14683,-0.158993,-0.171268,-0.183649,-0.196125,-0.208687,-0.221322,-0.234018,-0.246757,-0.259523,-0.272297,-0.285058,-0.297785,-0.310452,-0.323034,-0.335503,-0.347832,-0.359991,-0.371947,-0.38367,-0.395126,-0.406283,-0.417106,-0.427563,-0.437619,-0.447244,-0.456404,-0.46507,-0.473213,-0.480805,-0.487822,-0.49424,-0.50004,-0.505205,-0.509718,-0.51357,-0.516751,-0.519255,-0.52108,-0.522225,-0.522694,-0.522492,-0.521626,-0.520106,-0.517942,-0.51515,-0.511741,-0.507732,-0.503138,-0.497976,-0.492262,-0.486013,-0.479244,-0.471972,-0.464211,-0.455976,-0.447282,-0.438139,-0.428561,-0.418558,-0.408139,-0.397314,-0.386091,-0.374475,-0.362473,-0.350089,-0.337327,-0.324191,-0.310682,-0.296801,-0.282548,-0.267923,-0.252924,-0.237549,-0.221794,-0.205655,-0.189124,-0.172197,-0.154863,-0.137114,-0.118937,-0.100319,-0.0812451,-0.0616975,-0.0416563,-0.021099,0
0,-0.010655,-0.0214151,-0.0322858,-0.0432717,-0.0543771,-0.0656055,-0.0769596,-0.0884413,-0.100052,-0.111791,-0.123658,-0.135651,-0.147766,-0.159999,-0.172343,-0.184792,-0.197337,-0.209966,-0.222668,-0.235429,-0.248234,-0.261064,-0.273902,-0.286726,-0.299515,-0.312243,-0.324886,-0.337416,-0.349805,-0.362022,-0.374038,-0.38582,-0.397335,-0.408551,-0.419433,-0.42995,-0.440068,-0.449753,-0.458976,-0.467705,-0.475912,-0.48357,-0.490653,-0.497139,-0.503008,-0.508241,-0.512825,-0.516746,-0.519997,-0.522571,-0.524464,-0.525677,-0.526211,-0.526072,-0.525266,-0.523802,-0.521691,-0.518946,-0.515579,-0.511607,-0.507043,-0.501905,-0.496207,-0.489966,-0.483198,-0.475919,-0.468142,-0.459884,-0.451156,-0.441973,-0.432345,-0.422283,-0.411798,-0.400899,-0.389592,-0.377886,-0.365786,-0.353297,-0.340424,-0.327169,-0.313535,-0.299523,-0.285135,-0.270369,-0.255225,-0.2397,-0.223792,-0.207495,-0.190804,-0.173714,-0.156215,-0.138299,-0.119953,-0.101166,-0.0819222,-0.0622045,-0.0419935,-0.021267,0
0,-0.0107309,-0.0215662,-0.0325113,-0.043571,-0.0547494,-0.0660502,-0.077476,-0.0890288,-0.10071,-0.112518,-0.124454,-0.136515,-0.148697,-0.160997,-0.173407,-0.18592,-0.198527,-0.211219,-0.223982,-0.236803,-0.249666,-0.262554,-0.275448,-0.288328,-0.30117,-0.313952,-0.326647,-0.339228,-0.351668,-0.363935,-0.376001,-0.387832,-0.399397,-0.410663,-0.421596,-0.432164,-0.442333,-0.452073,-0.46135,-0.470135,-0.4784,-0.486117,-0.493262,-0.499811,-0.505744,-0.511044,-0.515695,-0.519686,-0.523006,-0.52565,-0.527614,-0.528896,-0.529499,-0.529426,-0.528684,-0.527282,-0.525229,-0.522537,-0.51922,-0.515291,-0.510765,-0.505657,-0.499984,-0.49376,-0.487,-0.479721,-0.471937,-0.463662,-0.45491,-0.445692,-0.436022,-0.425909,-0.415363,-0.404395,-0.393012,-0.38122,-0.369027,-0.356438,-0.343457,-0.330087,-0.316332,-0.302193,-0.287672,-0.272768,-0.257481,-0.241808,-0.225748,-0.209296,-0.192448,-0.175197,-0.157535,-0.139454,-0.120944,-0.10199,-0.0825799,-0.062696,-0.0423197,-0.0214291,0
0,-0.0108086,-0.0217205,-0.0327411,-0.0438752,-0.0551271,-0.0665002,-0.0779973,-0.0896203,-0.10137,-0.113247,-0.12525,-0.137376,-0.149622,-0.161984,-0.174456,-0.187029,-0.199695,-0.212443,-0.225261,-0.238136,-0.251051,-0.263989,-0.276932,-0.289859,-0.302747,-0.315573,-0.328312,-0.340936,-0.353417,-0.365725,-0.377831,-0.389703,-0.401308,-0.412614,-0.423589,-0.434199,-0.444412,-0.454196,-0.46352,-0.472355,-0.480671,-0.488441,-0.495642,-0.502249,-0.508243,-0.513606,-0.518323,-0.522381,-0.52577,-0.528484,-0.530519,-0.531873,-0.532546,-0.532544,-0.531871,-0.530535,-0.528545,-0.525913,-0.522651,-0.518773,-0.514292,-0.509222,-0.50358,-0.497381,-0.490638,-0.483368,-0.475584,-0.4673,-0.45853,-0.449286,-0.43958,-0.429422,-0.418823,-0.407792,-0.396338,-0.384467,-0.372186,-0.359501,-0.346416,-0.332936,-0.319064,-0.304802,-0.290151,-0.275112,-0.259684,-0.243867,-0.227658,-0.211054,-0.194051,-0.176641,-0.15882,-0.140578,-0.121905,-0.102789,-0.083216,-0.0631705,-0.0426338,-0.0215849,0
0,-0.010888,-0.0218778,-0.0329748,-0.044184,-0.0555095,-0.0669549,-0.0785227,-0.090215,-0.102033,-0.113976,-0.126043,-0.138232,-0.150539,-0.16296,-0.175489,-0.188117,-0.200837,-0.213636,-0.226504,-0.239425,-0.252385,-0.265367,-0.278351,-0.291317,-0.304243,-0.317105,-0.329878,-0.342535,-0.355048,-0.367388,-0.379525,-0.391427,-0.403063,-0.414401,-0.425408,-0.436051,-0.446299,-0.45612,-0.465484,-0.474359,-0.482719,-0.490537,-0.497788,-0.504449,-0.5105,-0.515923,-0.520702,-0.524826,-0.528283,-0.531067,-0.533173,-0.5346,-0.535347,-0.535417,-0.534816,-0.533551,-0.53163,-0.529063,-0.525863,-0.522041,-0.517611,-0.512588,-0.506985,-0.500817,-0.494099,-0.486845,-0.479069,-0.470785,-0.462005,-0.452741,-0.443007,-0.432812,-0.422166,-0.411079,-0.39956,-0.387615,-0.375252,-0.362476,-0.349293,-0.335708,-0.321722,-0.30734,-0.292563,-0.277393,-0.261829,-0.24587,-0.229516,-0.212763,-0.195607,-0.178043,-0.160065,-0.141665,-0.122834,-0.103559,-0.0838285,-0.0636263,-0.0429349,-0.0217338,0
0,-0.0109689,-0.0220378,-0.0332122,-0.0444969,-0.0558962,-0.0674134,-0.0790513,-0.0908117,-0.102696,-0.114703,-0.126832,-0.139081,-0.151446,-0.163922,-0.176504,-0.189183,-0.20195,-0.214796,-0.227706,-0.240669,-0.253667,-0.266685,-0.279702,-0.2927,-0.305655,-0.318544,-0.331343,-0.344024,-0.35656,-0.368922,-0.38108,-0.393004,-0.404661,-0.416021,-0.427051,-0.437718,-0.447993,-0.457842,-0.467236,-0.476146,-0.484543,-0.492402,-0.499697,-0.506407,-0.51251,-0.517989,-0.522828,-0.527015,-0.530539,-0.533393,-0.535571,-0.537071,-0.537893,-0.538039,-0.537514,-0.536323,-0.534475,-0.531979,-0.528845,-0.525086,-0.520715,-0.515744,-0.510188,-0.504059,-0.497373,-0.490143,-0.482382,-0.474105,-0.465322,-0.456048,-0.446292,-0.436067,-0.425381,-0.414245,-0.402667,-0.390655,-0.378215,-0.365354,-0.352078,-0.338392,-0.324298,-0.309801,-0.294902,-0.279604,-0.263907,-0.247811,-0.231315,-0.214416,-0.197112,-0.179397,-0.161267,-0.142713,-0.123727,-0.104299,-0.0844155,-0.0640621,-0.0432219,-0.0218753,0
0,-0.0110512,-0.0222003,-0.0334527,-0.0448133,-0.0562863,-0.067875,-0.0795821,-0.0914094,-0.103358,-0.115427,-0.127615,-0.139921,-0.152341,-0.164869,-0.177499,-0.190224,-0.203034,-0.21592,-0.228867,-0.241864,-0.254894,-0.26794,-0.280983,-0.294004,-0.30698,-0.319888,-0.332703,-0.345399,-0.357949,-0.370324,-0.382494,-0.394429,-0.406099,-0.417471,-0.428515,-0.439198,-0.44949,-0.459359,-0.468777,-0.477713,-0.486141,-0.494034,-0.501367,-0.50812,-0.514271,-0.519802,-0.524698,-0.528946,-0.532535,-0.535457,-0.537707,-0.539281,-0.54018,-0.540404,-0.539957,-0.538844,-0.537072,-0.534651,-0.53159,-0.5279,-0.523593,-0.518681,-0.513178,-0.507096,-0.500449,-0.49325,-0.485513,-0.477249,-0.468472,-0.459194,-0.449425,-0.439176,-0.428457,-0.417279,-0.405649,-0.393575,-0.381065,-0.368125,-0.354762,-0.340979,-0.326782,-0.312175,-0.29716,-0.281738,-0.265913,-0.249683,-0.233049,-0.216009,-0.19856,-0.180699,-0.162421,-0.143718,-0.124583,-0.105006,-0.084975,-0.0644765,-0.0434941,-0.0220091,0
0,-0.0111348,-0.022365,-0.033696,-0.0451327,-0.0566791,-0.0683388,-0.0801141,-0.0920069,-0.104018,-0.116147,-0.128392,-0.140752,-0.153222,-0.165797,-0.178472,-0.191238,-0.204086,-0.217005,-0.229984,-0.243008,-0.256062,-0.269129,-0.282191,-0.295227,-0.308216,-0.321134,-0.333957,-0.346659,-0.359213,-0.371591,-0.383764,-0.395702,-0.407375,-0.41875,-0.429799,-0.440489,-0.45079,-0.460671,-0.470104,-0.479059,-0.48751,-0.495431,-0.502797,-0.509587,-0.515781,-0.52136,-0.52631,-0.530616,-0.534268,-0.537257,-0.539579,-0.541228,-0.542203,-0.542507,-0.54214,-0.541108,-0.539417,-0.537075,-0.534091,-0.530475,-0.526237,-0.521391,-0.515947,-0.509918,-0.503317,-0.496157,-0.48845,-0.480208,-0.471444,-0.462169,-0.452393,-0.442129,-0.431384,-0.42017,-0.408495,-0.396367,-0.383793,-0.37078,-0.357334,-0.343462,-0.329167,-0.314455,-0.299327,-0.283788,-0.267839,-0.251481,-0.234713,-0.217536,-0.199948,-0.181945,-0.163523,-0.144676,-0.125397,-0.105677,-0.0855052,-0.064868,-0.0437504,-0.0221346,0
0,-0.0112195,-0.0225315,-0.0339415,-0.0454543,-0.0570739,-0.0688037,-0.0806462,-0.0926029,-0.104675,-0.116861,-0.12916,-0.141571,-0.154088,-0.166706,-0.179421,-0.192222,-0.205103,-0.218051,-0.231054,-0.244099,-0.257171,-0.270252,-0.283324,-0.296367,-0.30936,-0.32228,-0.335102,-0.347801,-0.360351,-0.372724,-0.38489,-0.396822,-0.408488,-0.419858,-0.430903,-0.441591,-0.451892,-0.461777,-0.471218,-0.480185,-0.488652,-0.496594,-0.503987,-0.510809,-0.517041,-0.522664,-0.527663,-0.532025,-0.535737,-0.538792,-0.541184,-0.542907,-0.543961,-0.544344,-0.544059,-0.543111,-0.541503,-0.539244,-0.536341,-0.532803,-0.528641,-0.523865,-0.518487,-0.512518,-0.50597,-0.498855,-0.491185,-0.482972,-0.474228,-0.464963,-0.455188,-0.444915,-0.434152,-0.422909,-0.411196,-0.399019,-0.386388,-0.373308,-0.359787,-0.345831,-0.331444,-0.316632,-0.301398,-0.285746,-0.269678,-0.253196,-0.236301,-0.218993,-0.20127,-0.18313,-0.16457,-0.145585,-0.126168,-0.106311,-0.0860043,-0.0652354,-0.0439901,-0.0222514,0
0,-0.0113051,-0.0226996,-0.0341888,-0.0457776,-0.0574698,-0.0692689,-0.0811771,-0.0931961,-0.105326,-0.117568,-0.129918,-0.142376,-0.154936,-0.167594,-0.180343,-0.193176,-0.206083,-0.219053,-0.232075,-0.245135,-0.258217,-0.271304,-0.284379,-0.297422,-0.310411,-0.323324,-0.336137,-0.348825,-0.361362,-0.37372,-0.385871,-0.397787,-0.409438,-0.420794,-0.431826,-0.442504,-0.452798,-0.462679,-0.472119,-0.48109,-0.489567,-0.497524,-0.504937,-0.511787,-0.518051,-0.523714,-0.528759,-0.533172,-0.536943,-0.540061,-0.542522,-0.544319,-0.545449,-0.545914,-0.545713,-0.544849,-0.543328,-0.541154,-0.538336,-0.534881,-0.530798,-0.526098,-0.52079,-0.514886,-0.508397,-0.501334,-0.493709,-0.485531,-0.476814,-0.467567,-0.4578,-0.447525,-0.436751,-0.425487,-0.413742,-0.401524,-0.388842,-0.375702,-0.362112,-0.348078,-0.333605,-0.3187,-0.303365,-0.287606,-0.271425,-0.254825,-0.237808,-0.220373,-0.202521,-0.184251,-0.165559,-0.146441,-0.126892,-0.106905,-0.0864707,-0.0655775,-0.0442123,-0.0223592,0
0,-0.0113915,-0.0228688,-0.0344373,-0.0461017,-0.0578659,-0.0697331,-0.0817057,-0.093785,-0.105972,-0.118265,-0.130664,-0.143165,-0.155765,-0.168457,-0.181237,-0.194096,-0.207024,-0.220011,-0.233046,-0.246113,-0.259198,-0.272285,-0.285356,-0.29839,-0.311368,-0.324266,-0.337061,-0.349729,-0.362244,-0.374579,-0.386706,-0.398598,-0.410225,-0.421559,-0.43257,-0.443229,-0.453507,-0.463376,-0.472808,-0.481777,-0.490256,-0.498222,-0.50565,-0.51252,-0.518813,-0.524511,-0.529597,-0.534059,-0.537884,-0.541065,-0.543592,-0.545461,-0.546669,-0.547215,-0.547098,-0.54632,-0.544887,-0.542801,-0.540071,-0.536702,-0.532703,-0.528083,-0.522851,-0.517018,-0.510594,-0.503588,-0.496013,-0.487878,-0.479194,-0.469971,-0.46022,-0.449951,-0.439172,-0.427893,-0.416124,-0.403872,-0.391146,-0.377953,-0.3643,-0.350195,-0.335643,-0.32065,-0.305221,-0.28936,-0.273073,-0.256361,-0.239227,-0.221672,-0.203698,-0.185302,-0.166485,-0.147241,-0.127568,-0.107458,-0.0869027,-0.065893,-0.0444162,-0.0224577,0
0,-0.0114785,-0.0230388,-0.0346864,-0.0464259,-0.0582612,-0.0701953,-0.0822306,-0.0943684,-0.106609,-0.118952,-0.131395,-0.143937,-0.156572,-0.169295,-0.182101,-0.19498,-0.207924,-0.220922,-0.233963,-0.247031,-0.260114,-0.273193,-0.286252,-0.29927,-0.312228,-0.325103,-0.337873,-0.350513,-0.362998,-0.375301,-0.387396,-0.399255,-0.41085,-0.422153,-0.433135,-0.443767,-0.454022,-0.463872,-0.473289,-0.482248,-0.490723,-0.49869,-0.506127,-0.513013,-0.519329,-0.525057,-0.53018,-0.534687,-0.538565,-0.541803,-0.544396,-0.546336,-0.54762,-0.548246,-0.548213,-0.547523,-0.546178,-0.544183,-0.541542,-0.538263,-0.534351,-0.529815,-0.524664,-0.518906,-0.512552,-0.50561,-0.498091,-0.490004,-0.481361,-0.472169,-0.46244,-0.452182,-0.441406,-0.43012,-0.418333,-0.406054,-0.393291,-0.380052,-0.366343,-0.352173,-0.337549,-0.322475,-0.306958,-0.291003,-0.274615,-0.257798,-0.240554,-0.222886,-0.204795,-0.186282,-0.167345,-0.147983,-0.128192,-0.107966,-0.0872988,-0.066181,-0.0446013,-0.0225464,0
0,-0.0115657,-0.0232091,-0.0349355,-0.0467494,-0.0586547,-0.0706543,-0.0827505,-0.0949445,-0.107237,-0.119626,-0.132111,-0.144689,-0.157355,-0.170105,-0.182931,-0.195826,-0.208781,-0.221784,-0.234825,-0.247888,-0.260961,-0.274025,-0.287065,-0.30006,-0.312991,-0.325836,-0.338572,-0.351175,-0.363622,-0.375886,-0.38794,-0.399759,-0.411314,-0.422578,-0.433522,-0.444121,-0.454345,-0.464167,-0.473563,-0.482505,-0.490969,-0.498932,-0.506372,-0.513269,-0.519602,-0.525355,-0.530512,-0.535059,-0.538985,-0.54228,-0.544934,-0.546943,-0.548302,-0.549008,-0.549059,-0.548456,-0.547201,-0.545297,-0.542749,-0.539561,-0.535739,-0.531291,-0.526224,-0.520546,-0.514266,-0.507393,-0.499936,-0.491904,-0.483306,-0.474152,-0.464451,-0.454213,-0.443446,-0.432159,-0.420362,-0.408063,-0.39527,-0.381991,-0.368234,-0.354007,-0.339316,-0.324169,-0.308571,-0.292529,-0.276047,-0.259131,-0.241784,-0.224009,-0.205809,-0.187185,-0.168137,-0.148664,-0.128762,-0.108429,-0.0876578,-0.0664404,-0.0447669,-0.022625,0
0,-0.0116531,-0.0233793,-0.0351839,-0.0470713,-0.0590454,-0.0711089,-0.0832641,-0.095512,-0.107853,-0.120286,-0.132809,-0.14542,-0.158113,-0.170885,-0.183727,-0.196633,-0.209592,-0.222595,-0.235629,-0.248682,-0.261738,-0.274781,-0.287794,-0.300759,-0.313655,-0.326462,-0.339157,-0.351717,-0.364117,-0.376334,-0.38834,-0.40011,-0.411617,-0.422835,-0.433735,-0.444291,-0.454477,-0.464266,-0.473633,-0.482551,-0.490999,-0.498952,-0.506389,-0.513289,-0.519635,-0.525408,-0.530594,-0.535178,-0.539149,-0.542496,-0.54521,-0.547286,-0.548717,-0.549501,-0.549635,-0.54912,-0.547955,-0.546143,-0.543688,-0.540593,-0.536864,-0.532506,-0.527527,-0.521933,-0.515732,-0.508932,-0.501542,-0.49357,-0.485024,-0.475913,-0.466247,-0.456035,-0.445284,-0.434004,-0.422203,-0.409891,-0.397075,-0.383764,-0.369966,-0.355688,-0.340939,-0.325725,-0.310053,-0.293931,-0.277363,-0.260355,-0.242912,-0.225038,-0.206737,-0.188009,-0.168857,-0.149281,-0.129278,-0.108845,-0.0879783,-0.0666703,-0.0449124,-0.0226935,0
0,-0.0117404,-0.023549,-0.035431,-0.0473908,-0.0594322,-0.0715579,-0.0837699,-0.0960693,-0.108456,-0.12093,-0.133488,-0.146127,-0.158844,-0.171632,-0.184486,-0.197397,-0.210356,-0.223353,-0.236375,-0.24941,-0.262443,-0.275458,-0.288438,-0.301366,-0.31422,-0.326982,-0.339628,-0.352137,-0.364484,-0.376645,-0.388596,-0.40031,-0.411762,-0.422926,-0.433774,-0.444282,-0.454423,-0.464171,-0.473502,-0.482391,-0.490815,-0.498752,-0.50618,-0.513079,-0.519432,-0.525221,-0.530431,-0.535047,-0.539059,-0.542455,-0.545226,-0.547365,-0.548867,-0.549728,-0.549944,-0.549514,-0.548439,-0.54672,-0.544359,-0.541359,-0.537724,-0.533459,-0.52857,-0.523063,-0.516945,-0.510223,-0.502904,-0.494997,-0.486508,-0.477447,-0.467822,-0.457641,-0.446913,-0.435646,-0.423849,-0.411531,-0.3987,-0.385364,-0.371531,-0.357211,-0.34241,-0.327137,-0.3114,-0.295204,-0.278557,-0.261466,-0.243935,-0.22597,-0.207574,-0.188751,-0.169504,-0.149832,-0.129736,-0.109213,-0.0882593,-0.0668701,-0.0450374,-0.0227514,0
0,-0.0118273,-0.0237175,-0.035676,-0.047707,-0.059814,-0.0719999,-0.0842666,-0.0966148,-0.109045,-0.121555,-0.134144,-0.146809,-0.159544,-0.172346,-0.185206,-0.198117,-0.211071,-0.224055,-0.23706,-0.250071,-0.263075,-0.276056,-0.288996,-0.30188,-0.314686,-0.327395,-0.339986,-0.352436,-0.364722,-0.376822,-0.38871,-0.400361,-0.411751,-0.422854,-0.433644,-0.444096,-0.454185,-0.463886,-0.473174,-0.482027,-0.490422,-0.498336,-0.50575,-0.512643,-0.518998,-0.524797,-0.530026,-0.534671,-0.538719,-0.54216,-0.544985,-0.547185,-0.548755,-0.54969,-0.549986,-0.549641,-0.548655,-0.547028,-0.544761,-0.541856,-0.538317,-0.534147,-0.529351,-0.523934,-0.517902,-0.511261,-0.504018,-0.49618,-0.487754,-0.478748,-0.46917,-0.459027,-0.448328,-0.437081,-0.425294,-0.412977,-0.400137,-0.386784,-0.372925,-0.358569,-0.343725,-0.328401,-0.312604,-0.296344,-0.279626,-0.262459,-0.244848,-0.226799,-0.208318,-0.189408,-0.170074,-0.150315,-0.130135,-0.10953,-0.0884998,-0.067039,-0.0451415,-0.0227987,0
0,-0.0119135,-0.0238846,-0.0359183,-0.0480189,-0.0601899,-0.0724338,-0.0847526,-0.097147,-0.109617,-0.122161,-0.134778,-0.147463,-0.160214,-0.173023,-0.185885,-0.198792,-0.211734,-0.224701,-0.237682,-0.250664,-0.263633,-0.276573,-0.289468,-0.3023,-0.315051,-0.327701,-0.340229,-0.352615,-0.364834,-0.376865,-0.388683,-0.400264,-0.411585,-0.42262,-0.433345,-0.443735,-0.453766,-0.463413,-0.472654,-0.481465,-0.489824,-0.497711,-0.505104,-0.511985,-0.518337,-0.524142,-0.529386,-0.534054,-0.538135,-0.541617,-0.54449,-0.546748,-0.548383,-0.549389,-0.549764,-0.549502,-0.548604,-0.547068,-0.544895,-0.542086,-0.538643,-0.534569,-0.529867,-0.524543,-0.5186,-0.512043,-0.50488,-0.497116,-0.488757,-0.479811,-0.470285,-0.460186,-0.449522,-0.438302,-0.426532,-0.414223,-0.401382,-0.388019,-0.374141,-0.359757,-0.344877,-0.32951,-0.313663,-0.297345,-0.280565,-0.26333,-0.245647,-0.227524,-0.208966,-0.189978,-0.170565,-0.150729,-0.130473,-0.109797,-0.088699,-0.0671765,-0.0452243,-0.0228353,0
0,-0.0119989,-0.0240497,-0.0361572,-0.0483257,-0.0605586,-0.0728583,-0.0852266,-0.0976643,-0.110171,-0.122746,-0.135386,-0.148089,-0.160849,-0.173663,-0.186522,-0.199419,-0.212344,-0.225289,-0.238241,-0.251188,-0.264115,-0.277008,-0.289851,-0.302626,-0.315316,-0.327901,-0.34036,-0.352674,-0.364819,-0.376775,-0.388517,-0.400022,-0.411268,-0.422229,-0.432883,-0.443205,-0.453171,-0.462759,-0.471945,-0.480708,-0.489027,-0.496879,-0.504247,-0.511111,-0.517454,-0.52326,-0.528513,-0.5332,-0.537309,-0.540828,-0.543747,-0.546059,-0.547755,-0.548831,-0.54928,-0.5491,-0.548288,-0.546842,-0.544762,-0.542048,-0.538702,-0.534724,-0.530119,-0.524888,-0.519036,-0.512568,-0.505487,-0.497801,-0.489514,-0.480633,-0.471164,-0.461114,-0.450492,-0.439304,-0.427559,-0.415265,-0.40243,-0.389063,-0.375174,-0.360771,-0.345863,-0.33046,-0.314571,-0.298205,-0.281371,-0.264077,-0.246331,-0.228142,-0.209515,-0.190458,-0.170976,-0.151072,-0.13075,-0.110012,-0.0888563,-0.0672822,-0.0452856,-0.0228609,0
0,-0.0120833,-0.0242123,-0.036392,-0.0486265,-0.0609191,-0.0732722,-0.0856874,-0.0981653,-0.110706,-0.123307,-0.135967,-0.148683,-0.16145,-0.174263,-0.187114,-0.199996,-0.212901,-0.225817,-0.238735,-0.25164,-0.264521,-0.277362,-0.290146,-0.302859,-0.315481,-0.327994,-0.340379,-0.352615,-0.36468,-0.376554,-0.388214,-0.399638,-0.410802,-0.421684,-0.43226,-0.442507,-0.452404,-0.461926,-0.471053,-0.479762,-0.488034,-0.495848,-0.503185,-0.510026,-0.516355,-0.522157,-0.527415,-0.532116,-0.536248,-0.539799,-0.54276,-0.545122,-0.546876,-0.548017,-0.548539,-0.548437,-0.547709,-0.546352,-0.544364,-0.541744,-0.538494,-0.534614,-0.530105,-0.524969,-0.519211,-0.512832,-0.505838,-0.498233,-0.490021,-0.481209,-0.471803,-0.461809,-0.451233,-0.440085,-0.42837,-0.416098,-0.403276,-0.389914,-0.376021,-0.361606,-0.346679,-0.331249,-0.315326,-0.29892,-0.28204,-0.264696,-0.246896,-0.22865,-0.209964,-0.190848,-0.171305,-0.151343,-0.130965,-0.110174,-0.0889713,-0.0673558,-0.0453253,-0.0228756,0
0,-0.0121662,-0.0243719,-0.036622,-0.0489204,-0.0612704,-0.0736742,-0.0861334,-0.0986485,-0.111219,-0.123844,-0.13652,-0.149245,-0.162014,-0.174821,-0.18766,-0.200523,-0.213402,-0.226285,-0.239163,-0.252022,-0.26485,-0.277633,-0.290354,-0.302998,-0.315547,-0.327983,-0.340287,-0.352439,-0.364419,-0.376206,-0.387778,-0.399113,-0.41019,-0.420987,-0.43148,-0.441648,-0.451468,-0.46092,-0.469982,-0.478632,-0.486852,-0.494621,-0.501922,-0.508736,-0.515046,-0.520838,-0.526095,-0.530806,-0.534956,-0.538536,-0.541534,-0.543941,-0.54575,-0.546953,-0.547544,-0.547518,-0.546871,-0.5456,-0.543702,-0.541176,-0.538021,-0.534238,-0.529826,-0.524787,-0.519123,-0.512837,-0.505931,-0.49841,-0.490278,-0.481539,-0.4722,-0.462266,-0.451744,-0.44064,-0.428962,-0.416718,-0.403917,-0.390568,-0.376679,-0.36226,-0.347321,-0.331872,-0.315924,-0.299487,-0.28257,-0.265185,-0.24734,-0.229046,-0.210312,-0.191144,-0.171552,-0.151542,-0.131117,-0.110284,-0.0890437,-0.0673971,-0.0453433,-0.0228793,0
0,-0.0122476,-0.0245282,-0.0368466,-0.0492066,-0.0616115,-0.0740634,-0.0865636,-0.0991127,-0.11171,-0.124355,-0.137043,-0.149773,-0.16254,-0.175338,-0.18816,-0.200999,-0.213846,-0.226691,-0.239524,-0.252332,-0.265102,-0.277821,-0.290474,-0.303044,-0.315514,-0.327867,-0.340085,-0.352148,-0.364037,-0.375731,-0.38721,-0.398453,-0.409437,-0.420143,-0.430548,-0.44063,-0.45037,-0.459746,-0.468737,-0.477323,-0.485486,-0.493206,-0.500465,-0.507246,-0.513532,-0.519309,-0.524562,-0.529277,-0.533441,-0.537044,-0.540074,-0.542523,-0.544382,-0.545643,-0.546299,-0.546346,-0.545777,-0.54459,-0.54278,-0.540346,-0.537286,-0.533599,-0.529284,-0.524342,-0.518773,-0.512581,-0.505766,-0.498332,-0.490283,-0.481621,-0.472354,-0.462485,-0.45202,-0.440967,-0.429333,-0.417125,-0.404351,-0.391021,-0.377144,-0.362729,-0.347787,-0.332328,-0.316364,-0.299904,-0.28296,-0.265542,-0.247663,-0.22933,-0.210556,-0.191348,-0.171716,-0.151666,-0.131206,-0.110341,-0.0890733,-0.0674062,-0.0453397,-0.0228722,0
0,-0.0123271,-0.0246806,-0.0370651,-0.0494844,-0.0619415,-0.0744385,-0.0869768,-0.0995567,-0.112178,-0.124838,-0.137535,-0.150266,-0.163026,-0.17581,-0.188611,-0.201421,-0.214232,-0.227035,-0.239818,-0.25257,-0.265278,-0.277928,-0.290506,-0.302997,-0.315384,-0.327649,-0.339776,-0.351745,-0.363538,-0.375134,-0.386515,-0.397659,-0.408546,-0.419156,-0.429468,-0.43946,-0.449114,-0.458409,-0.467325,-0.475842,-0.483943,-0.491608,-0.49882,-0.505564,-0.511821,-0.517578,-0.522821,-0.527535,-0.531708,-0.53533,-0.538388,-0.540874,-0.542778,-0.544093,-0.544811,-0.544926,-0.544433,-0.543327,-0.541603,-0.539259,-0.536291,-0.532699,-0.528481,-0.523635,-0.518164,-0.512066,-0.505344,-0.497999,-0.490035,-0.481455,-0.472263,-0.462464,-0.452063,-0.441066,-0.429481,-0.417315,-0.404576,-0.391272,-0.377415,-0.363012,-0.348075,-0.332615,-0.316643,-0.30017,-0.283207,-0.265768,-0.247862,-0.229501,-0.210696,-0.191458,-0.171796,-0.151718,-0.131232,-0.110344,-0.0890604,-0.0673833,-0.0453146,-0.0228543,0
0,-0.0124047,-0.0248288,-0.0372769,-0.0497529,-0.0622594,-0.0747987,-0.0873719,-0.0999792,-0.11262,-0.125293,-0.137995,-0.150723,-0.163473,-0.176238,-0.189013,-0.201791,-0.214561,-0.227316,-0.240045,-0.252736,-0.265376,-0.277954,-0.290453,-0.30286,-0.315158,-0.327331,-0.339362,-0.351232,-0.362924,-0.374418,-0.385695,-0.396737,-0.407522,-0.418031,-0.428245,-0.438143,-0.447707,-0.456916,-0.465751,-0.474195,-0.482228,-0.489834,-0.496995,-0.503696,-0.50992,-0.515652,-0.520879,-0.525588,-0.529765,-0.5334,-0.536482,-0.539,-0.540945,-0.54231,-0.543085,-0.543266,-0.542844,-0.541815,-0.540175,-0.537918,-0.535042,-0.531543,-0.52742,-0.522672,-0.517296,-0.511294,-0.504666,-0.497413,-0.489538,-0.481042,-0.471929,-0.462204,-0.451871,-0.440936,-0.429406,-0.417289,-0.404591,-0.391322,-0.377491,-0.363108,-0.348185,-0.332732,-0.316761,-0.300284,-0.283312,-0.26586,-0.247937,-0.229558,-0.210733,-0.191474,-0.171792,-0.151696,-0.131194,-0.110295,-0.0890052,-0.0673285,-0.0452682,-0.0228256,0
0,-0.0124799,-0.0249723,-0.0374816,-0.0500115,-0.0625646,-0.0751431,-0.087748,-0.100379,-0.113037,-0.125718,-0.138421,-0.151143,-0.163878,-0.176621,-0.189366,-0.202106,-0.214832,-0.227535,-0.240205,-0.252831,-0.265399,-0.277899,-0.290315,-0.302633,-0.314839,-0.326915,-0.338845,-0.350612,-0.362198,-0.373586,-0.384756,-0.39569,-0.406369,-0.416774,-0.426885,-0.436685,-0.446153,-0.455272,-0.464023,-0.472388,-0.48035,-0.487892,-0.494997,-0.50165,-0.507835,-0.513538,-0.518745,-0.523443,-0.52762,-0.531263,-0.534363,-0.536909,-0.538891,-0.5403,-0.541129,-0.54137,-0.541016,-0.540062,-0.538501,-0.536329,-0.533542,-0.530135,-0.526107,-0.521454,-0.516175,-0.51027,-0.503737,-0.496577,-0.488792,-0.480383,-0.471353,-0.461706,-0.451446,-0.440578,-0.42911,-0.417046,-0.404396,-0.391169,-0.377373,-0.363018,-0.348117,-0.332679,-0.316718,-0.300246,-0.283275,-0.265819,-0.24789,-0.229502,-0.210667,-0.191398,-0.171705,-0.151601,-0.131094,-0.110194,-0.0889082,-0.0672423,-0.0452009,-0.0227865,0
0,-0.0125528,-0.0251109,-0.0376786,-0.0502595,-0.0628564,-0.0754709,-0.0881042,-0.100756,-0.113427,-0.126113,-0.138814,-0.151524,-0.164241,-0.176958,-0.18967,-0.202368,-0.215045,-0.227692,-0.240299,-0.252855,-0.265348,-0.277765,-0.290094,-0.30232,-0.314428,-0.326403,-0.338229,-0.349889,-0.361366,-0.372643,-0.383702,-0.394524,-0.405093,-0.415389,-0.425395,-0.435091,-0.444461,-0.453485,-0.462147,-0.47043,-0.478316,-0.48579,-0.492834,-0.499435,-0.505576,-0.511245,-0.516427,-0.521109,-0.52528,-0.528927,-0.53204,-0.534608,-0.536622,-0.538072,-0.53895,-0.539247,-0.538958,-0.538074,-0.536589,-0.534499,-0.531798,-0.528481,-0.524546,-0.519988,-0.514805,-0.508996,-0.502559,-0.495493,-0.487801,-0.479481,-0.470537,-0.460972,-0.45079,-0.439994,-0.428592,-0.41659,-0.403994,-0.390815,-0.377061,-0.362743,-0.347871,-0.332458,-0.316516,-0.300058,-0.283097,-0.265646,-0.247721,-0.229334,-0.210499,-0.191229,-0.171537,-0.151434,-0.130933,-0.110042,-0.0887702,-0.0671254,-0.0451131,-0.0227372,0
0,-0.012623,-0.0252441,-0.0378675,-0.0504966,-0.063134,-0.0757815,-0.08844,-0.10111,-0.113789,-0.126477,-0.139171,-0.151868,-0.164562,-0.17725,-0.189923,-0.202576,-0.215201,-0.227788,-0.240328,-0.25281,-0.265223,-0.277555,-0.289792,-0.301922,-0.313929,-0.325799,-0.337517,-0.349066,-0.36043,-0.371593,-0.382537,-0.393245,-0.4037,-0.413884,-0.423779,-0.433369,-0.442636,-0.451563,-0.460132,-0.468328,-0.476134,-0.483535,-0.490514,-0.497058,-0.503152,-0.508781,-0.513933,-0.518596,-0.522756,-0.526402,-0.529523,-0.532108,-0.534149,-0.535634,-0.536556,-0.536906,-0.536676,-0.535858,-0.534447,-0.532435,-0.529818,-0.526589,-0.522744,-0.51828,-0.513192,-0.507479,-0.501138,-0.494168,-0.486569,-0.478342,-0.469487,-0.460007,-0.449906,-0.439188,-0.427857,-0.415921,-0.403387,-0.390263,-0.376558,-0.362284,-0.34745,-0.33207,-0.316156,-0.29972,-0.282778,-0.265344,-0.247431,-0.229055,-0.21023,-0.190969,-0.171287,-0.151197,-0.130711,-0.109839,-0.0885921,-0.0669785,-0.0450053,-0.0226779,0
0,-0.0126905,-0.0253718,-0.0380479,-0.0507222,-0.0633971,-0.0760744,-0.0887548,-0.101438,-0.114124,-0.12681,-0.139495,-0.152173,-0.164842,-0.177495,-0.190128,-0.202732,-0.2153,-0.227824,-0.240293,-0.252698,-0.265028,-0.27727,-0.289413,-0.301442,-0.313345,-0.325108,-0.336714,-0.348149,-0.359397,-0.370442,-0.381268,-0.391858,-0.402196,-0.412264,-0.422047,-0.431527,-0.440687,-0.449512,-0.457985,-0.466091,-0.473813,-0.481137,-0.488047,-0.49453,-0.500571,-0.506157,-0.511275,-0.515912,-0.520056,-0.523696,-0.52682,-0.529419,-0.531481,-0.532997,-0.533958,-0.534356,-0.534181,-0.533426,-0.532084,-0.530147,-0.52761,-0.524466,-0.52071,-0.516337,-0.511344,-0.505726,-0.499481,-0.492608,-0.485104,-0.47697,-0.468207,-0.458816,-0.4488,-0.438163,-0.426909,-0.415045,-0.402578,-0.389516,-0.375868,-0.361645,-0.346857,-0.331518,-0.31564,-0.299237,-0.282323,-0.264914,-0.247023,-0.228668,-0.209862,-0.190621,-0.17096,-0.150891,-0.13043,-0.109587,-0.088375,-0.0668025,-0.0448782,-0.022609,0
0,-0.0127551,-0.0254936,-0.0382195,-0.0509358,-0.0636452,-0.0763491,-0.0890482,-0.101742,-0.114431,-0.127112,-0.139783,-0.15244,-0.16508,-0.177696,-0.190284,-0.202835,-0.215344,-0.2278,-0.240196,-0.252521,-0.264763,-0.276913,-0.288958,-0.300885,-0.312681,-0.324332,-0.335824,-0.347142,-0.358271,-0.369196,-0.379901,-0.39037,-0.400588,-0.410538,-0.420204,-0.429571,-0.438622,-0.447342,-0.455716,-0.463728,-0.471362,-0.478606,-0.485443,-0.491861,-0.497845,-0.503383,-0.508462,-0.513069,-0.517192,-0.520821,-0.523944,-0.52655,-0.528629,-0.530171,-0.531167,-0.531607,-0.531483,-0.530786,-0.529509,-0.527644,-0.525183,-0.522121,-0.518452,-0.514169,-0.509268,-0.503745,-0.497596,-0.490819,-0.483412,-0.475374,-0.466704,-0.457405,-0.447477,-0.436925,-0.425753,-0.413967,-0.401573,-0.388579,-0.374994,-0.360829,-0.346096,-0.330806,-0.314973,-0.29861,-0.281734,-0.264359,-0.246501,-0.228175,-0.209399,-0.190187,-0.170555,-0.150519,-0.130092,-0.109289,-0.0881205,-0.0665985,-0.0447326,-0.0225309,0
0,-0.0128168,-0.0256095,-0.038382,-0.0511374,-0.063878,-0.0766053,-0.08932,-0.102022,-0.11471,-0.127382,-0.140037,-0.152669,-0.165276,-0.177853,-0.190392,-0.202888,-0.215334,-0.22772,-0.240039,-0.25228,-0.264433,-0.276488,-0.288432,-0.300253,-0.311939,-0.323477,-0.334852,-0.34605,-0.357058,-0.36786,-0.378442,-0.388788,-0.398883,-0.408712,-0.41826,-0.427511,-0.43645,-0.445063,-0.453333,-0.461248,-0.468792,-0.475951,-0.482712,-0.48906,-0.494984,-0.50047,-0.505505,-0.510078,-0.514176,-0.517789,-0.520905,-0.523514,-0.525605,-0.527168,-0.528193,-0.528672,-0.528594,-0.527951,-0.526735,-0.524937,-0.52255,-0.519567,-0.515981,-0.511786,-0.506976,-0.501546,-0.495493,-0.488812,-0.481502,-0.47356,-0.464986,-0.455781,-0.445945,-0.435483,-0.424396,-0.412692,-0.400377,-0.387457,-0.373943,-0.359843,-0.345171,-0.329938,-0.314158,-0.297846,-0.281015,-0.263683,-0.245866,-0.22758,-0.208842,-0.189669,-0.170077,-0.150083,-0.1297,-0.108945,-0.0878299,-0.0663677,-0.0445692,-0.022444,0
0,-0.0128753,-0.0257192,-0.0385353,-0.0513267,-0.0640955,-0.0768431,-0.0895701,-0.102276,-0.114961,-0.127622,-0.140256,-0.152861,-0.165433,-0.177966,-0.190454,-0.202892,-0.215272,-0.227585,-0.239824,-0.251979,-0.264041,-0.275997,-0.287838,-0.299552,-0.311126,-0.322547,-0.333803,-0.34488,-0.355764,-0.366442,-0.376898,-0.387118,-0.397089,-0.406795,-0.416222,-0.425355,-0.43418,-0.442682,-0.450848,-0.458662,-0.466112,-0.473184,-0.479865,-0.486141,-0.492,-0.497429,-0.502417,-0.506951,-0.51102,-0.514612,-0.517717,-0.520324,-0.522422,-0.524001,-0.525051,-0.525563,-0.525527,-0.524933,-0.523773,-0.522039,-0.519722,-0.516814,-0.513309,-0.509199,-0.504478,-0.49914,-0.493182,-0.486597,-0.479384,-0.47154,-0.463063,-0.453954,-0.444213,-0.433843,-0.422847,-0.41123,-0.398998,-0.386158,-0.37272,-0.358693,-0.34409,-0.328922,-0.313203,-0.296948,-0.280172,-0.262892,-0.245125,-0.226888,-0.208197,-0.189072,-0.169529,-0.149585,-0.129256,-0.108558,-0.0875052,-0.0661116,-0.0443892,-0.0223488,0
0,-0.0129307,-0.0258226,-0.0386793,-0.0515035,-0.0642974,-0.0770623,-0.0897987,-0.102506,-0.115184,-0.12783,-0.140443,-0.153017,-0.16555,-0.178037,-0.190472,-0.202848,-0.21516,-0.227398,-0.239555,-0.251622,-0.263589,-0.275446,-0.287181,-0.298785,-0.310245,-0.321549,-0.332684,-0.343638,-0.354397,-0.364947,-0.375277,-0.38537,-0.395215,-0.404796,-0.4141,-0.423113,-0.431821,-0.440211,-0.448269,-0.455981,-0.463335,-0.470316,-0.476914,-0.483114,-0.488905,-0.494274,-0.49921,-0.503702,-0.507737,-0.511304,-0.514393,-0.516993,-0.519094,-0.520684,-0.521754,-0.522294,-0.522295,-0.521746,-0.520639,-0.518964,-0.516713,-0.513877,-0.510449,-0.506422,-0.501788,-0.49654,-0.490675,-0.484186,-0.47707,-0.469323,-0.460945,-0.451934,-0.44229,-0.432016,-0.421113,-0.409587,-0.397444,-0.38469,-0.371334,-0.357387,-0.342858,-0.327762,-0.312112,-0.295922,-0.27921,-0.26199,-0.244282,-0.226102,-0.207468,-0.1884,-0.168914,-0.149029,-0.128762,-0.10813,-0.0871484,-0.0658317,-0.0441935,-0.022246,0
0,-0.012983,-0.0259198,-0.0388139,-0.0516679,-0.064484,-0.0772632,-0.090006,-0.102712,-0.115381,-0.128009,-0.140596,-0.153138,-0.16563,-0.178068,-0.190447,-0.20276,-0.215,-0.227161,-0.239234,-0.251211,-0.263082,-0.274837,-0.286466,-0.297958,-0.309303,-0.320487,-0.3315,-0.342329,-0.352962,-0.363385,-0.373586,-0.383551,-0.393268,-0.402723,-0.411903,-0.420795,-0.429385,-0.43766,-0.445608,-0.453216,-0.460471,-0.46736,-0.473871,-0.479992,-0.485712,-0.491018,-0.495899,-0.500344,-0.504341,-0.507879,-0.510948,-0.513537,-0.515635,-0.517232,-0.518317,-0.518881,-0.518914,-0.518405,-0.517346,-0.515726,-0.513537,-0.51077,-0.507417,-0.503469,-0.498919,-0.49376,-0.487986,-0.481591,-0.474572,-0.466924,-0.458645,-0.449733,-0.440188,-0.430012,-0.419207,-0.407776,-0.395726,-0.383062,-0.369794,-0.355932,-0.341485,-0.326468,-0.310894,-0.294777,-0.278135,-0.260984,-0.243343,-0.225228,-0.20666,-0.187656,-0.168236,-0.148419,-0.128223,-0.107665,-0.0867618,-0.0655298,-0.0439833,-0.022136,0
0,-0.0130321,-0.0260107,-0.0389391,-0.05182,-0.0646553,-0.0774459,-0.0901923,-0.102894,-0.115551,-0.128159,-0.140718,-0.153224,-0.165673,-0.17806,-0.190381,-0.202628,-0.214797,-0.226878,-0.238866,-0.25075,-0.262523,-0.274175,-0.285697,-0.297076,-0.308304,-0.319369,-0.330259,-0.340962,-0.351468,-0.361762,-0.371834,-0.381671,-0.391259,-0.400587,-0.409642,-0.41841,-0.426881,-0.435041,-0.442877,-0.450379,-0.457532,-0.464327,-0.47075,-0.476789,-0.482435,-0.487674,-0.492497,-0.496891,-0.500846,-0.504352,-0.507396,-0.509969,-0.512061,-0.51366,-0.514756,-0.51534,-0.5154,-0.514927,-0.513911,-0.512343,-0.510212,-0.50751,-0.504227,-0.500355,-0.495887,-0.490814,-0.48513,-0.478829,-0.471905,-0.464355,-0.456176,-0.447364,-0.437921,-0.427845,-0.417139,-0.405807,-0.393854,-0.381286,-0.368111,-0.354338,-0.33998,-0.325048,-0.309556,-0.29352,-0.276956,-0.259881,-0.242314,-0.224273,-0.205777,-0.186847,-0.167501,-0.147759,-0.127641,-0.107165,-0.0863478,-0.0652076,-0.04376,-0.0220196,0
0,-0.013078,-0.0260953,-0.0390551,-0.05196,-0.0648116,-0.0776109,-0.0903583,-0.103053,-0.115695,-0.128282,-0.140811,-0.153279,-0.165682,-0.178017,-0.190277,-0.202457,-0.214551,-0.226552,-0.238453,-0.250244,-0.261919,-0.273467,-0.284879,-0.296145,-0.307256,-0.3182,-0.328966,-0.339544,-0.349922,-0.360087,-0.37003,-0.379736,-0.389196,-0.398396,-0.407325,-0.41597,-0.424321,-0.432364,-0.440088,-0.447481,-0.454533,-0.46123,-0.467563,-0.473519,-0.479087,-0.484258,-0.489019,-0.49336,-0.49727,-0.500738,-0.503754,-0.506308,-0.508388,-0.509985,-0.511088,-0.511686,-0.51177,-0.511329,-0.510352,-0.50883,-0.506753,-0.504112,-0.500896,-0.497098,-0.492708,-0.487719,-0.482123,-0.475914,-0.469085,-0.461633,-0.453553,-0.444843,-0.435501,-0.425527,-0.414924,-0.403694,-0.391841,-0.379372,-0.366294,-0.352617,-0.338352,-0.323511,-0.308108,-0.292159,-0.27568,-0.258688,-0.241202,-0.223242,-0.204827,-0.185977,-0.166712,-0.147054,-0.127021,-0.106633,-0.0859091,-0.0648674,-0.0435249,-0.0218975,0
0,-0.0131207,-0.0261737,-0.039162,-0.052088,-0.0649533,-0.0777587,-0.0905046,-0.103191,-0.115815,-0.128377,-0.140874,-0.153302,-0.165659,-0.177939,-0.190137,-0.202249,-0.214268,-0.226187,-0.237999,-0.249697,-0.261272,-0.272715,-0.284018,-0.295171,-0.306164,-0.316987,-0.32763,-0.338082,-0.348332,-0.358368,-0.368181,-0.377758,-0.387089,-0.396161,-0.404964,-0.413486,-0.421715,-0.429641,-0.437252,-0.444536,-0.451484,-0.458084,-0.464324,-0.470194,-0.475684,-0.480783,-0.48548,-0.489764,-0.493626,-0.497054,-0.500039,-0.502569,-0.504635,-0.506225,-0.50733,-0.507939,-0.508042,-0.507627,-0.506686,-0.505207,-0.50318,-0.500595,-0.497444,-0.493715,-0.489401,-0.484493,-0.478982,-0.472863,-0.466128,-0.458772,-0.450792,-0.442183,-0.432944,-0.423074,-0.412575,-0.401449,-0.389699,-0.377333,-0.364356,-0.350779,-0.336613,-0.321868,-0.30656,-0.290704,-0.274316,-0.257413,-0.240016,-0.222143,-0.203815,-0.185052,-0.165876,-0.146307,-0.126366,-0.106073,-0.0854484,-0.0645111,-0.0432794,-0.0217703,0
0,-0.0131604,-0.0262461,-0.0392601,-0.0522045,-0.0650808,-0.0778899,-0.0906319,-0.103306,-0.115912,-0.128448,-0.140911,-0.153298,-0.165605,-0.177829,-0.189965,-0.202007,-0.21395,-0.225786,-0.23751,-0.249113,-0.260588,-0.271927,-0.28312,-0.29416,-0.305035,-0.315738,-0.326257,-0.336583,-0.346706,-0.356614,-0.366298,-0.375746,-0.384948,-0.393892,-0.402569,-0.410967,-0.419076,-0.426884,-0.434381,-0.441557,-0.4484,-0.4549,-0.461047,-0.466831,-0.47224,-0.477265,-0.481896,-0.486121,-0.489932,-0.493317,-0.496266,-0.49877,-0.500817,-0.502397,-0.503501,-0.504116,-0.504234,-0.503842,-0.502932,-0.501491,-0.49951,-0.496979,-0.493887,-0.490225,-0.485983,-0.481153,-0.475726,-0.469695,-0.463052,-0.455792,-0.44791,-0.439402,-0.430266,-0.420501,-0.410107,-0.399087,-0.387444,-0.375183,-0.362311,-0.348838,-0.334774,-0.320131,-0.304923,-0.289164,-0.272873,-0.256066,-0.238764,-0.220984,-0.202749,-0.18408,-0.164998,-0.145524,-0.125681,-0.105489,-0.0849688,-0.0641412,-0.0430251,-0.0216389,0
0,-0.013197,-0.0263126,-0.0393495,-0.0523098,-0.0651948,-0.0780052,-0.0907412,-0.103402,-0.115987,-0.128495,-0.140922,-0.153266,-0.165524,-0.177691,-0.189763,-0.201735,-0.213601,-0.225354,-0.236989,-0.248498,-0.259873,-0.271107,-0.282191,-0.293117,-0.303876,-0.314459,-0.324855,-0.335056,-0.345052,-0.354833,-0.364388,-0.373708,-0.382782,-0.3916,-0.400152,-0.408427,-0.416415,-0.424106,-0.431489,-0.438555,-0.445294,-0.451695,-0.457748,-0.463443,-0.46877,-0.47372,-0.478282,-0.482447,-0.486204,-0.489543,-0.492455,-0.494928,-0.496954,-0.498521,-0.499618,-0.500237,-0.500365,-0.499993,-0.499109,-0.497703,-0.495764,-0.493282,-0.490247,-0.486648,-0.482475,-0.47772,-0.472374,-0.466428,-0.459875,-0.452709,-0.444925,-0.436517,-0.427484,-0.417824,-0.407537,-0.396624,-0.385089,-0.372936,-0.360172,-0.346807,-0.332849,-0.318311,-0.303207,-0.287552,-0.271362,-0.254656,-0.237453,-0.219773,-0.201637,-0.183066,-0.164084,-0.144711,-0.12497,-0.104884,-0.0844734,-0.0637599,-0.0427636,-0.0215041,0
0,-0.0132307,-0.0263734,-0.0394307,-0.0524044,-0.0652957,-0.0781054,-0.0908335,-0.103479,-0.116042,-0.12852,-0.14091,-0.153211,-0.165418,-0.177527,-0.189535,-0.201435,-0.213224,-0.224894,-0.23644,-0.247855,-0.259131,-0.270261,-0.281236,-0.29205,-0.302693,-0.313157,-0.323432,-0.333509,-0.34338,-0.353034,-0.362462,-0.371655,-0.380602,-0.389295,-0.397722,-0.405875,-0.413743,-0.421318,-0.428588,-0.435545,-0.442179,-0.44848,-0.454438,-0.460045,-0.46529,-0.470163,-0.474656,-0.478758,-0.482459,-0.48575,-0.488622,-0.491063,-0.493063,-0.494613,-0.495702,-0.49632,-0.496456,-0.496098,-0.495238,-0.493863,-0.491962,-0.489526,-0.486543,-0.483003,-0.478897,-0.474214,-0.468945,-0.463082,-0.456617,-0.449543,-0.441855,-0.433547,-0.424617,-0.415062,-0.404881,-0.394076,-0.38265,-0.370607,-0.357954,-0.344698,-0.33085,-0.316421,-0.301425,-0.285877,-0.269793,-0.253193,-0.236094,-0.218517,-0.200485,-0.182018,-0.16314,-0.143872,-0.124239,-0.104263,-0.0839656,-0.0633698,-0.0424967,-0.0213668,0
0,-0.0132616,-0.0264288,-0.0395039,-0.0524887,-0.0653844,-0.0781914,-0.0909097,-0.103539,-0.116078,-0.128525,-0.140877,-0.153133,-0.165288,-0.17734,-0.189283,-0.201112,-0.212824,-0.224411,-0.235869,-0.24719,-0.258367,-0.269394,-0.280262,-0.290965,-0.301493,-0.311839,-0.321994,-0.33195,-0.341697,-0.351226,-0.360529,-0.369596,-0.378418,-0.386987,-0.395291,-0.403323,-0.411074,-0.418532,-0.425691,-0.432539,-0.439069,-0.445271,-0.451135,-0.456652,-0.461814,-0.46661,-0.471032,-0.47507,-0.478715,-0.481956,-0.484785,-0.487191,-0.489164,-0.490695,-0.491772,-0.492386,-0.492525,-0.49218,-0.491338,-0.48999,-0.488124,-0.48573,-0.482796,-0.479313,-0.475269,-0.470654,-0.46546,-0.459677,-0.453298,-0.446314,-0.43872,-0.43051,-0.421682,-0.412231,-0.402157,-0.391461,-0.380145,-0.368213,-0.355672,-0.342528,-0.328792,-0.314474,-0.299589,-0.284152,-0.268178,-0.251686,-0.234695,-0.217227,-0.199302,-0.180943,-0.162173,-0.143015,-0.123492,-0.103629,-0.0834486,-0.0629734,-0.0422259,-0.0212278,0
0,-0.0132897,-0.0264789,-0.0395696,-0.0525635,-0.0654614,-0.078264,-0.0909711,-0.103582,-0.116096,-0.128511,-0.140825,-0.153035,-0.165139,-0.177132,-0.18901,-0.200769,-0.212404,-0.22391,-0.235279,-0.246508,-0.257587,-0.268512,-0.279275,-0.289868,-0.300283,-0.310514,-0.32055,-0.330386,-0.340011,-0.349418,-0.358597,-0.367541,-0.37624,-0.384686,-0.39287,-0.400783,-0.408417,-0.415762,-0.422809,-0.429551,-0.435977,-0.44208,-0.44785,-0.453279,-0.458358,-0.463077,-0.467427,-0.471401,-0.474987,-0.478177,-0.480962,-0.483331,-0.485275,-0.486783,-0.487846,-0.488453,-0.488593,-0.488256,-0.487431,-0.486107,-0.484272,-0.481916,-0.479028,-0.475596,-0.471611,-0.467062,-0.46194,-0.456234,-0.449937,-0.443041,-0.43554,-0.427426,-0.418698,-0.40935,-0.399383,-0.388795,-0.377589,-0.365769,-0.35334,-0.34031,-0.326687,-0.312484,-0.297712,-0.282388,-0.266527,-0.250147,-0.233268,-0.21591,-0.198096,-0.179848,-0.161189,-0.142143,-0.122735,-0.102988,-0.0829259,-0.0625733,-0.0419531,-0.021088,0
0,-0.0133153,-0.0265241,-0.0396282,-0.0526291,-0.0655277,-0.0783243,-0.0910188,-0.103611,-0.116099,-0.128481,-0.140756,-0.152921,-0.164972,-0.176907,-0.188721,-0.20041,-0.211969,-0.223393,-0.234676,-0.245813,-0.256797,-0.267622,-0.27828,-0.288765,-0.29907,-0.309187,-0.319108,-0.328825,-0.338331,-0.347618,-0.356677,-0.365499,-0.374078,-0.382404,-0.39047,-0.398266,-0.405785,-0.413018,-0.419956,-0.426592,-0.432917,-0.438922,-0.4446,-0.44994,-0.454936,-0.459578,-0.463858,-0.467766,-0.471293,-0.474431,-0.477171,-0.479501,-0.481414,-0.482898,-0.483944,-0.484542,-0.48468,-0.484349,-0.483536,-0.482232,-0.480425,-0.478104,-0.475258,-0.471875,-0.467946,-0.463459,-0.458405,-0.452773,-0.446556,-0.439745,-0.432334,-0.424315,-0.415684,-0.406439,-0.396576,-0.386096,-0.375,-0.363292,-0.350976,-0.33806,-0.324552,-0.310464,-0.295807,-0.280598,-0.264851,-0.248586,-0.23182,-0.214576,-0.196876,-0.178741,-0.160196,-0.141265,-0.121972,-0.102342,-0.0824011,-0.0621723,-0.0416801,-0.0209484,0
0,-0.0133385,-0.0265647,-0.0396802,-0.0526864,-0.0655839,-0.0783732,-0.091054,-0.103626,-0.116087,-0.128437,-0.140672,-0.152791,-0.164791,-0.176668,-0.188418,-0.200038,-0.211522,-0.222866,-0.234064,-0.245111,-0.256001,-0.266728,-0.277284,-0.287664,-0.29786,-0.307866,-0.317674,-0.327276,-0.336666,-0.345835,-0.354776,-0.36348,-0.371941,-0.380151,-0.3881,-0.395782,-0.403189,-0.410312,-0.417144,-0.423676,-0.429901,-0.435811,-0.441396,-0.446651,-0.451564,-0.45613,-0.460338,-0.464181,-0.46765,-0.470735,-0.473428,-0.475719,-0.477599,-0.479058,-0.480085,-0.480671,-0.480805,-0.480476,-0.479674,-0.478387,-0.476605,-0.474315,-0.471507,-0.46817,-0.464293,-0.459865,-0.454876,-0.449316,-0.443175,-0.436446,-0.429122,-0.421195,-0.41266,-0.403515,-0.393756,-0.383382,-0.372396,-0.360798,-0.348595,-0.335793,-0.322401,-0.308428,-0.293888,-0.278794,-0.263163,-0.247013,-0.230364,-0.213235,-0.195649,-0.177629,-0.159199,-0.140384,-0.121209,-0.101698,-0.0818776,-0.0617728,-0.0414087,-0.0208097,0
0,-0.0133594,-0.0266009,-0.039726,-0.0527358,-0.0656311,-0.0784119,-0.0910781,-0.103629,-0.116063,-0.128379,-0.140576,-0.152649,-0.164598,-0.176418,-0.188105,-0.199657,-0.211068,-0.222333,-0.233448,-0.244407,-0.255205,-0.265836,-0.276293,-0.28657,-0.296661,-0.306558,-0.316256,-0.325746,-0.335023,-0.344077,-0.352903,-0.361493,-0.36984,-0.377935,-0.385772,-0.393343,-0.40064,-0.407656,-0.414384,-0.420815,-0.426943,-0.432758,-0.438254,-0.443423,-0.448257,-0.452747,-0.456885,-0.460663,-0.464073,-0.467106,-0.469752,-0.472003,-0.473849,-0.47528,-0.476287,-0.47686,-0.476987,-0.476659,-0.475864,-0.474592,-0.472831,-0.47057,-0.467797,-0.464503,-0.460674,-0.456301,-0.451374,-0.445881,-0.439814,-0.433164,-0.425924,-0.418086,-0.409645,-0.400597,-0.39094,-0.380671,-0.369792,-0.358304,-0.346213,-0.333525,-0.320247,-0.30639,-0.291966,-0.276989,-0.261475,-0.245441,-0.228908,-0.211895,-0.194425,-0.176521,-0.158207,-0.139508,-0.12045,-0.101058,-0.0813589,-0.0613777,-0.0411405,-0.020673,0
0,-0.0133781,-0.0266331,-0.0397661,-0.0527782,-0.0656699,-0.0784413,-0.0910921,-0.103622,-0.116029,-0.128312,-0.140469,-0.152498,-0.164396,-0.176159,-0.187786,-0.19927,-0.210609,-0.221798,-0.232832,-0.243706,-0.254414,-0.264952,-0.275312,-0.28549,-0.295478,-0.305271,-0.314861,-0.324243,-0.333409,-0.342354,-0.351068,-0.359547,-0.367782,-0.375767,-0.383495,-0.390958,-0.398149,-0.405062,-0.411688,-0.418021,-0.424053,-0.429778,-0.435186,-0.440272,-0.445027,-0.449443,-0.453512,-0.457227,-0.460578,-0.463558,-0.466158,-0.468368,-0.47018,-0.471583,-0.472568,-0.473126,-0.473245,-0.472915,-0.472126,-0.470865,-0.469123,-0.466888,-0.464148,-0.460892,-0.457109,-0.452788,-0.447918,-0.44249,-0.436493,-0.429919,-0.42276,-0.415008,-0.406658,-0.397705,-0.388146,-0.37798,-0.367206,-0.355827,-0.343846,-0.33127,-0.318106,-0.304364,-0.290055,-0.275194,-0.259797,-0.243879,-0.227462,-0.210566,-0.193211,-0.175423,-0.157225,-0.138643,-0.119702,-0.100428,-0.0808484,-0.0609894,-0.0408775,-0.0205391,0
0,-0.013395,-0.0266616,-0.0398011,-0.0528142,-0.0657014,-0.0784626,-0.0910976,-0.103605,-0.115985,-0.128235,-0.140354,-0.152339,-0.164187,-0.175896,-0.187462,-0.198882,-0.210151,-0.221265,-0.232221,-0.243012,-0.253633,-0.26408,-0.274347,-0.284428,-0.294318,-0.304009,-0.313497,-0.322774,-0.331834,-0.340671,-0.349279,-0.35765,-0.365778,-0.373656,-0.381279,-0.388637,-0.395727,-0.402539,-0.409067,-0.415305,-0.421246,-0.426881,-0.432205,-0.43721,-0.441888,-0.446232,-0.450234,-0.453886,-0.45718,-0.460108,-0.462662,-0.464831,-0.466608,-0.467983,-0.468946,-0.469488,-0.469597,-0.469264,-0.468477,-0.467227,-0.465501,-0.463288,-0.460577,-0.457357,-0.453617,-0.449344,-0.44453,-0.439162,-0.433232,-0.42673,-0.419648,-0.411979,-0.403717,-0.394856,-0.385393,-0.375326,-0.364655,-0.353382,-0.34151,-0.329044,-0.315992,-0.302363,-0.288169,-0.273423,-0.25814,-0.242339,-0.226037,-0.209256,-0.192017,-0.174344,-0.156261,-0.137794,-0.118968,-0.0998112,-0.0803495,-0.0606105,-0.0406212,-0.0204088,0
0,-0.01341,-0.0266868,-0.0398314,-0.0528445,-0.0657263,-0.0784768,-0.0910956,-0.103582,-0.115935,-0.128152,-0.140233,-0.152175,-0.163975,-0.17563,-0.187138,-0.198495,-0.209696,-0.220739,-0.231618,-0.242329,-0.252867,-0.263227,-0.273404,-0.283393,-0.293187,-0.302781,-0.312169,-0.321345,-0.330304,-0.339038,-0.347542,-0.35581,-0.363836,-0.371612,-0.379133,-0.386391,-0.393382,-0.400098,-0.406532,-0.412679,-0.418531,-0.424081,-0.429323,-0.434249,-0.438853,-0.443127,-0.447064,-0.450655,-0.453894,-0.456771,-0.459279,-0.461409,-0.463151,-0.464497,-0.465437,-0.465961,-0.46606,-0.465722,-0.464937,-0.463694,-0.461981,-0.459789,-0.457105,-0.453918,-0.450216,-0.445989,-0.441226,-0.435916,-0.430049,-0.423616,-0.416608,-0.409018,-0.400839,-0.392067,-0.382696,-0.372726,-0.362155,-0.350985,-0.339218,-0.32686,-0.313918,-0.300401,-0.286319,-0.271686,-0.256517,-0.24083,-0.224642,-0.207974,-0.190849,-0.173289,-0.15532,-0.136966,-0.118254,-0.0992118,-0.0798656,-0.0602435,-0.0403734,-0.0202831,0
0,-0.0134234,-0.0267089,-0.0398575,-0.0528697,-0.0657455,-0.0784849,-0.0910874,-0.103552,-0.115878,-0.128064,-0.140108,-0.152008,-0.163761,-0.175365,-0.186816,-0.198112,-0.209249,-0.220222,-0.231028,-0.241663,-0.252121,-0.262397,-0.272488,-0.282387,-0.29209,-0.301591,-0.310884,-0.319964,-0.328825,-0.337462,-0.345867,-0.354037,-0.361963,-0.369642,-0.377066,-0.384229,-0.391126,-0.397749,-0.404093,-0.410152,-0.415919,-0.421388,-0.426551,-0.431402,-0.435935,-0.440141,-0.444015,-0.447548,-0.450732,-0.45356,-0.456024,-0.458114,-0.459822,-0.46114,-0.462057,-0.462563,-0.46265,-0.462306,-0.461521,-0.460283,-0.458583,-0.456409,-0.453749,-0.450592,-0.446926,-0.442741,-0.438026,-0.432769,-0.426962,-0.420594,-0.413656,-0.406141,-0.398043,-0.389355,-0.380074,-0.370196,-0.359722,-0.348651,-0.336987,-0.324734,-0.311899,-0.29849,-0.284518,-0.269995,-0.254938,-0.239362,-0.223286,-0.20673,-0.189716,-0.172267,-0.154409,-0.136166,-0.117565,-0.0986337,-0.0793995,-0.0598907,-0.0401356,-0.0201626,0
0,-0.0134353,-0.0267284,-0.03988,-0.0528905,-0.0657599,-0.078488,-0.0910743,-0.103518,-0.115818,-0.127973,-0.139981,-0.15184,-0.163549,-0.175103,-0.1865,-0.197738,-0.208812,-0.21972,-0.230456,-0.241017,-0.251398,-0.261595,-0.271604,-0.281418,-0.291034,-0.300446,-0.309649,-0.318637,-0.327406,-0.335949,-0.344261,-0.352336,-0.36017,-0.367755,-0.375087,-0.382159,-0.388966,-0.395502,-0.40176,-0.407736,-0.413422,-0.418812,-0.4239,-0.42868,-0.433144,-0.437287,-0.4411,-0.444576,-0.447708,-0.450489,-0.452909,-0.454961,-0.456637,-0.457926,-0.45882,-0.459309,-0.459383,-0.459032,-0.458245,-0.457012,-0.455322,-0.453164,-0.450525,-0.447395,-0.443763,-0.439617,-0.434946,-0.42974,-0.423988,-0.417681,-0.41081,-0.403366,-0.395344,-0.386737,-0.377541,-0.367752,-0.35737,-0.346395,-0.33483,-0.322678,-0.309946,-0.296642,-0.282776,-0.268362,-0.253412,-0.237945,-0.221977,-0.20553,-0.188624,-0.171284,-0.153533,-0.135398,-0.116905,-0.0980807,-0.0789544,-0.0595543,-0.0399093,-0.0200482,0
0,-0.0134459,-0.0267455,-0.0398994,-0.0529076,-0.0657702,-0.078487,-0.0910574,-0.103481,-0.115755,-0.127881,-0.139854,-0.151675,-0.16334,-0.174847,-0.186193,-0.197375,-0.20839,-0.219234,-0.229904,-0.240395,-0.250704,-0.260826,-0.270756,-0.280491,-0.290024,-0.299352,-0.30847,-0.317371,-0.326052,-0.334506,-0.34273,-0.350716,-0.358461,-0.365959,-0.373203,-0.380189,-0.386912,-0.393365,-0.399542,-0.405438,-0.411048,-0.416364,-0.421382,-0.426093,-0.430493,-0.434574,-0.438329,-0.441752,-0.444835,-0.44757,-0.449949,-0.451964,-0.453607,-0.454869,-0.45574,-0.456211,-0.456273,-0.455914,-0.455126,-0.453896,-0.452214,-0.450069,-0.44745,-0.444345,-0.440743,-0.436633,-0.432003,-0.426843,-0.421144,-0.414894,-0.408085,-0.400709,-0.392758,-0.384228,-0.375112,-0.365408,-0.355114,-0.344231,-0.33276,-0.320705,-0.308072,-0.294869,-0.281106,-0.266795,-0.25195,-0.236587,-0.220725,-0.204382,-0.187582,-0.170346,-0.152699,-0.134667,-0.116277,-0.097556,-0.0785329,-0.0592364,-0.0396958,-0.0199405,0
0,-0.0134554,-0.0267606,-0.039916,-0.0529216,-0.0657774,-0.0784829,-0.0910378,-0.103441,-0.115692,-0.127788,-0.139729,-0.151513,-0.163137,-0.174599,-0.185896,-0.197026,-0.207985,-0.21877,-0.229377,-0.239803,-0.250043,-0.260094,-0.269951,-0.279609,-0.289065,-0.298314,-0.307351,-0.316171,-0.324769,-0.333141,-0.341281,-0.349184,-0.356846,-0.364261,-0.371423,-0.378329,-0.384971,-0.391346,-0.397447,-0.40327,-0.408807,-0.414054,-0.419004,-0.423652,-0.427991,-0.432014,-0.435715,-0.439087,-0.442123,-0.444814,-0.447154,-0.449135,-0.450747,-0.451982,-0.452831,-0.453285,-0.453334,-0.452967,-0.452176,-0.450948,-0.449273,-0.44714,-0.444538,-0.441455,-0.437881,-0.433803,-0.429212,-0.424095,-0.418444,-0.412247,-0.405496,-0.398183,-0.3903,-0.381841,-0.372802,-0.363178,-0.352968,-0.342171,-0.33079,-0.318827,-0.306289,-0.293182,-0.279517,-0.265305,-0.25056,-0.235298,-0.219536,-0.203294,-0.186594,-0.169458,-0.15191,-0.133977,-0.115686,-0.0970628,-0.0781375,-0.0589388,-0.0394964,-0.0198401,0
0,-0.0134639,-0.026774,-0.0399304,-0.0529331,-0.065782,-0.0784767,-0.0910166,-0.103401,-0.115629,-0.127698,-0.139608,-0.151357,-0.162942,-0.174362,-0.185613,-0.196694,-0.2076,-0.218329,-0.228878,-0.239242,-0.249418,-0.259402,-0.269191,-0.278779,-0.288162,-0.297337,-0.306299,-0.315043,-0.323564,-0.331858,-0.33992,-0.347746,-0.35533,-0.362668,-0.369754,-0.376584,-0.383153,-0.389455,-0.395485,-0.401238,-0.406708,-0.41189,-0.416778,-0.421366,-0.425647,-0.429617,-0.433267,-0.436591,-0.439583,-0.442234,-0.444537,-0.446484,-0.448067,-0.449277,-0.450105,-0.450542,-0.450578,-0.450204,-0.449408,-0.448181,-0.446512,-0.44439,-0.441803,-0.43874,-0.435191,-0.431143,-0.426586,-0.42151,-0.415902,-0.409755,-0.403058,-0.395803,-0.387983,-0.379592,-0.370623,-0.361074,-0.350943,-0.340228,-0.328931,-0.317056,-0.304607,-0.291592,-0.278019,-0.263902,-0.249252,-0.234085,-0.218418,-0.202272,-0.185667,-0.168626,-0.151173,-0.133333,-0.115135,-0.096604,-0.0777704,-0.0586632,-0.0393122,-0.0197476,0
0,-0.0134716,-0.0267859,-0.0399429,-0.0529426,-0.0657848,-0.078469,-0.0909947,-0.103361,-0.115567,-0.127611,-0.139492,-0.151209,-0.162758,-0.174138,-0.185347,-0.196381,-0.207239,-0.217916,-0.22841,-0.238717,-0.248833,-0.258756,-0.268481,-0.278003,-0.28732,-0.296426,-0.305318,-0.313992,-0.322442,-0.330664,-0.338654,-0.346408,-0.35392,-0.361187,-0.368202,-0.374963,-0.381463,-0.387697,-0.393662,-0.39935,-0.404759,-0.40988,-0.41471,-0.419243,-0.423472,-0.427391,-0.430994,-0.434274,-0.437224,-0.439838,-0.442106,-0.444022,-0.445578,-0.446764,-0.447572,-0.447993,-0.448017,-0.447635,-0.446836,-0.445609,-0.443945,-0.441831,-0.439258,-0.436213,-0.432686,-0.428665,-0.42414,-0.419099,-0.413533,-0.407431,-0.400783,-0.393582,-0.385821,-0.377491,-0.368589,-0.359109,-0.349051,-0.338412,-0.327195,-0.315401,-0.303036,-0.290106,-0.276621,-0.262592,-0.248031,-0.232954,-0.217378,-0.201322,-0.184807,-0.167855,-0.15049,-0.132738,-0.114626,-0.096182,-0.0774337,-0.0584111,-0.0391442,-0.0196636,0
0,-0.0134785,-0.0267965,-0.0399539,-0.0529507,-0.0657864,-0.0784608,-0.0909732,-0.103323,-0.115508,-0.127529,-0.139383,-0.151069,-0.162585,-0.173929,-0.185098,-0.19609,-0.206903,-0.217532,-0.227976,-0.23823,-0.248292,-0.258158,-0.267825,-0.277287,-0.286542,-0.295586,-0.304414,-0.313022,-0.321407,-0.329564,-0.337488,-0.345176,-0.352623,-0.359824,-0.366775,-0.373471,-0.379908,-0.386081,-0.391985,-0.397615,-0.402967,-0.408033,-0.41281,-0.417292,-0.421473,-0.425346,-0.428905,-0.432145,-0.435057,-0.437636,-0.439873,-0.44176,-0.44329,-0.444454,-0.445244,-0.44565,-0.445662,-0.445272,-0.444469,-0.443242,-0.441581,-0.439476,-0.436914,-0.433885,-0.430378,-0.426381,-0.421885,-0.416877,-0.411347,-0.405286,-0.398684,-0.391532,-0.383823,-0.375551,-0.366709,-0.357294,-0.347303,-0.336735,-0.32559,-0.313872,-0.301585,-0.288735,-0.275331,-0.261384,-0.246907,-0.231913,-0.216421,-0.200449,-0.184017,-0.167148,-0.149866,-0.132195,-0.114164,-0.0957989,-0.0771289,-0.0581836,-0.0389932,-0.0195883,0
0,-0.0134849,-0.0268062,-0.0399639,-0.0529577,-0.0657874,-0.0784526,-0.0909526,-0.103287,-0.115454,-0.127453,-0.139283,-0.150941,-0.162426,-0.173737,-0.18487,-0.195824,-0.206595,-0.217181,-0.227579,-0.237786,-0.247799,-0.257613,-0.267226,-0.276634,-0.285833,-0.29482,-0.30359,-0.31214,-0.320466,-0.328563,-0.336427,-0.344055,-0.351442,-0.358584,-0.365477,-0.372115,-0.378496,-0.384613,-0.390462,-0.396039,-0.401339,-0.406356,-0.411085,-0.415521,-0.419657,-0.423489,-0.427009,-0.430212,-0.43309,-0.435637,-0.437845,-0.439706,-0.441213,-0.442357,-0.443129,-0.443521,-0.443523,-0.443125,-0.442318,-0.441091,-0.439433,-0.437333,-0.434782,-0.431767,-0.428278,-0.424303,-0.419831,-0.414852,-0.409356,-0.403332,-0.39677,-0.389663,-0.382003,-0.373782,-0.364995,-0.355638,-0.345709,-0.335205,-0.324127,-0.312478,-0.300262,-0.287486,-0.274156,-0.260285,-0.245884,-0.230968,-0.215553,-0.199657,-0.183303,-0.16651,-0.149303,-0.131707,-0.113749,-0.0954564,-0.0768574,-0.0579818,-0.0388598,-0.0195221,0
0,-0.0134907,-0.026815,-0.0399729,-0.052964,-0.0657882,-0.078445,-0.0909338,-0.103254,-0.115404,-0.127384,-0.139191,-0.150825,-0.162283,-0.173563,-0.184664,-0.195583,-0.206318,-0.216865,-0.227222,-0.237387,-0.247354,-0.257123,-0.266688,-0.276048,-0.285197,-0.294133,-0.302851,-0.311349,-0.319621,-0.327665,-0.335477,-0.343051,-0.350385,-0.357475,-0.364315,-0.370902,-0.377231,-0.383299,-0.389099,-0.394629,-0.399883,-0.404855,-0.409541,-0.413936,-0.418033,-0.421828,-0.425313,-0.428483,-0.43133,-0.433849,-0.43603,-0.437868,-0.439354,-0.44048,-0.441237,-0.441616,-0.441608,-0.441204,-0.440393,-0.439164,-0.437509,-0.435415,-0.432872,-0.429869,-0.426395,-0.422439,-0.41799,-0.413037,-0.40757,-0.401578,-0.395053,-0.387986,-0.380368,-0.372193,-0.363456,-0.354152,-0.344277,-0.333831,-0.322814,-0.311227,-0.299076,-0.286365,-0.273103,-0.2593,-0.244969,-0.230122,-0.214777,-0.198952,-0.182667,-0.165943,-0.148804,-0.131276,-0.113384,-0.0951557,-0.0766201,-0.0578062,-0.0387443,-0.0194652,0
0,-0.0134961,-0.0268232,-0.0399812,-0.05297,-0.0657892,-0.0784385,-0.0909173,-0.103225,-0.11536,-0.127323,-0.13911,-0.150722,-0.162156,-0.17341,-0.184483,-0.195371,-0.206073,-0.216586,-0.226908,-0.237034,-0.246963,-0.256691,-0.266215,-0.275531,-0.284637,-0.293528,-0.302201,-0.310653,-0.318879,-0.326876,-0.334641,-0.342169,-0.349456,-0.356499,-0.363293,-0.369835,-0.37612,-0.382144,-0.387902,-0.39339,-0.398604,-0.403537,-0.408186,-0.412545,-0.416608,-0.420369,-0.423824,-0.426965,-0.429785,-0.432279,-0.434438,-0.436255,-0.437723,-0.438833,-0.439576,-0.439944,-0.439927,-0.439516,-0.438701,-0.437472,-0.435818,-0.433729,-0.431193,-0.428201,-0.42474,-0.4208,-0.41637,-0.41144,-0.405998,-0.400035,-0.393541,-0.386508,-0.378929,-0.370795,-0.362101,-0.352842,-0.343016,-0.332621,-0.321657,-0.310126,-0.298032,-0.28538,-0.272178,-0.258436,-0.244166,-0.229381,-0.214099,-0.198336,-0.182112,-0.16545,-0.148372,-0.130903,-0.113069,-0.0948978,-0.0764175,-0.0576572,-0.0386471,-0.0194176,0
0,-0.0135011,-0.0268308,-0.039989,-0.0529757,-0.0657906,-0.0784334,-0.0909035,-0.1032,-0.115323,-0.12727,-0.139041,-0.150633,-0.162047,-0.173278,-0.184326,-0.195189,-0.205863,-0.216347,-0.226637,-0.236731,-0.246627,-0.25632,-0.265808,-0.275088,-0.284156,-0.293009,-0.301643,-0.310055,-0.318242,-0.326199,-0.333924,-0.341412,-0.348659,-0.355663,-0.362418,-0.368921,-0.375168,-0.381154,-0.386876,-0.392329,-0.397508,-0.402408,-0.407025,-0.411353,-0.415386,-0.41912,-0.422548,-0.425664,-0.428462,-0.430934,-0.433074,-0.434873,-0.436325,-0.437421,-0.438153,-0.438511,-0.438486,-0.43807,-0.437251,-0.436021,-0.434369,-0.432283,-0.429754,-0.42677,-0.42332,-0.419394,-0.41498,-0.410069,-0.404649,-0.39871,-0.392243,-0.38524,-0.377692,-0.369593,-0.360937,-0.351718,-0.341934,-0.331583,-0.320665,-0.309182,-0.297136,-0.284535,-0.271385,-0.257696,-0.243479,-0.228749,-0.21352,-0.197811,-0.181641,-0.165032,-0.148006,-0.130589,-0.112805,-0.0946829,-0.0762498,-0.0575349,-0.038568,-0.0193794,0
0,-0.0135057,-0.0268377,-0.0399963,-0.0529813,-0.0657926,-0.0784298,-0.0908926,-0.10318,-0.115292,-0.127227,-0.138983,-0.15056,-0.161956,-0.173169,-0.184197,-0.195037,-0.205688,-0.216148,-0.226413,-0.23648,-0.246348,-0.256012,-0.265471,-0.27472,-0.283757,-0.292578,-0.30118,-0.30956,-0.317714,-0.325638,-0.33333,-0.340785,-0.347999,-0.35497,-0.361693,-0.368164,-0.374379,-0.380335,-0.386027,-0.39145,-0.3966,-0.401473,-0.406063,-0.410366,-0.414375,-0.418086,-0.421493,-0.424588,-0.427367,-0.429821,-0.431945,-0.43373,-0.435169,-0.436253,-0.436974,-0.437324,-0.437294,-0.436872,-0.436051,-0.43482,-0.433168,-0.431086,-0.428561,-0.425584,-0.422144,-0.418229,-0.413828,-0.408932,-0.40353,-0.397611,-0.391167,-0.384188,-0.376667,-0.368597,-0.359971,-0.350785,-0.341036,-0.330722,-0.319842,-0.308399,-0.296395,-0.283836,-0.270729,-0.257084,-0.242912,-0.228227,-0.213044,-0.19738,-0.181256,-0.164691,-0.147709,-0.130334,-0.112593,-0.0945107,-0.0761165,-0.0574386,-0.0385065,-0.0193502,0
0,-0.0135098,-0.026844,-0.0400029,-0.0529866,-0.065795,-0.0784279,-0.0908848,-0.103165,-0.115268,-0.127193,-0.138939,-0.150503,-0.161885,-0.173083,-0.184095,-0.194918,-0.205551,-0.215991,-0.226236,-0.236283,-0.246128,-0.25577,-0.265206,-0.274431,-0.283443,-0.29224,-0.300816,-0.309171,-0.317298,-0.325197,-0.332862,-0.340291,-0.34748,-0.354425,-0.361122,-0.367568,-0.373759,-0.37969,-0.385358,-0.390759,-0.395887,-0.400738,-0.405307,-0.40959,-0.413581,-0.417273,-0.420663,-0.423742,-0.426506,-0.428946,-0.431057,-0.432831,-0.434259,-0.435334,-0.436048,-0.436392,-0.436356,-0.435931,-0.435107,-0.433875,-0.432224,-0.430144,-0.427623,-0.424651,-0.421218,-0.417311,-0.412922,-0.408038,-0.402649,-0.396746,-0.390319,-0.38336,-0.37586,-0.367812,-0.35921,-0.350051,-0.340329,-0.330044,-0.319195,-0.307783,-0.295812,-0.283287,-0.270215,-0.256605,-0.242469,-0.227819,-0.212672,-0.197045,-0.180956,-0.164427,-0.14748,-0.130139,-0.11243,-0.0943804,-0.0760166,-0.0573674,-0.038462,-0.0193296,0
0,-0.0135133,-0.0268493,-0.0400085,-0.0529912,-0.0657975,-0.0784272,-0.09088,-0.103155,-0.115252,-0.12717,-0.138907,-0.150462,-0.161834,-0.173021,-0.184022,-0.194833,-0.205452,-0.215879,-0.226109,-0.23614,-0.24597,-0.255596,-0.265014,-0.274222,-0.283217,-0.291995,-0.300554,-0.308889,-0.316998,-0.324878,-0.332525,-0.339935,-0.347105,-0.354031,-0.36071,-0.367138,-0.373311,-0.379225,-0.384876,-0.39026,-0.395372,-0.400207,-0.404762,-0.40903,-0.413007,-0.416687,-0.420063,-0.423132,-0.425884,-0.428315,-0.430416,-0.432182,-0.433603,-0.434671,-0.43538,-0.435718,-0.435679,-0.435251,-0.434426,-0.433193,-0.431542,-0.429463,-0.426945,-0.423978,-0.420549,-0.416649,-0.412266,-0.407391,-0.402012,-0.396121,-0.389706,-0.382761,-0.375276,-0.367245,-0.358661,-0.34952,-0.339819,-0.329554,-0.318727,-0.307338,-0.295391,-0.282891,-0.269844,-0.25626,-0.24215,-0.227527,-0.212406,-0.196805,-0.180742,-0.164239,-0.147317,-0.130002,-0.112317,-0.0942903,-0.0759484,-0.0573198,-0.038433,-0.0193168,0
0,-0.0135159,-0.0268532,-0.0400127,-0.0529948,-0.0657998,-0.0784275,-0.0908776,-0.10315,-0.115243,-0.127156,-0.138888,-0.150438,-0.161804,-0.172984,-0.183977,-0.194781,-0.205393,-0.215811,-0.226032,-0.236054,-0.245874,-0.25549,-0.264898,-0.274096,-0.28308,-0.291847,-0.300394,-0.308719,-0.316817,-0.324685,-0.33232,-0.339719,-0.346877,-0.353793,-0.36046,-0.366877,-0.37304,-0.378943,-0.384584,-0.389957,-0.39506,-0.399886,-0.404431,-0.408691,-0.412659,-0.416331,-0.419701,-0.422762,-0.425508,-0.427933,-0.430029,-0.431789,-0.433205,-0.43427,-0.434975,-0.435311,-0.435269,-0.43484,-0.434013,-0.43278,-0.43113,-0.429052,-0.426535,-0.423569,-0.420144,-0.416247,-0.411869,-0.406999,-0.401627,-0.395742,-0.389335,-0.382398,-0.374922,-0.366901,-0.358328,-0.349198,-0.339509,-0.329258,-0.318444,-0.307069,-0.295137,-0.282651,-0.26962,-0.256052,-0.241957,-0.227351,-0.212246,-0.196661,-0.180615,-0.164127,-0.147221,-0.129921,-0.112251,-0.094238,-0.0759095,-0.0572932,-0.0384174,-0.0193104,0
0,-0.0135172,-0.026855,-0.0400146,-0.0529965,-0.0658011,-0.0784281,-0.0908773,-0.103148,-0.11524,-0.127152,-0.138882,-0.15043,-0.161794,-0.172972,-0.183963,-0.194764,-0.205373,-0.215788,-0.226006,-0.236025,-0.245842,-0.255455,-0.264859,-0.274053,-0.283034,-0.291797,-0.300341,-0.308662,-0.316756,-0.32462,-0.332252,-0.339646,-0.346801,-0.353713,-0.360377,-0.36679,-0.372949,-0.378849,-0.384486,-0.389856,-0.394955,-0.399778,-0.40432,-0.408577,-0.412543,-0.416212,-0.419579,-0.422638,-0.425382,-0.427805,-0.429899,-0.431657,-0.433072,-0.434136,-0.43484,-0.435175,-0.435132,-0.434702,-0.433875,-0.432642,-0.430992,-0.428914,-0.426398,-0.423433,-0.420008,-0.416113,-0.411737,-0.406868,-0.401498,-0.395615,-0.389211,-0.382276,-0.374804,-0.366786,-0.358216,-0.349091,-0.339405,-0.329158,-0.318349,-0.306979,-0.295051,-0.282571,-0.269545,-0.255982,-0.241893,-0.227291,-0.212192,-0.196613,-0.180572,-0.164089,-0.147189,-0.129893,-0.112228,-0.0942203,-0.0758962,-0.057284,-0.0384119,-0.019308,0
